id,name,city,state,image_url,local_path,source
c74def98-4d46-45cd-83db-eebd87f5d3e4,1 Mission Outdoors Archery,Killeen,Texas,https://th.bing.com/th/id/OIP.MHnRT4G3ln8PyKmvZIkiKwHaHa?w=171&h=180&c=7&r=0&o=7&pid=1.7&rm=3,state-range-photos\texas\1 Mission Outdoors Archery (Killeen).jpg,image_search
7f1faa5b-9954-4885-91a1-606c871f4c13,12-Ring Archery Lanes,,Wisconsin,https://th.bing.com/th/id/OIP.myqeg13E6ebd7sFBiaGnCgHaHa?w=172&h=180&c=7&r=0&o=7&pid=1.7&rm=3,state-range-photos\wisconsin\12-Ring Archery Lanes (unknown).jpg,image_search
a1678864-e549-4f37-ba9d-effaf971f8b0,4 Season's Archery,Opelousas,Louisiana,https://thfvnext.bing.com/th/id/OIP.nW97FrP4LSJSon4EDVGMTgHaGG?w=196&h=180&c=7&r=0&o=7&cb=thfvnextfalcon4&pid=1.7&rm=3,state-range-photos\louisiana\4 Seasons Archery (Opelousas).jpg,image_search
b6667471-a85e-437a-93e9-1266fd11f260,540-270-2381,Monterey,Virginia,https://th.bing.com/th/id/OIP.VB_fT0J9dkzVkiUbGKFEGQHaE7?w=263&h=180&c=7&r=0&o=7&pid=1.7&rm=3,state-range-photos\virginia\540-270-2381 (Monterey).jpg,image_search
af02ba90-621d-4137-bcc6-2709fa17f867,ACE Archery,SOCIAL CIRCLE,Georgia,https://th.bing.com/th/id/OIP.XJ3hl8Mz1wcJgTKrdnQgdwHaHa?w=162&h=180&c=7&r=0&o=7&pid=1.7&rm=3,state-range-photos\georgia\ACE Archery (SOCIAL CIRCLE).jpg,image_search
e23b6c86-5c0e-4550-9c79-0dcc0e3bb6c8,Addiction Archery,Kansas City,Missouri,https://thfvnext.bing.com/th/id/OIP.--zMXR24JJWrGNC8Xqw8BAHaEK?w=282&h=180&c=7&r=0&o=7&cb=thfvnextfalcon4&pid=1.7&rm=3,state-range-photos\missouri\Addiction Archery (Kansas City).jpg,image_search
be9f1b15-ba8b-47ff-b437-1ec3916b4c96,Addictive Archery,Gervais,Oregon,https://th.bing.com/th/id/OIP.7RUeeATxx_eBoEWsKsMsAAHaHa?w=160&h=180&c=7&r=0&o=7&pid=1.7&rm=3,state-range-photos\oregon\Addictive Archery (Gervais).jpg,image_search
90f08c54-d1e2-4b11-b02b-f90c2b9abdb0,Adventure Outdoors,Smyrna,Georgia,https://th.bing.com/th/id/OIP.sCdSBivsvDH-AtrM9Lfh8QHaDY?w=344&h=159&c=7&r=0&o=7&pid=1.7&rm=3,state-range-photos\georgia\Adventure Outdoors (Smyrna).jpg,image_search
9f1b0df2-e646-498c-abf8-901b344910a2,Allen Archery,Allen,Oklahoma,https://th.bing.com/th/id/OIP.42ivPnFseSF5PCE8UMG46wHaFt?w=219&h=180&c=7&r=0&o=7&pid=1.7&rm=3,state-range-photos\oklahoma\Allen Archery (Allen).jpg,image_search
65abfed6-4596-4e67-8254-8fd2563f8325,Alma Rod & Gun Club,Alma,Wisconsin,https://thfvnext.bing.com/th/id/OIP._vPM2IhP19t2Da9KqFtWUgHaEK?w=287&h=180&c=7&r=0&o=7&cb=thfvnextfalcon4&pid=1.7&rm=3,state-range-photos\wisconsin\Alma Rod  Gun Club (Alma).jpg,image_search
a33e19f7-5b67-4f02-8cac-0bcfb78f892c,Alpine Archery and Fly,La Grande,Oregon,https://thfvnext.bing.com/th/id/OIP.Xj5UAsU9Fx6RWT_p0tX9gAAAAA?w=165&h=180&c=7&r=0&o=7&cb=thfvnextfalcon4&pid=1.7&rm=3,state-range-photos\oregon\Alpine Archery and Fly (La Grande).jpg,image_search
6fb86a2a-9ca7-4372-a46f-5c8479158c18,American Outdoors Company,Covington,Louisiana,https://th.bing.com/th/id/OIP.Dq1_vT_qsWidpl_gKcmceAHaIk?w=170&h=196&c=7&r=0&o=7&pid=1.7&rm=3,state-range-photos\louisiana\American Outdoors Company (Covington).jpg,image_search
ff46a64d-b0e5-4747-92f7-23fd62df93af,Ani Kawi Bowhunters,Lawrenceburg,Tennessee,https://thf.bing.com/th/id/OIP.xkUvUvJyBuhjHc9_3JJolgHaFZ?w=238&h=180&c=7&r=0&o=7&cb=thfc1falcon4&pid=1.7&rm=3,state-range-photos\tennessee\Ani Kawi Bowhunters (Lawrenceburg).jpg,image_search
2423c8b9-cc99-4e50-aa70-6e07d2032ae7,Apache Bow Hunters Inc,Globe,Arizona,https://th.bing.com/th/id/OIP.YHg55HIn2PbVIQxAP3277AHaHb?w=191&h=192&c=7&r=0&o=7&pid=1.7&rm=3,state-range-photos\arizona\Apache Bow Hunters Inc (Globe).jpg,image_search
2079d363-812b-4762-b7da-c2ff27eda5ed,Apache Bowhunters,Lockbourne,Ohio,https://th.bing.com/th/id/OIP.eAKw5kRBRqBSdQiuzCSadQHaDi?w=343&h=167&c=7&r=0&o=7&pid=1.7&rm=3,state-range-photos\ohio\Apache Bowhunters (Lockbourne).jpg,image_search
965b4492-c5b4-43a4-8426-b1c59ecb78e9,APG Bowmen Club,Aberdeen,Maryland,https://thfvnext.bing.com/th/id/OIP.8IYr_pyuSQWd-L-vvwo8yQHaFj?w=246&h=184&c=7&r=0&o=7&cb=thfvnextfalcon4&pid=1.7&rm=3,state-range-photos\maryland\APG Bowmen Club (Aberdeen).jpg,image_search
170ecbc5-4a14-4856-a714-4f7fba53cc36,Appalachian Archers,Marion,North Carolina,https://thf.bing.com/th/id/OIP.3gyI_dt8pOif2daCRWrG4QHaE7?w=298&h=199&c=7&r=0&o=7&cb=thfc1falcon4&pid=1.7&rm=3,state-range-photos\north-carolina\Appalachian Archers (Marion).jpg,image_search
ce90d8c3-1ff7-46bb-9816-79bb4b807c97,"Appomattox River Archery, LLC",Church Road,Virginia,https://tse1.mm.bing.net/th?&id=OVP.saoCnVgISZ6wPyYRV5i3mAHgFo&w=307&h=180&c=7&pid=2.1&rs=1,state-range-photos\virginia\Appomattox River Archery LLC (Church Road).jpg,image_search
5b157b54-0d38-4198-b311-3fbcbe6e306b,APX,Wilmington,Ohio,https://thf.bing.com/th/id/OIP.UgOx24JerBnovFAl1FUuRAHaHa?w=187&h=187&c=7&r=0&o=7&cb=thfc1falcon4&pid=1.7&rm=3,state-range-photos\ohio\APX (Wilmington).jpg,image_search
0b9747f8-e21e-49c3-8b56-57d9cc97d294,Archer's Alley,Colorado Springs,Colorado,https://th.bing.com/th/id/OIP.zR5vQapdGhJ6b9jpWHqT3QHaEZ?w=316&h=187&c=7&r=0&o=7&pid=1.7&rm=3,state-range-photos\colorado\Archers Alley (Colorado Springs).jpg,image_search
95bd8d28-249c-46c5-bde7-e3685a9cbf1b,Archers Afield,PORTLAND,Oregon,https://th.bing.com/th/id/OIP.Jx8dDWR63dUlHJ1FChKbjgAAAA?w=173&h=180&c=7&r=0&o=7&pid=1.7&rm=3,state-range-photos\oregon\Archers Afield (PORTLAND).jpg,image_search
3b74d924-c436-41e1-82a3-9ff15171ca8f,Archers For Christ,Paris,Texas,https://th.bing.com/th/id/OIP.xmysLFDs12RUaTiI7S269AHaHa?w=187&h=187&c=7&r=0&o=7&pid=1.7&rm=3,state-range-photos\texas\Archers For Christ (Paris).jpg,image_search
6893669b-b2b7-436e-abd7-537b19943a5d,Archers Haven LLC,Newport,Vermont,https://th.bing.com/th/id/OIP.TZ64owIl3YWI1l4bGK_cKQHaEU?w=315&h=183&c=7&r=0&o=7&pid=1.7&rm=3,state-range-photos\vermont\Archers Haven LLC (Newport).jpg,image_search
c3e9fdd7-d20d-46f1-aa00-bfc5a4c460ab,Archery Battles San Antonio,San Antonio,Texas,https://th.bing.com/th/id/OIP.fy6vdOz6VgWmbV4HbVxRAgHaE8?w=202&h=180&c=7&r=0&o=7&pid=1.7&rm=3,state-range-photos\texas\Archery Battles San Antonio (San Antonio).jpg,image_search
98850897-1be2-4ff2-b9e0-4a78595df23a,Archery Connection,Middleburgh,New York,https://thf.bing.com/th/id/OIP.qY3VzNWvTXztQxrdNC1iKwHaGx?w=186&h=180&c=7&r=0&o=7&cb=thfc1falcon4&pid=1.7&rm=3,state-range-photos\new-york\Archery Connection (Middleburgh).jpg,image_search
6b344de9-8169-48a6-a9bc-b8eac1dd46fb,Archery Country MN,Rogers,Minnesota,https://th.bing.com/th/id/OIP.-0GsyS3IY3DjJYdhJIMe6QHaEm?w=255&h=180&c=7&r=0&o=7&pid=1.7&rm=3,state-range-photos\minnesota\Archery Country MN (Rogers).jpg,image_search
6636f20b-4729-41da-85a0-e0efce2a518d,Archery Excellence Indoor Archery Range,Independence,Missouri,https://thf.bing.com/th/id/OIP.hfxmW7SALCN0QOO9EhOBZwHaFj?w=228&h=180&c=7&r=0&o=7&cb=thfc1falcon4&pid=1.7&rm=3,state-range-photos\missouri\Archery Excellence Indoor Archery Range (Independence).jpg,image_search
9922bec9-5cf8-40f1-b153-95a47a490306,Archery Paradise,Iowa City,Iowa,https://th.bing.com/th/id/OIP.3DO5WJGtBXLZZexLRAsuCQHaFu?w=230&h=180&c=7&r=0&o=7&pid=1.7&rm=3,state-range-photos\iowa\Archery Paradise (Iowa City).jpg,image_search
3c9ee2e3-0496-4f59-ab2c-ca7b03ad11a4,Archery Solutions LLC,HASTINGS,Nebraska,https://thfvnext.bing.com/th/id/OIP.00Jpg8204HkJFaO6KXhaJAHaHZ?w=184&h=182&c=7&r=0&o=7&cb=thfvnextfalcon4&pid=1.7&rm=3,state-range-photos\nebraska\Archery Solutions LLC (HASTINGS).jpg,image_search
446a8afe-b82f-4d39-9fd6-7277de12a403,Archery Tag Adventures,Seminole,Florida,https://th.bing.com/th/id/OIP.5ULNbSfuLZs_HzSBI3p--AHaE8?w=255&h=180&c=7&r=0&o=7&pid=1.7&rm=3,state-range-photos\florida\Archery Tag Adventures (Seminole).jpg,image_search
c6f09f82-9888-4faf-9af5-63f90bbad453,Archery Unlimited Prattville,Prattville,Alabama,https://thfvnext.bing.com/th/id/OIP.gJIRPiibUFYjCkGvPpASSwHaDc?w=345&h=162&c=7&r=0&o=7&cb=thfvnextfalcon4&pid=1.7&rm=3,state-range-photos\alabama\Archery Unlimited Prattville (Prattville).jpg,image_search
e2cb2169-d13c-4f10-a9e3-a636946e70f0,Archery World - Battle Ground,Battle Ground,Washington,https://th.bing.com/th/id/OIP.Hwoo-PBkQpYLR4go9FxQaQHaE8?w=270&h=180&c=7&r=0&o=7&pid=1.7&rm=3,state-range-photos\washington\Archery World - Battle Ground (Battle Ground).jpg,image_search
f154bd69-9d4e-44c3-8de5-f41cc7ef8ce5,Arrowhead Archery,Del City,Oklahoma,https://th.bing.com/th/id/OIP.DwajxqUdmzmUfn1p0NEaGwHaE8?w=238&h=180&c=7&r=0&o=7&pid=1.7&rm=3,state-range-photos\oklahoma\Arrowhead Archery (Del City).jpg,image_search
3d6079e3-a85c-4943-9979-eda2199cc396,Arrowhead Archery Academy,Carlton,Minnesota,https://thf.bing.com/th/id/OIP.x5XAPJDgCoQVmr-MfWj5_AHaFj?w=252&h=189&c=7&r=0&o=7&cb=thfc1falcon4&pid=1.7&rm=3,state-range-photos\minnesota\Arrowhead Archery Academy (Carlton).jpg,image_search
286bafe2-73be-4e99-bbd3-5c1ba30a8ae6,Ascent Archery,Greeley,Colorado,https://th.bing.com/th/id/OIP.SI22NPBRGBgpeOQwBwAVbwHaE7?w=265&h=180&c=7&r=0&o=7&pid=1.7&rm=3,state-range-photos\colorado\Ascent Archery (Greeley).jpg,image_search
0195ec40-a9d5-498f-a1b1-ce981dcbe74a,Athena Archery and Adaptive Sports,Athens,Georgia,https://th.bing.com/th/id/OIP.8jf3aExqZ5rh36_KLblJ_gHaHZ?w=170&h=180&c=7&r=0&o=7&pid=1.7&rm=3,state-range-photos\georgia\Athena Archery and Adaptive Sports (Athens).jpg,image_search
712d7184-93e3-4b83-9f7e-f064059fe95b,Atlantic Archers,Atlantic,Iowa,https://th.bing.com/th/id/OIP.NW-D3aBl40niK-o5rYZYTwHaGk?w=199&h=180&c=7&r=0&o=7&pid=1.7&rm=3,state-range-photos\iowa\Atlantic Archers (Atlantic).jpg,image_search
b9c9ada1-0d7f-4a7a-87cf-446a5800b52c,ATS Queo Archery,Cedar City,Utah,https://thf.bing.com/th/id/OIP.1g6T4Sr_mBCKiyUggpWyzAHaE0?w=272&h=180&c=7&r=0&o=7&cb=thfc1falcon4&pid=1.7&rm=3,state-range-photos\utah\ATS Queo Archery (Cedar City).jpg,image_search
45bf7ed2-50e2-4439-a77c-f70d6efd46c9,Avery Superstore,Memphis,Tennessee,https://thf.bing.com/th/id/OIP.gZTMLmdKMol4VM3d7lnTQAHaFj?w=204&h=153&c=7&r=0&o=7&cb=thfc1falcon4&pid=1.7&rm=3,state-range-photos\tennessee\Avery Superstore (Memphis).jpg,image_search
7931d02b-6fa8-4926-9db8-b62c3fee62b2,Avon Bowmen Inc,Avon,New York,https://thfvnext.bing.com/th/id/OIP.gD_pXY4Qo0zHVKsXlbESaAHaHf?w=174&h=180&c=7&r=0&o=7&cb=thfvnextfalcon4&pid=1.7&rm=3,state-range-photos\new-york\Avon Bowmen Inc (Avon).jpg,image_search
6a34ee00-d495-4635-9af9-6b4a7446d098,B&L Archery Pro Shop,Sparta,Wisconsin,https://th.bing.com/th/id/OIP.g9upUGAkjziEvguw_kUFgwHaFj?w=229&h=180&c=7&r=0&o=7&pid=1.7&rm=3,state-range-photos\wisconsin\BL Archery Pro Shop (Sparta).jpg,image_search
db1e247b-c932-434b-81be-810b7b14b7fd,B&W Easy Pull LLC,Attic,Ohio,https://th.bing.com/th/id/OIP.sjBA0GGb0ijllAKskU-gmAHaJQ?w=158&h=198&c=7&r=0&o=7&pid=1.7&rm=3,state-range-photos\ohio\BW Easy Pull LLC (Attic).jpg,image_search
12243a32-0ccc-471d-9f29-0b663215beb9,Back 2 the Wild Archers,Centerville,Utah,https://thf.bing.com/th/id/OIP.pN_gYBPZoPsGDrYzNK6EsgHaDV?w=324&h=157&c=7&r=0&o=7&cb=thfc1falcon4&pid=1.7&rm=3,state-range-photos\utah\Back 2 the Wild Archers (Centerville).jpg,image_search
f35e2bc9-45e6-4c30-b91c-7e488d5714c2,Back 80 Bowshooters,Cherokee,Oklahoma,https://thfvnext.bing.com/th/id/OIP.9izwKYtSUTLWpsE7t2BJbQHaEK?w=303&h=180&c=7&r=0&o=7&cb=thfvnextfalcon4&pid=1.7&rm=3,state-range-photos\oklahoma\Back 80 Bowshooters (Cherokee).jpg,image_search
084f721f-a12e-4e6a-b6e3-6bfeb47b5a28,Back Creek Bow Hunters,Efland,North Carolina,https://thfvnext.bing.com/th/id/OIP.DlydOv7CX1duXxA0LQkgtwHaEK?w=289&h=180&c=7&r=0&o=7&cb=thfvnextfalcon4&pid=1.7&rm=3,state-range-photos\north-carolina\Back Creek Bow Hunters (Efland).jpg,image_search
8d413de5-b2e4-425f-85fb-40888bea001c,Backwoods Archery,Clear Spring,Maryland,https://thf.bing.com/th/id/OIP.JTcThCSHnYs2M5qM18g5iAHaFj?w=248&h=186&c=7&r=0&o=7&cb=thfc1falcon4&pid=1.7&rm=3,state-range-photos\maryland\Backwoods Archery (Clear Spring).jpg,image_search
5c3c6ec7-d93d-47fd-b929-388735cb18f2,Backwoods Bowhunters,Pipestem,West Virginia,https://th.bing.com/th/id/OIP.ADUkTfSE6HffCxy5sI2lBgHaFj?w=183&h=180&c=7&r=0&o=7&pid=1.7&rm=3,state-range-photos\west-virginia\Backwoods Bowhunters (Pipestem).jpg,image_search
9d16dc5b-f21e-4d34-ba1b-756eff2a5cde,Backwoods Bowhunters,El Reno,Oklahoma,https://th.bing.com/th/id/OIP.W5J5mkJ7861S0fGqSgkpiwHaHa?w=182&h=183&c=7&r=0&o=7&pid=1.7&rm=3,state-range-photos\oklahoma\Backwoods Bowhunters (El Reno).jpg,image_search
affee3ed-c18a-4334-a0a0-685a5266262a,Backyard Archers Joad,Linn,Missouri,https://th.bing.com/th/id/OIP.M94oIa7XcyRzqKXtH5vPLwHaE7?w=218&h=180&c=7&r=0&o=7&pid=1.7&rm=3,state-range-photos\missouri\Backyard Archers Joad (Linn).jpg,image_search
60c0c73e-1d58-4690-b7ae-cae8e35c2dc8,Banana Bend Archery Club,Baytown,Texas,https://thfvnext.bing.com/th/id/OIP.GxGTwsStqDX4AkmDJg5hEgHaHa?w=160&h=180&c=7&r=0&o=7&cb=thfvnextfalcon4&pid=1.7&rm=3,state-range-photos\texas\Banana Bend Archery Club (Baytown).jpg,image_search
15bb3f8c-ee50-4f47-80e4-499abd5356a0,Barefoot Traditional Archers,Stokesdale,North Carolina,https://thfvnext.bing.com/th/id/OIP.-H_GAOTf3DYxihCFnNdZFAHaHa?w=174&h=180&c=7&r=0&o=7&cb=thfvnextfalcon4&pid=1.7&rm=3,state-range-photos\north-carolina\Barefoot Traditional Archers (Stokesdale).jpg,image_search
6d4904a5-5c6e-41fe-b284-dbd45d66a777,Barnett Outdoors,Tarpon Springs,Florida,https://th.bing.com/th/id/OIP.am5XskE9jSgsWFOIom_H9AHaGJ?w=222&h=184&c=7&r=0&o=7&pid=1.7&rm=3,state-range-photos\florida\Barnett Outdoors (Tarpon Springs).jpg,image_search
eca8f9df-53b4-42e7-85ff-ebd121a326b6,Bartlesville Archery Club,Bartlesville,Oklahoma,https://th.bing.com/th/id/OIP.SUS4kEnuLha5MMjnDur53AHaH4?w=159&h=180&c=7&r=0&o=7&pid=1.7&rm=3,state-range-photos\oklahoma\Bartlesville Archery Club (Bartlesville).jpg,image_search
3b454996-8626-464a-a562-894bbf1cdc58,Battle Creek Regional Park Archery Range,St Paul,Minnesota,https://thfvnext.bing.com/th/id/OIP.TDYJv5QLqYvuJrmWU3DBJAHaFj?w=239&h=180&c=7&r=0&o=7&cb=thfvnextfalcon4&pid=1.7&rm=3,state-range-photos\minnesota\Battle Creek Regional Park Archery Range (St Paul).jpg,image_search
77bfc6b8-de98-439b-a836-f63cf6c5f453,BCC Archery Pro Shop,Black Canyon City,Arizona,https://th.bing.com/th/id/OIP.mbK3hcUkZkyIperlzaG2gwHaHa?w=187&h=187&c=7&r=0&o=7&pid=1.7&rm=3,state-range-photos\arizona\BCC Archery Pro Shop (Black Canyon City).jpg,image_search
ff22d210-a066-420f-a4ff-5e655bd8c2db,Bear BowBenders,ELK POINT,South Dakota,https://thfvnext.bing.com/th/id/OIP.zCXGalcvkkPngKvQXzzpZQHaFj?w=248&h=186&c=7&r=0&o=7&cb=thfvnextfalcon4&pid=1.7&rm=3,state-range-photos\south-dakota\Bear BowBenders (ELK POINT).jpg,image_search
ade8b3ac-503a-49ce-82ac-6046d40f7cf3,Bear Creek Terrace Archery Range,Colorado Springs,Colorado,https://thfvnext.bing.com/th/id/OIP.nBQkwaHvp5BuCMPe1S0VRgAAAA?w=145&h=193&c=7&r=0&o=7&cb=thfvnextfalcon4&pid=1.7&rm=3,state-range-photos\colorado\Bear Creek Terrace Archery Range (Colorado Springs).jpg,image_search
19c5c2e7-df2a-4398-8985-3198f9d56f49,Bear Lake Rod and Gun Inc,Stockton,New York,https://th.bing.com/th/id/OIP.U6w8Y1Wqfi85CXbqZxwDDwHaJ4?w=159&h=212&c=7&r=0&o=7&pid=1.7&rm=3,state-range-photos\new-york\Bear Lake Rod and Gun Inc (Stockton).jpg,image_search
ecaf0c20-43f9-4724-bc21-04a59ab280ae,Bear Pac Archery Club,Watertown,New York,https://th.bing.com/th/id/OIP.PfYHPA3D8Pu8aG0yV7Hc5QHaJ4?w=152&h=204&c=7&r=0&o=7&pid=1.7&rm=3,state-range-photos\new-york\Bear Pac Archery Club (Watertown).jpg,image_search
066a201a-14db-48be-9736-fb21807c8b3b,Bear Paw Bowmen,Havre,Montana,https://th.bing.com/th/id/OIP.XJycsA0QWQqj2zza2T1AfgHaFj?w=255&h=191&c=7&r=0&o=7&pid=1.7&rm=3,state-range-photos\montana\Bear Paw Bowmen (Havre).jpg,image_search
576c4740-0793-4822-ba7d-d8721929c948,Beaufort County Archery Club,Washington,North Carolina,https://th.bing.com/th/id/OIP.T5pjMNtXIOaDALV06Gu0VAHaJ4?w=152&h=203&c=7&r=0&o=7&pid=1.7&rm=3,state-range-photos\north-carolina\Beaufort County Archery Club (Washington).jpg,image_search
7cd0629f-8478-4df3-ba90-bb1204cf8281,Beaver Creek Archery Supply LLC,Celina,Ohio,https://th.bing.com/th/id/OIP.DjX6hNnHmMHYAcdUMt6yJwHaHa?w=204&h=204&c=7&r=0&o=7&pid=1.7&rm=3,state-range-photos\ohio\Beaver Creek Archery Supply LLC (Celina).jpg,image_search
dc8948c6-0915-48bd-ab46-61be611bf9a7,Beaverhead Archery Club,Dillon,Montana,https://th.bing.com/th/id/OIP.LChozJNhrCIr9EBApSDm3gHaHf?w=184&h=186&c=7&r=0&o=7&pid=1.7&rm=3,state-range-photos\montana\Beaverhead Archery Club (Dillon).jpg,image_search
d856d5ae-bd23-4195-ad0d-8285f3338fbd,Beckleys 3D Archery Range,Whittemore,Michigan,https://th.bing.com/th/id/OIP.FX5uy0Jdc-I_SEoBDHgHjwHaFj?w=215&h=180&c=7&r=0&o=7&pid=1.7&rm=3,state-range-photos\michigan\Beckleys 3D Archery Range (Whittemore).jpg,image_search
128e4e93-0112-49a2-a71a-81fb0e228cfd,Believer Archery,Franklin,North Carolina,https://th.bing.com/th/id/OIP.ghi8MLEjRxhBK07CFjBFRQHaDx?w=349&h=178&c=7&r=0&o=7&pid=1.7&rm=3,state-range-photos\north-carolina\Believer Archery (Franklin).jpg,image_search
df53c3e7-ea21-45cf-adc1-80daca1a5e4a,Ben R's Family Archery,Scottsburg,Indiana,https://thf.bing.com/th/id/OIP.iCUEFZAaqftwMM1Ufvx2XAHaE9?w=298&h=199&c=7&r=0&o=7&cb=thfc1falcon4&pid=1.7&rm=3,state-range-photos\indiana\Ben Rs Family Archery (Scottsburg).jpg,image_search
4a78a74a-f2aa-4576-90a1-b036cba8fec5,Beresford Archery Club,Beresford,South Dakota,https://th.bing.com/th/id/OIP.DIYCqrGzXpa12ag1r53y4gHaHa?w=174&h=180&c=7&r=0&o=7&pid=1.7&rm=3,state-range-photos\south-dakota\Beresford Archery Club (Beresford).jpg,image_search
22b96646-932b-4f19-b881-fa5a001d0021,Bergey Jewelry & Archery,Fort Atkinson,Wisconsin,https://th.bing.com/th/id/OIP.4KszJVgIpmqeY-wKGfu55gHaFj?w=262&h=196&c=7&r=0&o=7&pid=1.7&rm=3,state-range-photos\wisconsin\Bergey Jewelry  Archery (Fort Atkinson).jpg,image_search
52ac0d39-f93e-4c76-a949-060439abc531,BHOA Barb Hartnell Outback Adventures,Lakeview,Oregon,https://th.bing.com/th/id/OIP.38rcluShhFGgxnLk1jbpngHaFi?w=216&h=180&c=7&r=0&o=7&pid=1.7&rm=3,state-range-photos\oregon\BHOA Barb Hartnell Outback Adventures (Lakeview).jpg,image_search
6c56c560-8538-4a6a-84dd-28bd0f2b02c8,Big Creek 3D,Nowata,Oklahoma,https://thf.bing.com/th/id/OIP.fbPuopLZe_H6FcqCRsHblgHaHa?w=170&h=180&c=7&r=0&o=7&cb=thfc1falcon4&pid=1.7&rm=3,state-range-photos\oklahoma\Big Creek 3D (Nowata).jpg,image_search
3a6bfa0c-fa39-4782-8213-ef944bfc7ddb,Big Creek Archery Club,Stapleton,Georgia,https://th.bing.com/th/id/OIP.A5LgrjmPNgUasMkNEqCLKAHaE8?w=240&h=180&c=7&r=0&o=7&pid=1.7&rm=3,state-range-photos\georgia\Big Creek Archery Club (Stapleton).jpg,image_search
4814f9c4-19f4-4b02-b299-02c86a8a5e61,Big Horn Bow Hunters,THERMOPOLIS,Wyoming,https://th.bing.com/th/id/OIP.8L_HtZJsOQL5HHXZhbR3dwHaEK?w=308&h=180&c=7&r=0&o=7&pid=1.7&rm=3,state-range-photos\wyoming\Big Horn Bow Hunters (THERMOPOLIS).jpg,image_search
4175a770-efd7-4bd9-af4f-910181a4acbe,Big Oaks Archery Club,Clarksville,Virginia,https://th.bing.com/th/id/OIP.6yMdQzWSdlvoloXe3DT_SQHaJ4?w=204&h=272&c=7&r=0&o=7&pid=1.7&rm=3,state-range-photos\virginia\Big Oaks Archery Club (Clarksville).jpg,image_search
790bbca2-7b32-48e5-9aee-d4a4a7886124,BKIII Archery,Wind Lake,Wisconsin,https://thfvnext.bing.com/th/id/OIP.L88U5pMdvwF-sLt9Hw_3dAHaFj?w=231&h=180&c=7&r=0&o=7&cb=thfvnextfalcon4&pid=1.7&rm=3,state-range-photos\wisconsin\BKIII Archery (Wind Lake).jpg,image_search
48f09e64-3c1e-4166-b95b-9af5ad3e0297,Black Canyon Archers,Delta,Colorado,https://th.bing.com/th/id/OIP.jqikBu3Rhy4upp9XjvfYfAHaHa?w=196&h=196&c=7&r=0&o=7&pid=1.7&rm=3,state-range-photos\colorado\Black Canyon Archers (Delta).jpg,image_search
35c7ffcd-48d8-417d-b6db-9fdf71ec5275,Black Hills Archery,RAPID CITY,South Dakota,https://thf.bing.com/th/id/OIP.z0UVaWqC6IsnMWyqmhsRYQHaDc?w=319&h=163&c=7&r=0&o=7&cb=thfc1falcon4&pid=1.7&rm=3,state-range-photos\south-dakota\Black Hills Archery (RAPID CITY).jpg,image_search
039ca0c6-9de2-45fd-abd4-d471e6519d14,Black River Archery,Elyria,Ohio,https://th.bing.com/th/id/OIP.-62CBiEDOC5ND_fIt495rwHaF_?w=189&h=180&c=7&r=0&o=7&pid=1.7&rm=3,state-range-photos\ohio\Black River Archery (Elyria).jpg,image_search
13178e20-7ef4-4535-9a31-026b4e33cf7b,Black Rose Traditional Archers,PORTLAND,Oregon,https://th.bing.com/th/id/OIP.zyMELscpdsZSw79VxJg-WQHaEK?w=291&h=180&c=7&r=0&o=7&pid=1.7&rm=3,state-range-photos\oregon\Black Rose Traditional Archers (PORTLAND).jpg,image_search
47e7ea05-67f4-4821-9fef-f39d16e59342,Blackhawk Archers,Jesup,Iowa,https://thfvnext.bing.com/th/id/OIP.rhPT3RGxZRxiX2-hs0yOxgHaHA?w=190&h=180&c=7&r=0&o=7&cb=thfvnextfalcon4&pid=1.7&rm=3,state-range-photos\iowa\Blackhawk Archers (Jesup).jpg,image_search
4ea3a7ef-09fb-4c99-a3d1-50f324547939,Blackhawk Archers Inc.,Custer,Wisconsin,https://th.bing.com/th/id/OIP.FBRpkUpS_iD_f7MnTf6gUQHaEK?w=286&h=180&c=7&r=0&o=7&pid=1.7&rm=3,state-range-photos\wisconsin\Blackhawk Archers Inc (Custer).jpg,image_search
0f4e2be5-7cd4-42c5-8f02-6eae181763d8,BlackOvis,West Valley City,Utah,https://th.bing.com/th/id/OIP.WWvVInD6DW5RqIjsByzuwgHaJQ?w=155&h=193&c=7&r=0&o=7&pid=1.7&rm=3,state-range-photos\utah\BlackOvis (West Valley City).jpg,image_search
5bc95e89-0d97-4367-9d7a-2e8f98751cd3,Blind Pig Archery,Reno,Nevada,https://th.bing.com/th/id/OIP.vbBr4ls6Nl_khdRSChGaqQHaHa?w=193&h=193&c=7&r=0&o=7&pid=1.7&rm=3,state-range-photos\nevada\Blind Pig Archery (Reno).jpg,image_search
fb5a5acb-0da5-47ef-9ba0-ebff2f078441,Blount County Bowhunters,Remlap,Alabama,https://thfvnext.bing.com/th/id/OIP.zEjTMC3MHKqQ1ixDRReZYwHaE8?w=254&h=180&c=7&r=0&o=7&cb=thfvnextfalcon4&pid=1.7&rm=3,state-range-photos\alabama\Blount County Bowhunters (Remlap).jpg,image_search
bce39e41-5713-4470-bffc-76c80bf956cc,Blue Feather Archery,Mint Hill,North Carolina,https://th.bing.com/th/id/OIP.09uscRwyvk-i_ooqGD9vYwHaHa?w=198&h=198&c=7&r=0&o=7&pid=1.7&rm=3,state-range-photos\north-carolina\Blue Feather Archery (Mint Hill).jpg,image_search
aa7012e0-c0d9-43fe-b001-633966291604,Bob & AJ's Archery World,New Jersey,New Jersey,https://th.bing.com/th/id/OIP.CdevmuXTdIF43HE6fCA6NwHaHa?w=176&h=180&c=7&r=0&o=7&pid=1.7&rm=3,state-range-photos\new-jersey\Bob  AJs Archery World (New Jersey).jpg,image_search
929d6648-d025-4091-94c0-aaae30489884,Boondocks Archery Range,Argyle,Iowa,https://th.bing.com/th/id/OIP.3DO5WJGtBXLZZexLRAsuCQHaFu?w=243&h=187&c=7&r=0&o=7&pid=1.7&rm=3,state-range-photos\iowa\Boondocks Archery Range (Argyle).jpg,image_search
d40f3e61-7914-430b-910f-173006c2ad32,Boones Bow Shop,Parkersburg,West Virginia,https://thfvnext.bing.com/th/id/OIP.g9upUGAkjziEvguw_kUFgwHaFj?w=256&h=192&c=7&r=0&o=7&cb=thfvnextfalcon4&pid=1.7&rm=3,state-range-photos\west-virginia\Boones Bow Shop (Parkersburg).jpg,image_search
d929f123-62fc-4b56-b0a8-ecd81c1ace0d,Boones Outdoor Supply,Thomaston,Georgia,https://thf.bing.com/th/id/OIP.g9upUGAkjziEvguw_kUFgwHaFj?w=223&h=180&c=7&r=0&o=7&cb=thfc1falcon4&pid=1.7&rm=3,state-range-photos\georgia\Boones Outdoor Supply (Thomaston).jpg,image_search
a8ba15b6-0afe-4522-b68e-8282304fb96a,"BOPA, Inc.",Troy,Michigan,https://th.bing.com/th/id/OIP.pSKhmGeezgDQ_6QSqEgIdgHaIY?w=158&h=180&c=7&r=0&o=7&pid=1.7&rm=3,state-range-photos\michigan\BOPA Inc (Troy).jpg,image_search
cd5dca0b-fb0a-4701-8e8b-7d5d48bd6735,BowTown,Blanchard,Oklahoma,https://thf.bing.com/th/id/OIP.U4gcQtR9SczCwsWjECBzPAHaFu?w=184&h=180&c=7&r=0&o=7&cb=thfc1falcon4&pid=1.7&rm=3,state-range-photos\oklahoma\BowTown (Blanchard).jpg,image_search
bc9ba838-efd4-4313-9a48-b60740b78790,Box Butte Archery,Hemingford,Nebraska,https://th.bing.com/th/id/OIP.Plo7hdS54gYligw0H2SgdQHaFj?w=236&h=180&c=7&r=0&o=7&pid=1.7&rm=3,state-range-photos\nebraska\Box Butte Archery (Hemingford).jpg,image_search
06c3f042-bb3d-4586-b9ec-4607f995a175,Brandon High Ledge Archery,Brandon,Vermont,https://thfvnext.bing.com/th/id/OIP.l_0A3dUBtr8lOOQvrkw7PQHaE8?w=279&h=185&c=7&r=0&o=7&cb=thfvnextfalcon4&pid=1.7&rm=3,state-range-photos\vermont\Brandon High Ledge Archery (Brandon).jpg,image_search
1f657f74-72b1-43bc-a882-5a02b0fb6bdd,Brattleboro Sportsmen Inc,Brattleboro,Vermont,https://th.bing.com/th/id/OIP.D61cKKF927bNwL_8T0ueNwHaFj?w=248&h=186&c=7&r=0&o=7&pid=1.7&rm=3,state-range-photos\vermont\Brattleboro Sportsmen Inc (Brattleboro).jpg,image_search
581e4795-18e2-4da7-870e-ad3d4d855a70,Breitling Firearms,New Milford,Connecticut,https://th.bing.com/th/id/OIP.3dlN9sC729Y5zM6IKWpvMAHaFj?w=236&h=180&c=7&r=0&o=7&pid=1.7&rm=3,state-range-photos\connecticut\Breitling Firearms (New Milford).jpg,image_search
8727deba-c593-4b68-b043-6772b93c25ff,Bristlecone Bowmen,MC GILL,Nevada,https://thf.bing.com/th/id/OIP.Tdi_481tiKLvL8Mjm4dxwgHaFY?w=254&h=185&c=7&r=0&o=7&cb=thfc1falcon4&pid=1.7&rm=3,state-range-photos\nevada\Bristlecone Bowmen (MC GILL).jpg,image_search
5280b8b4-5b66-4bfc-9f37-8e7d22913fee,Broken Arrow Archery,Bowling Green,Kentucky,https://th.bing.com/th/id/OIP.ikjL_48d17PW63dbi4a-NAHaHa?w=167&h=180&c=7&r=0&o=7&pid=1.7&rm=3,state-range-photos\kentucky\Broken Arrow Archery (Bowling Green).jpg,image_search
5e20e8d7-ff4d-46b4-9312-98a4d3079dfe,Broken Arrow Archery Club,Henderson,Minnesota,https://th.bing.com/th/id/OIP.ikjL_48d17PW63dbi4a-NAHaHa?w=174&h=180&c=7&r=0&o=7&pid=1.7&rm=3,state-range-photos\minnesota\Broken Arrow Archery Club (Henderson).jpg,image_search
67272cb1-93d3-48b2-9569-4b7433fbb665,Broken Arrow Archery Club,Nashville,Tennessee,https://thf.bing.com/th/id/OIP.ikjL_48d17PW63dbi4a-NAHaHa?w=167&h=180&c=7&r=0&o=7&cb=thfc1falcon4&pid=1.7&rm=3,state-range-photos\tennessee\Broken Arrow Archery Club (Nashville).jpg,image_search
4563993d-bf7d-49d5-a10f-4533d5f80c27,Broken Arrow Archery Club,Elkin,North Carolina,https://thfvnext.bing.com/th/id/OIP.ikjL_48d17PW63dbi4a-NAHaHa?w=179&h=180&c=7&r=0&o=7&cb=thfvnextfalcon4&pid=1.7&rm=3,state-range-photos\north-carolina\Broken Arrow Archery Club (Elkin).jpg,image_search
3e5abb63-411a-4f78-9c52-02d734455396,Broken Arrow Archery Club,Jasper,Indiana,https://th.bing.com/th/id/OIP.ikjL_48d17PW63dbi4a-NAHaHa?w=161&h=180&c=7&r=0&o=7&pid=1.7&rm=3,state-range-photos\indiana\Broken Arrow Archery Club (Jasper).jpg,image_search
0be7f7e1-2866-4a25-93ed-8365e6f5cb40,Broken Arrows Archery Club,Desert Hot Springs,California,https://thf.bing.com/th/id/OIP.l_g_KWaWgb7VBA53F2zq2gHaEK?w=295&h=180&c=7&r=0&o=7&cb=thfc1falcon4&pid=1.7&rm=3,state-range-photos\california\Broken Arrows Archery Club (Desert Hot Springs).jpg,image_search
fa8ee4e7-58c6-43bd-b7fa-6b3ee8e9d441,Broken Trail Bowmen,HARRISON,Idaho,https://th.bing.com/th/id/OIP.3ePek3Z2Ng4YB_-R-8l4bQHaFf?w=229&h=180&c=7&r=0&o=7&pid=1.7&rm=3,state-range-photos\idaho\Broken Trail Bowmen (HARRISON).jpg,image_search
19da71ea-2608-4173-8563-cd208f3387d6,Brown Creek Archers,Cameron,North Carolina,https://th.bing.com/th/id/OIP.RPrmtGWSOIJ1UGAc6dq_5wHaFk?w=220&h=180&c=7&r=0&o=7&pid=1.7&rm=3,state-range-photos\north-carolina\Brown Creek Archers (Cameron).jpg,image_search
2c86ed09-bcd4-4730-bea3-f3bcdf784044,Browns Canyon Bowhunters,Salida,Colorado,https://th.bing.com/th/id/OIP.U6X_PU-NU5oBr60T2OQ4cgHaFj?w=261&h=196&c=7&r=0&o=7&pid=1.7&rm=3,state-range-photos\colorado\Browns Canyon Bowhunters (Salida).jpg,image_search
cc0a34fc-5168-4693-b98c-54602c6ec098,Brownwood Bowhunters Assoc,Brownwood,Texas,https://th.bing.com/th/id/OIP.23Ns0Pm_3MaZfFXPMKXVOAHaE8?w=280&h=187&c=7&r=0&o=7&pid=1.7&rm=3,state-range-photos\texas\Brownwood Bowhunters Assoc (Brownwood).jpg,image_search
d471086c-3038-43e7-a679-53809bd24f3d,Brushy Mountain Archery Club,Hiddenite,North Carolina,https://thf.bing.com/th/id/OIP.hA0JCwlRGAUWpELxt1RQVgHaFl?w=264&h=199&c=7&r=0&o=7&cb=thfc1falcon4&pid=1.7&rm=3,state-range-photos\north-carolina\Brushy Mountain Archery Club (Hiddenite).jpg,image_search
4e25d051-fed8-4951-abf5-e64d28c70abc,Buck Hollow Bowhunters,Dickson,Tennessee,https://th.bing.com/th/id/OIP.3DsPWOGSFUymd6tZ_x3WYQHaNJ?w=187&h=333&c=7&r=0&o=7&pid=1.7&rm=3,state-range-photos\tennessee\Buck Hollow Bowhunters (Dickson).jpg,image_search
4e070b43-0451-4d68-aecb-22c31b76ca0c,Bucks 2 Beards Archery,Old Fort,Tennessee,https://th.bing.com/th/id/OIP.rVtFLXG9UMdtI7O229VA7QHaE7?w=274&h=182&c=7&r=0&o=7&pid=1.7&rm=3,state-range-photos\tennessee\Bucks 2 Beards Archery (Old Fort).jpg,image_search
24ac2e0e-3a35-4f94-a701-831127b96883,Buckskin Bowmen,Waterloo,New York,https://thfvnext.bing.com/th/id/OIP.di73dxsXUkqUHLQ25sc0cgHaHa?w=174&h=180&c=7&r=0&o=7&cb=thfvnextfalcon4&pid=1.7&rm=3,state-range-photos\new-york\Buckskin Bowmen (Waterloo).jpg,image_search
7e8b2916-4006-4ec6-8767-91693a69c366,Buckskin Bowmen Archery Club - MI,Gwinn,Michigan,https://th.bing.com/th/id/OIP.l3dKTZBl_1Osm3LWQB5TKQHaKA?w=117&h=180&c=7&r=0&o=7&pid=1.7&rm=3,state-range-photos\michigan\Buckskin Bowmen Archery Club - MI (Gwinn).jpg,image_search
7639b351-a1ef-42b2-b791-daa972a32ce2,Buffalo Ridge Archery,Goodlettsville,Tennessee,https://thfvnext.bing.com/th/id/OIP.9kuLU5xpjGHuZ8mj907FzAHaFj?w=248&h=186&c=7&r=0&o=7&cb=thfvnextfalcon4&pid=1.7&rm=3,state-range-photos\tennessee\Buffalo Ridge Archery (Goodlettsville).jpg,image_search
c1bd5abb-4b51-4eff-beb4-a476c0574a9f,Build A Bowtique,Tampa,Florida,https://th.bing.com/th/id/OIP.ByMAVwuohQDItFAgfTSw_QHaE8?w=234&h=180&c=7&r=0&o=7&pid=1.7&rm=3,state-range-photos\florida\Build A Bowtique (Tampa).jpg,image_search
fa6d5718-5f1e-4dff-86c8-a4f6f42650b4,Bullock's Archery,Ventura,California,https://thfvnext.bing.com/th/id/OIP.mxb8_llsySfp4wWCmyDF4QHaHa?w=164&h=180&c=7&r=0&o=7&cb=thfvnextfalcon4&pid=1.7&rm=3,state-range-photos\california\Bullocks Archery (Ventura).jpg,image_search
d0993fd6-d489-4e6a-ac9f-27e56207d3c2,Bullseye Archery,Bellevue,Michigan,https://th.bing.com/th/id/OIP.4EhnCxj-emvwJVEMc0ms1AHaE8?w=230&h=180&c=7&r=0&o=7&pid=1.7&rm=3,state-range-photos\michigan\Bullseye Archery (Bellevue).jpg,image_search
e5061ca3-2e35-4888-8088-efafff988f2d,Bushmen Archers,St Helens,Oregon,https://th.bing.com/th/id/OIP.aBik5tv68neAyK0y-5thVAHaG_?w=192&h=181&c=7&r=0&o=7&pid=1.7&rm=3,state-range-photos\oregon\Bushmen Archers (St Helens).jpg,image_search
0fb3dc40-b54a-436b-8a7c-581cc2472c12,Buzzard's Ridge Archery,Maysville,Missouri,https://th.bing.com/th/id/OIP.Yv-_AJC-3DNEH4WM0CsUswHaFj?w=234&h=180&c=7&r=0&o=7&pid=1.7&rm=3,state-range-photos\missouri\Buzzards Ridge Archery (Maysville).jpg,image_search
61f6c09f-b42f-4387-af95-aebcc18038ac,Byron Center-Grandville Archery Club,Grandville,Michigan,https://th.bing.com/th/id/OIP.Sll9X8AJzsyFgnX75pgnZAHaFj?w=177&h=180&c=7&r=0&o=7&pid=1.7&rm=3,state-range-photos\michigan\Byron Center-Grandville Archery Club (Grandville).jpg,image_search
332e0ab9-f766-494f-b47c-8a15a80b3909,Cadillac Area Archers,CADILLAC,Michigan,https://thfvnext.bing.com/th/id/OIP.msUjHvUVyzswXYGB20V5HgHaJQ?w=159&h=199&c=7&r=0&o=7&cb=thfvnextfalcon4&pid=1.7&rm=3,state-range-photos\michigan\Cadillac Area Archers (CADILLAC).jpg,image_search
d3db6243-870e-4111-acf3-54dcee10b5f2,Cajah Mountain Archery Club,Lenoir,North Carolina,https://th.bing.com/th/id/OIP.t55l7TGOeFHmfjz5gdAivwHaFk?w=234&h=180&c=7&r=0&o=7&pid=1.7&rm=3,state-range-photos\north-carolina\Cajah Mountain Archery Club (Lenoir).jpg,image_search
f44579cd-ee48-4348-85ae-c824b3f774ca,Calhoun Outdoor Public Archery Range,Minneapolis,Minnesota,https://th.bing.com/th/id/OIP.oySRYvHHHHt4V32JLldMLAHaEK?w=290&h=180&c=7&r=0&o=7&pid=1.7&rm=3,state-range-photos\minnesota\Calhoun Outdoor Public Archery Range (Minneapolis).jpg,image_search
46d56ded-1a77-42a0-8bea-b7fe0326b43e,Camas Prairie Bowmen,GRANGEVILLE,Idaho,https://th.bing.com/th/id/OIP.dAoKmtKXiUFf5KM4kqbvYAHaJl?w=204&h=265&c=7&r=0&o=7&pid=1.7&rm=3,state-range-photos\idaho\Camas Prairie Bowmen (GRANGEVILLE).jpg,image_search
55f96ac5-7c18-4218-9610-c3c87cc324d1,Cape Fear Bowhunters,Watha,North Carolina,https://thfvnext.bing.com/th/id/OIP.iVF3DvgFy3i8_r3uh5pAoAHaHH?w=152&h=180&c=7&r=0&o=7&cb=thfvnextfalcon4&pid=1.7&rm=3,state-range-photos\north-carolina\Cape Fear Bowhunters (Watha).jpg,image_search
94e1fe25-a181-49e6-9ded-e34e376d761c,Carroll County Bowhunters,Carrollton,Missouri,https://thfvnext.bing.com/th/id/OIP.Cv7PAe0jJwDYVhu_9vbtNwHaFi?w=232&h=180&c=7&r=0&o=7&cb=thfvnextfalcon4&pid=1.7&rm=3,state-range-photos\missouri\Carroll County Bowhunters (Carrollton).jpg,image_search
bfca05d1-a64a-41c7-b4ed-9a16894cec1c,Cary Archery,Cary,North Carolina,https://th.bing.com/th/id/OIP.RPrmtGWSOIJ1UGAc6dq_5wHaFk?w=226&h=180&c=7&r=0&o=7&pid=1.7&rm=3,state-range-photos\north-carolina\Cary Archery (Cary).jpg,image_search
64602166-6bcc-4011-9625-fa033fff9b46,Cascadian Bowmen,Noti,Oregon,https://thfvnext.bing.com/th/id/OIP.4eVq7Xjtt7i-4F-Ucwz0cwAAAA?w=240&h=180&c=7&r=0&o=7&cb=thfvnextfalcon4&pid=1.7&rm=3,state-range-photos\oregon\Cascadian Bowmen (Noti).jpg,image_search
6db66af4-af72-4d98-b6d0-0199785fabe4,Catamount Bowhunters,Bennington,Vermont,https://thf.bing.com/th/id/OIP.bIaOv0VbairOSxg5W9JpGgHaFj?w=230&h=180&c=7&r=0&o=7&cb=thfc1falcon4&pid=1.7&rm=3,state-range-photos\vermont\Catamount Bowhunters (Bennington).jpg,image_search
255d88d0-cee7-4ca3-b5db-ce81b8402ab8,Center 5 Outdoors,Newport News,Virginia,https://thf.bing.com/th/id/OIP.1snzOg7TtRry7UdrlCbO7AHaHa?w=166&h=180&c=7&r=0&o=7&cb=thfc1falcon4&pid=1.7&rm=3,state-range-photos\virginia\Center 5 Outdoors (Newport News).jpg,image_search
0e2a6d14-79e9-477b-86bd-8db356a35652,Central Arkansas Bowhunters,Conway,Arkansas,https://th.bing.com/th/id/OIP.zhEB23DWRQFby_9xzu7u2wHaE7?w=273&h=181&c=7&r=0&o=7&pid=1.7&rm=3,state-range-photos\arkansas\Central Arkansas Bowhunters (Conway).jpg,image_search
703eb47e-8be6-435d-8624-0d3b61d55cdc,Central Mississippi Archery,Jackson,Mississippi,https://thfvnext.bing.com/th/id/OIP.qUy6jlD0REWmtiUevxWBQgHaFj?w=250&h=187&c=7&r=0&o=7&cb=thfvnextfalcon4&pid=1.7&rm=3,state-range-photos\mississippi\Central Mississippi Archery (Jackson).jpg,image_search
d200e245-feae-4b0f-8587-c50cddd5249c,Charleroi Archery Club,CHARLEROI,Pennsylvania,https://th.bing.com/th/id/OIP.ttOIofuw2xDKA9HPdhjvQwHaFv?w=222&h=180&c=7&r=0&o=7&pid=1.7&rm=3,state-range-photos\pennsylvania\Charleroi Archery Club (CHARLEROI).jpg,image_search
411a1867-7306-4369-b5ab-a652c8fd2c1f,Cherokee Bowhunters,Neosho,Missouri,https://thf.bing.com/th/id/OIP.cdPz6qjmTwFygk-pyijPqQHaEK?w=307&h=180&c=7&r=0&o=7&cb=thfc1falcon4&pid=1.7&rm=3,state-range-photos\missouri\Cherokee Bowhunters (Neosho).jpg,image_search
ba3d714c-c8da-44ad-ad1d-314289374014,Cherokee Strip Archers,Enid,Oklahoma,https://thfvnext.bing.com/th/id/OIP.D231ZgxGGPA5Qeo4o9dR5AHaFj?w=241&h=181&c=7&r=0&o=7&cb=thfvnextfalcon4&pid=1.7&rm=3,state-range-photos\oklahoma\Cherokee Strip Archers (Enid).jpg,image_search
0c8aa110-ee6d-4c80-9e47-f0bcda60ee0b,Chief Logan Archers,Tyrone,Pennsylvania,https://thfvnext.bing.com/th/id/OIP.SgixuLumpDowdmzFvjOuewHaHa?w=178&h=180&c=7&r=0&o=7&cb=thfvnextfalcon4&pid=1.7&rm=3,state-range-photos\pennsylvania\Chief Logan Archers (Tyrone).jpg,image_search
2e8d808a-61aa-403e-9ba7-2420051f5b62,Christian Archers of Kentucky,,Kentucky,https://th.bing.com/th/id/OIP.qKInOXy2fS1QyyEAtiiVDgHaFk?w=169&h=180&c=7&r=0&o=7&pid=1.7&rm=3,state-range-photos\kentucky\Christian Archers of Kentucky (unknown).jpg,image_search
b4c28d32-1734-4c8f-8655-11a4c48e3dd5,Clear Creek Bowmen,CARSON CITY,Nevada,https://th.bing.com/th/id/OIP.CwUQ3SZH7w_Nql76qwNS8wHaDX?w=327&h=159&c=7&r=0&o=7&pid=1.7&rm=3,state-range-photos\nevada\Clear Creek Bowmen (CARSON CITY).jpg,image_search
f39de16c-4e4b-4f5d-be62-ce3d22c82f27,Clearwater Archers,OROFINO,Idaho,https://thfvnext.bing.com/th/id/OIP.z3P3DvMqawzCbSJIYW-XeQAAAA?w=180&h=180&c=7&r=0&o=7&cb=thfvnextfalcon4&pid=1.7&rm=3,state-range-photos\idaho\Clearwater Archers (OROFINO).jpg,image_search
82dd438c-7b12-43b8-9376-5718889f0dd8,Clovis Bowhunters,Clovis,New Mexico,https://th.bing.com/th/id/OIP._DSHJ0yW6llJMzfNpU970QHaFU?w=235&h=180&c=7&r=0&o=7&pid=1.7&rm=3,state-range-photos\new-mexico\Clovis Bowhunters (Clovis).jpg,image_search
f546f77b-2161-4cf6-811f-4c93f6160e61,Coastal Empire Archers,Richmond Hill,Georgia,https://thfvnext.bing.com/th/id/OIP.kIkqzCEt6EsVOx3dhbIwhgHaHa?w=190&h=190&c=7&r=0&o=7&cb=thfvnextfalcon4&pid=1.7&rm=3,state-range-photos\georgia\Coastal Empire Archers (Richmond Hill).jpg,image_search
926010ea-26e3-401b-baf7-9f6c5adc0c91,Collin Co Bowhunters Assoc,Blue Ridge,Texas,https://th.bing.com/th/id/OIP.IolIo0npeVLXeHxkpMNL0AHaHO?w=189&h=185&c=7&r=0&o=7&pid=1.7&rm=3,state-range-photos\texas\Collin Co Bowhunters Assoc (Blue Ridge).jpg,image_search
1dbe4f38-3dd5-4169-894b-f6a12ec85e73,Colorado Gold,Wheat Ridge,Colorado,https://th.bing.com/th/id/OIP.71quz0YV0_gPv5Losww8FQHaE8?w=292&h=195&c=7&r=0&o=7&pid=1.7&rm=3,state-range-photos\colorado\Colorado Gold (Wheat Ridge).jpg,image_search
87c5f69b-5d08-498e-afcb-c3519f94d9ca,Columbia Basin Archers,Ephrata,Washington,https://thfvnext.bing.com/th/id/OIP.bemgdwt_Dwhj7TujIXiA_gHaFj?w=218&h=180&c=7&r=0&o=7&cb=thfvnextfalcon4&pid=1.7&rm=3,state-range-photos\washington\Columbia Basin Archers (Ephrata).jpg,image_search
f9ed5766-27ad-4fe3-a5fd-43082730fab6,Columbiana County Archers,Lisbon,Ohio,https://th.bing.com/th/id/OIP.Gfzgjef5nCGz_XOrY3AjZwHaEq?w=314&h=198&c=7&r=0&o=7&pid=1.7&rm=3,state-range-photos\ohio\Columbiana County Archers (Lisbon).jpg,image_search
da7c5f0c-9688-47c1-847d-4da99d65dd10,Cornerstone Archery Club,Statesville,North Carolina,https://th.bing.com/th/id/OIP.HfZEDZQ3SYbw9kWmXMPzrwHaHa?w=170&h=180&c=7&r=0&o=7&pid=1.7&rm=3,state-range-photos\north-carolina\Cornerstone Archery Club (Statesville).jpg,image_search
f4fb9c0d-47ed-4722-83b4-5a4df732dcfc,Corning Fish and Game,Corning,New York,https://thfvnext.bing.com/th/id/OIP.rL0g03DadGEnOZ6WvNztSAHaHa?w=171&h=180&c=7&r=0&o=7&cb=thfvnextfalcon4&pid=1.7&rm=3,state-range-photos\new-york\Corning Fish and Game (Corning).jpg,image_search
9efbdc27-3b92-49bc-b0e9-ea848dafad05,Cross Timbers Archery Club,Eastland,Texas,https://th.bing.com/th/id/OIP.Uyzdp9gxwML7X82f92_Z-AHaFu?w=222&h=180&c=7&r=0&o=7&pid=1.7&rm=3,state-range-photos\texas\Cross Timbers Archery Club (Eastland).jpg,image_search
ebbb7375-3c0a-4ea2-96f3-608d8b970b15,Crossroads 3D Archery,Springfield,Missouri,https://thf.bing.com/th/id/OIP.AoF5p316cNsgkiMzlowBDQHaFj?w=195&h=180&c=7&r=0&o=7&cb=thfc1falcon4&pid=1.7&rm=3,state-range-photos\missouri\Crossroads 3D Archery (Springfield).jpg,image_search
478fc479-76a2-4628-a6ca-ba4c7e5780e7,Crowder Lake Archery Club,Weatherford,Oklahoma,https://th.bing.com/th/id/OIP.pi7dOI6ObXnEI-QoQ73DJgHaJl?w=204&h=265&c=7&r=0&o=7&pid=1.7&rm=3,state-range-photos\oklahoma\Crowder Lake Archery Club (Weatherford).jpg,image_search
5635bdb7-3eec-4676-967d-93cc5c9528cb,Crystal Lake Archery Club,Del City,Oklahoma,https://th.bing.com/th/id/OIP.jHLpipo4h9X5-ozvLQFG0gHaEZ?w=300&h=180&c=7&r=0&o=7&pid=1.7&rm=3,state-range-photos\oklahoma\Crystal Lake Archery Club (Del City).jpg,image_search
e28234f4-5354-4ee7-8776-60ae1c4501ec,Cuddy Creek Outfitters,Moreland,Oklahoma,https://th.bing.com/th/id/OIP.OhysmpTAmul6h1sUzBDDfgHaHa?w=170&h=180&c=7&r=0&o=7&pid=1.7&rm=3,state-range-photos\oklahoma\Cuddy Creek Outfitters (Moreland).jpg,image_search
e6fd2469-e74f-496f-a43a-5420a8ae5ac2,Cumberland Bowhunters,Cumberland,Maryland,https://th.bing.com/th/id/OIP._x8CWZ3DtjVS5nRwd2BsLAHaEK?w=299&h=192&c=7&r=0&o=7&pid=1.7&rm=3,state-range-photos\maryland\Cumberland Bowhunters (Cumberland).jpg,image_search
0c7de074-b700-4b63-8945-88166b99769d,Cumberland River Straight Shooter,Mc Kee,Kentucky,https://th.bing.com/th/id/OIP.d2ztOMcKfu0F6oEBHnu-rQAAAA?w=204&h=272&c=7&r=0&o=7&pid=1.7&rm=3,state-range-photos\kentucky\Cumberland River Straight Shooter (Mc Kee).jpg,image_search
fcc03c0a-7d33-43f2-b272-33cf5883a5c4,Cyclones,Ottawa,Kansas,https://th.bing.com/th/id/OIP.DVawhqN9Y7Jlwp4DpbvG2QHaE7?w=300&h=200&c=7&r=0&o=7&pid=1.7&rm=3,state-range-photos\kansas\Cyclones (Ottawa).jpg,image_search
3e3fe9d0-875a-4336-8a2e-5f34f2dc64b8,D R Enterprises,Springfield,Ohio,https://th.bing.com/th/id/OIP.LCQVrHzpx8zxw65LtTJZ3gHaFD?w=264&h=180&c=7&r=0&o=7&pid=1.7&rm=3,state-range-photos\ohio\D R Enterprises (Springfield).jpg,image_search
b5635233-ee60-4bc8-88c7-408600752806,Dalhart Bowhunters,Dalhart,Texas,https://th.bing.com/th/id/OIP.3d_UQTxzVguFT74qY40b7QHaE8?w=257&h=180&c=7&r=0&o=7&pid=1.7&rm=3,state-range-photos\texas\Dalhart Bowhunters (Dalhart).jpg,image_search
00127b5c-5a79-4639-b519-ad7482f402d4,Datus Nock Offs JOAD,Sandy,Utah,https://th.bing.com/th/id/OIP.v1LahqL1vITkA_gXpxa5ygHaFj?w=228&h=180&c=7&r=0&o=7&pid=1.7&rm=3,state-range-photos\utah\Datus Nock Offs JOAD (Sandy).jpg,image_search
1daab8f6-19bb-42ab-a427-0e5dde4fdfe5,Deer Creek Archery,Churchville,Maryland,https://th.bing.com/th/id/OIP.aY3dszdIR5HiOqrrx6KSsQHaFj?w=245&h=184&c=7&r=0&o=7&pid=1.7&rm=3,state-range-photos\maryland\Deer Creek Archery (Churchville).jpg,image_search
4af08dc8-c099-44a2-aa3b-7b42ce60db5d,Deer Slayers Bowmans Association,Oswego,New York,https://thf.bing.com/th/id/OIP.ZpvWQ2bdwQA51qILfX473gHaE7?w=270&h=180&c=7&r=0&o=7&cb=thfc1falcon4&pid=1.7&rm=3,state-range-photos\new-york\Deer Slayers Bowmans Association (Oswego).jpg,image_search
c6f16d26-710e-4c6f-a51d-bd80fba525b2,Deertrack Bowhunters Inc,MARQUETTE,Michigan,https://thfvnext.bing.com/th/id/OIP.Mg8Wpia_Ngoamj_Gk0KlZwHaHd?w=161&h=180&c=7&r=0&o=7&cb=thfvnextfalcon4&pid=1.7&rm=3,state-range-photos\michigan\Deertrack Bowhunters Inc (MARQUETTE).jpg,image_search
d414ffee-f981-4313-b157-dd51f8ec8e18,Del Norte Archery,Rio Rancho,New Mexico,https://th.bing.com/th/id/OIP.k9fbO6CvD6XWs2jtBzb-UgHaE8?w=254&h=180&c=7&r=0&o=7&pid=1.7&rm=3,state-range-photos\new-mexico\Del Norte Archery (Rio Rancho).jpg,image_search
019c28f2-3cd4-480c-ab42-16c031d4dd39,Desert Destroyers Joad,Oro Valley,Arizona,https://thfvnext.bing.com/th/id/OIP.6ycKjcqPFLENavGNMsi8vgHaFj?w=241&h=181&c=7&r=0&o=7&cb=thfvnextfalcon4&pid=1.7&rm=3,state-range-photos\arizona\Desert Destroyers Joad (Oro Valley).jpg,image_search
93fd51ad-f177-4f47-87ea-3d0c6b701821,Dewitt Archery Team,Dewittm,Michigan,https://thf.bing.com/th/id/OIP.tG-uq8G_8BJ5jy2ZVvB_BwHaFj?w=234&h=180&c=7&r=0&o=7&cb=thfc1falcon4&pid=1.7&rm=3,state-range-photos\michigan\Dewitt Archery Team (Dewittm).jpg,image_search
3374dc14-e24b-4949-91fa-592e9cf161bd,Dinosaur Valley Archery Club,Glen Rose,Texas,https://th.bing.com/th/id/OIP.l23RHIhovg5jVaYegV1dWAHaHa?w=204&h=205&c=7&r=0&o=7&pid=1.7&rm=3,state-range-photos\texas\Dinosaur Valley Archery Club (Glen Rose).jpg,image_search
039a3163-15b8-4e60-8db2-a1b9cf25667a,Dodge County Team Bullseyes,Eastman,Georgia,https://thfvnext.bing.com/th/id/OIP.EOF3d9-hxefwkhDId99nVwHaE8?w=272&h=181&c=7&r=0&o=7&cb=thfvnextfalcon4&pid=1.7&rm=3,state-range-photos\georgia\Dodge County Team Bullseyes (Eastman).jpg,image_search
54f4bfb1-ae10-462d-a251-a7c28544e51b,Dover Consolidated Sportsmen,Dover,New Jersey,https://th.bing.com/th/id/OIP.__GP9lIzOZildh5YztrQFQHaE8?w=251&h=180&c=7&r=0&o=7&pid=1.7&rm=3,state-range-photos\new-jersey\Dover Consolidated Sportsmen (Dover).jpg,image_search
0516c9dd-0625-4d3f-a56b-8229ab78912e,Downwind Nockbusters,Idaho Falls,Idaho,https://thfvnext.bing.com/th/id/OIP.WEpeRvSVyqItEj34T2kfkAHaDa?w=322&h=161&c=7&r=0&o=7&cb=thfvnextfalcon4&pid=1.7&rm=3,state-range-photos\idaho\Downwind Nockbusters (Idaho Falls).jpg,image_search
47783923-5412-4097-a0dc-47f40ad246c6,Drawn to Him,Selma,North Carolina,https://th.bing.com/th/id/OIP.VdNQg2a0Krt5vJhw275SUwHaE8?w=262&h=180&c=7&r=0&o=7&pid=1.7&rm=3,state-range-photos\north-carolina\Drawn to Him (Selma).jpg,image_search
bd443853-61bc-476b-ac76-20c846d8c272,Dreamcatcher Archery,Las Vegas,Nevada,https://thf.bing.com/th/id/OIP.rvzHeR3dL3Saot9UuJTOyAAAAA?w=167&h=180&c=7&r=0&o=7&cb=thfc1falcon4&pid=1.7&rm=3,state-range-photos\nevada\Dreamcatcher Archery (Las Vegas).jpg,image_search
f9ba8dff-3d19-4af4-bfdd-e6820a81b01d,DropTine 3D Archery,Morehead,Kentucky,https://th.bing.com/th/id/OIP.uk9_UFeTSjmxtCKJBddCBgHaF7?w=222&h=180&c=7&r=0&o=7&pid=1.7&rm=3,state-range-photos\kentucky\DropTine 3D Archery (Morehead).jpg,image_search
4fa0ea75-c8b9-4e6e-9e54-7d681ee4d393,Dulce Jicarilla Bowhunters Archery Club,Dulce,New Mexico,https://thf.bing.com/th/id/OIP.kAMmsrAuJg0wjcTSR_T1LAHaFj?w=246&h=184&c=7&r=0&o=7&cb=thfc1falcon4&pid=1.7&rm=3,state-range-photos\new-mexico\Dulce Jicarilla Bowhunters Archery Club (Dulce).jpg,image_search
508072c5-7aef-47f4-9a81-ff1598221d95,Duncan Bowhunters,Duncan,Oklahoma,https://th.bing.com/th/id/OIP.VMzRJTUuOpDDRdUuW0dkwgHaFi?w=241&h=180&c=7&r=0&o=7&pid=1.7&rm=3,state-range-photos\oklahoma\Duncan Bowhunters (Duncan).jpg,image_search
4a932930-7217-4bd2-a116-b9491501b5b1,Dyke Springs Archery Club,Hope,Arkansas,https://th.bing.com/th/id/OIP.0OIhng4nX_qYcDLX0siQhAHaFd?w=245&h=180&c=7&r=0&o=7&pid=1.7&rm=3,state-range-photos\arkansas\Dyke Springs Archery Club (Hope).jpg,image_search
590f1000-13ba-4667-9462-01d7c22db544,E and J Archery,West Hampton,Massachusetts,https://th.bing.com/th/id/OIP.OrRjQT2Jj2bQHBi6HwQOKwHaFj?w=228&h=180&c=7&r=0&o=7&pid=1.7&rm=3,state-range-photos\massachusetts\E and J Archery (West Hampton).jpg,image_search
d5dbf45b-c468-4090-b257-0aa4e46a8d0e,Eagle Archers,Blountville,Tennessee,https://thfvnext.bing.com/th/id/OIP.9kuLU5xpjGHuZ8mj907FzAHaFj?w=214&h=180&c=7&r=0&o=7&cb=thfvnextfalcon4&pid=1.7&rm=3,state-range-photos\tennessee\Eagle Archers (Blountville).jpg,image_search
1388fada-58fe-4a16-9acd-ca1fde1e8d3d,Eagle Creek Archery,Statesboro,Georgia,https://th.bing.com/th/id/OIP.mVZ7k_kvQ3UmTmwl3kVVbgHaF1?w=231&h=182&c=7&r=0&o=7&pid=1.7&rm=3,state-range-photos\georgia\Eagle Creek Archery (Statesboro).jpg,image_search
1d2ec93d-41ef-490a-a5c9-d8f4d1634787,East Central Upper Peninsula Archers Association,Gould City,Michigan,https://thfvnext.bing.com/th/id/OIP.pSKhmGeezgDQ_6QSqEgIdgHaIY?w=157&h=180&c=7&r=0&o=7&cb=thfvnextfalcon4&pid=1.7&rm=3,state-range-photos\michigan\East Central Upper Peninsula Archers Association (Gould City).jpg,image_search
944015eb-3747-46f5-9cf5-a4069d33b1b3,East Haven Archery Range,East Haven,Connecticut,https://th.bing.com/th/id/OIP.bxj5uxjRAfI9QnnEY2fhegHaE8?w=270&h=180&c=7&r=0&o=7&pid=1.7&rm=3,state-range-photos\connecticut\East Haven Archery Range (East Haven).jpg,image_search
3f56bf51-867f-4b9b-89b9-4c2ab804ea1a,Eastern Sierra Archers,Bishop,California,https://thfvnext.bing.com/th/id/OIP.2pWvkheZHbHm3DZLKCh_AwHaEK?w=315&h=180&c=7&r=0&o=7&cb=thfvnextfalcon4&pid=1.7&rm=3,state-range-photos\california\Eastern Sierra Archers (Bishop).jpg,image_search
8b01b751-70b6-44a5-a047-ab586c4f6e6e,Eau Pleine Outdoors Club,Stratford,Wisconsin,https://th.bing.com/th/id/OIP.ULFafj35dl63yArkqGFWDQHaFj?w=209&h=180&c=7&r=0&o=7&pid=1.7&rm=3,state-range-photos\wisconsin\Eau Pleine Outdoors Club (Stratford).jpg,image_search
7ab14f4a-1cf2-45ad-93ef-35ded0c99b3f,Elevated Archery Bonner Springs,Bonner Springs,Kansas,https://th.bing.com/th/id/OIP.UjVR8rfx76OuKUqe9QIGrwHaED?w=284&h=180&c=7&r=0&o=7&pid=1.7&rm=3,state-range-photos\kansas\Elevated Archery Bonner Springs (Bonner Springs).jpg,image_search
f7ed1466-9014-4b66-936e-18dcb346e93f,Ellinwood Archery Club,Ellinwood,Kansas,https://th.bing.com/th/id/OIP.GOjsvkeVwSVYOtH6JQuMewHaHa?w=187&h=187&c=7&r=0&o=7&pid=1.7&rm=3,state-range-photos\kansas\Ellinwood Archery Club (Ellinwood).jpg,image_search
5a4320fb-021f-4208-8487-1bc159bf8987,Enduring Freedom Academy,San Antonio,Texas,https://th.bing.com/th/id/OIP.AoAJ8zOMgJceH0Rz6YlkSQHaHa?w=182&h=182&c=7&r=0&o=7&pid=1.7&rm=3,state-range-photos\texas\Enduring Freedom Academy (San Antonio).jpg,image_search
c4f655a2-01dc-4706-90b2-583cd3257af3,Etowah County Bowhunters Club,Hokes Bluff,Alabama,https://th.bing.com/th/id/OIP.qOiCXlaTbmiatzl-Y6kAHwHaHa?w=177&h=180&c=7&r=0&o=7&pid=1.7&rm=3,state-range-photos\alabama\Etowah County Bowhunters Club (Hokes Bluff).jpg,image_search
ab0fd3fd-da93-40bb-a067-867e792ccfee,Eureka Archery Club,Eureka,Kansas,https://th.bing.com/th/id/OIP.MdHEeZJPpngaJv0XQV_s-QHaIK?w=165&h=182&c=7&r=0&o=7&pid=1.7&rm=3,state-range-photos\kansas\Eureka Archery Club (Eureka).jpg,image_search
645b52a1-57bf-4779-b821-fbd66bc78204,Eutaw Forest Archers,Waldorf,Maryland,https://th.bing.com/th/id/OIP.uYgiwzmGXK_8MIBOWhYcDwHaFS?w=267&h=191&c=7&r=0&o=7&pid=1.7&rm=3,state-range-photos\maryland\Eutaw Forest Archers (Waldorf).jpg,image_search
95d4ddab-508b-477d-872b-a26c8f65767c,Every Arrow Counts Archery,Madison,Georgia,https://thf.bing.com/th/id/OIP.DgAmgk12fqAA5U54pjmtHAHaE7?w=278&h=185&c=7&r=0&o=7&cb=thfc1falcon4&pid=1.7&rm=3,state-range-photos\georgia\Every Arrow Counts Archery (Madison).jpg,image_search
2421be83-0df4-4241-9991-eea1d8add42d,Explore Archery - Appleton,La Grande,Oregon,https://thfvnext.bing.com/th/id/OIP.EyGlaoiMQCH2JdPjuvqcIAHaE8?w=262&h=180&c=7&r=0&o=7&cb=thfvnextfalcon4&pid=1.7&rm=3,state-range-photos\oregon\Explore Archery - Appleton (La Grande).jpg,image_search
e1a11327-645c-4a10-9245-8f49e6f73353,FC Bowhunters Association,Flora Vista,New Mexico,https://thfvnext.bing.com/th/id/OIP.kAMmsrAuJg0wjcTSR_T1LAHaFj?w=229&h=180&c=7&r=0&o=7&cb=thfvnextfalcon4&pid=1.7&rm=3,state-range-photos\new-mexico\FC Bowhunters Association (Flora Vista).jpg,image_search
81c6d5f0-8e5b-4e88-8769-0a4f32f8dc7f,Feraris Archery,Manitou,Kentucky,https://th.bing.com/th/id/OIP.-vfEWs9YqhacGC78itVKBwHaEK?w=280&h=180&c=7&r=0&o=7&pid=1.7&rm=3,state-range-photos\kentucky\Feraris Archery (Manitou).jpg,image_search
a2402b99-5da9-45b8-9a59-31ed0c32a17f,Fertigs Archery Club,Oil City,Pennsylvania,https://thfvnext.bing.com/th/id/OIP.vkxNvsB3mwRIth_nVlehOwHaEZ?w=317&h=188&c=7&r=0&o=7&cb=thfvnextfalcon4&pid=1.7&rm=3,state-range-photos\pennsylvania\Fertigs Archery Club (Oil City).jpg,image_search
a9366cd9-e25c-47bd-8d3f-aa395ea5275f,Fishing Creek Archery Club,Nashville,North Carolina,https://th.bing.com/th/id/OIP.t55l7TGOeFHmfjz5gdAivwHaFk?w=249&h=187&c=7&r=0&o=7&pid=1.7&rm=3,state-range-photos\north-carolina\Fishing Creek Archery Club (Nashville).jpg,image_search
076e9be0-bca7-4641-bc34-47dc3718a471,Five or Better Archery,Winchester,Tennessee,https://thfvnext.bing.com/th/id/OIP.WuwROMWhUvahB4nnmZSGywAAAA?w=187&h=180&c=7&r=0&o=7&cb=thfvnextfalcon4&pid=1.7&rm=3,state-range-photos\tennessee\Five or Better Archery (Winchester).jpg,image_search
38a848aa-06c4-4aa8-852b-88ac682a8e07,Fletcha Brothers Archery Club,Spring Branch,Texas,https://th.bing.com/th/id/OIP.qAOZ5-s7GV11EFXW_pXZyAHaHa?w=187&h=187&c=7&r=0&o=7&pid=1.7&rm=3,state-range-photos\texas\Fletcha Brothers Archery Club (Spring Branch).jpg,image_search
089c288b-aa2b-409c-b126-c1042eccf247,Flying Arrows JOAD,Washington Township,Ohio,https://th.bing.com/th/id/OIP.zGRczRabi3CXwQU5OyTNugHaEZ?w=300&h=180&c=7&r=0&o=7&pid=1.7&rm=3,state-range-photos\ohio\Flying Arrows JOAD (Washington Township).jpg,image_search
8b34c621-2efe-4a1f-b48c-96ef9924a3ec,Foothills Archery,Newton,North Carolina,https://th.bing.com/th/id/OIP.t55l7TGOeFHmfjz5gdAivwHaFk?w=211&h=180&c=7&r=0&o=7&pid=1.7&rm=3,state-range-photos\north-carolina\Foothills Archery (Newton).jpg,image_search
186040c0-5ee4-4da5-aad1-63412a80e255,Forest Glen Camps & Retreats,Huntsville,Texas,https://th.bing.com/th/id/OIP.O_HG98ZRzAnb1cJFdMe2tAHaHa?w=167&h=180&c=7&r=0&o=7&pid=1.7&rm=3,state-range-photos\texas\Forest Glen Camps  Retreats (Huntsville).jpg,image_search
3b057d88-1d02-4774-a5cc-651b723e379c,Fort Lee Archery Club,Petersburg,Virginia,https://thf.bing.com/th/id/OIP.0FuBVZP4-40GnfttT1eLtwHaFk?w=231&h=180&c=7&r=0&o=7&cb=thfc1falcon4&pid=1.7&rm=3,state-range-photos\virginia\Fort Lee Archery Club (Petersburg).jpg,image_search
94e007f1-4713-4378-ab24-b8034c0a95c3,Foster Can-Tucs Primitive Weapons Club,,Kentucky,https://th.bing.com/th/id/OIP.CN7lx4WMgWo1zOSgj8E4QwHaFj?w=231&h=180&c=7&r=0&o=7&pid=1.7&rm=3,state-range-photos\kentucky\Foster Can-Tucs Primitive Weapons Club (unknown).jpg,image_search
718fb311-282f-4b7f-b3d3-2277a73fb2da,Four Peaks Archery,Mesa,Arizona,https://th.bing.com/th/id/OIP.9QL5bU2NfmCJCE04O6KJ3gHaFj?w=240&h=180&c=7&r=0&o=7&pid=1.7&rm=3,state-range-photos\arizona\Four Peaks Archery (Mesa).jpg,image_search
a12b5e3a-5f2a-4ab5-bf31-e5d40311a9e2,Freedom Arrowsports LLC,Clarksburg,Pennsylvania,https://thf.bing.com/th/id/OIP.AZVm4owef30kgcqXLKCP1wHaHX?w=191&h=191&c=7&r=0&o=7&cb=thfc1falcon4&pid=1.7&rm=3,state-range-photos\pennsylvania\Freedom Arrowsports LLC (Clarksburg).jpg,image_search
e8e22d8e-6b64-458a-9de8-8cda695005c6,Friends of Eisenhower,Osage City,Kansas,https://th.bing.com/th/id/OIP.uGxdcDZDH5pfNqVWR1fY9QHaEZ?w=278&h=180&c=7&r=0&o=7&pid=1.7&rm=3,state-range-photos\kansas\Friends of Eisenhower (Osage City).jpg,image_search
138b3fd1-8443-4bfc-82f2-e2d247967635,Friends of the Deep Fork National Wildlife Refuse,Okmulgee,Oklahoma,https://thfvnext.bing.com/th/id/OIP.l03dV0Jym9T2De_Ty_0zOwEsEj?w=192&h=187&c=7&r=0&o=7&cb=thfvnextfalcon4&pid=1.7&rm=3,state-range-photos\oklahoma\Friends of the Deep Fork National Wildlife Refuse (Okmulgee).jpg,image_search
ef1ce22c-51de-4f69-81e0-994124fcc1f1,Frog's Timberland Archery,Cedar Hill,Tennessee,https://th.bing.com/th/id/OIP.KR7ZGJlkINq_Wgkw6Kre8AHaHZ?w=199&h=198&c=7&r=0&o=7&pid=1.7&rm=3,state-range-photos\tennessee\Frogs Timberland Archery (Cedar Hill).jpg,image_search
f02d43a8-90f8-4b14-a6ca-e3968c428b86,G2 Outdoor Shooting Academy,Ardmore,Oklahoma,https://th.bing.com/th/id/OIP.c-JKAj-3UY3du4FhXDoSmQHaHa?w=201&h=202&c=7&r=0&o=7&pid=1.7&rm=3,state-range-photos\oklahoma\G2 Outdoor Shooting Academy (Ardmore).jpg,image_search
f2da02bb-95e6-402e-a662-d46c7ecc80cc,G4 Archery,North Plains,Oregon,https://th.bing.com/th/id/OIP.xdtZy3fZjivdhJM1YN12NgHaGk?w=155&h=180&c=7&r=0&o=7&pid=1.7&rm=3,state-range-photos\oregon\G4 Archery (North Plains).jpg,image_search
c84b0ed6-569a-46ea-859e-e3ffcab2753e,Gainesville Archery Club,Gainesville,Georgia,https://thf.bing.com/th/id/OIP.qDMwNSOMoBmk4OPrD3damQHaFc?w=246&h=180&c=7&r=0&o=7&cb=thfc1falcon4&pid=1.7&rm=3,state-range-photos\georgia\Gainesville Archery Club (Gainesville).jpg,image_search
674069d6-caae-4c3e-b12b-fdf9b2a67575,Galesburg Archery Club,Galesburg,Illinois,https://th.bing.com/th/id/OIP.H_sFckyWhImr3Dnx7etBggHaFj?w=182&h=180&c=7&r=0&o=7&pid=1.7&rm=3,state-range-photos\illinois\Galesburg Archery Club (Galesburg).jpg,image_search
9f552eef-dcce-40e1-9da5-fe9d32d7eeef,Gallup Bowmen,Gallup,New Mexico,https://th.bing.com/th/id/OIP.VjYW1plAQZPOSJpGkCEijgHaFM?w=289&h=202&c=7&r=0&o=7&pid=1.7&rm=3,state-range-photos\new-mexico\Gallup Bowmen (Gallup).jpg,image_search
75bdc897-455a-45a0-b05d-bbd8141be640,Garden State Archery Club,Jacobstown,New Jersey,https://thfvnext.bing.com/th/id/OIP.73gfqudXelHByl2hM6vzMwHaFj?w=271&h=203&c=7&r=0&o=7&cb=thfvnextfalcon4&pid=1.7&rm=3,state-range-photos\new-jersey\Garden State Archery Club (Jacobstown).jpg,image_search
b0de9a64-709d-4fdf-af6e-3009bdaaba8d,Gassman's Archery and Air Rifles,San Antonio,Texas,https://th.bing.com/th/id/OIP.mg-V_jUMP3rMAgUx3da3yAHaFj?w=283&h=212&c=7&r=0&o=7&pid=1.7&rm=3,state-range-photos\texas\Gassmans Archery and Air Rifles (San Antonio).jpg,image_search
d5fcbef2-ef8c-463e-9a3e-ccc262bf27e7,Gateway 3D Adventures,Venus,Texas,https://th.bing.com/th/id/OIP.FVhSubKyBrSgWtJiIQfbGQHaEK?w=276&h=180&c=7&r=0&o=7&pid=1.7&rm=3,state-range-photos\texas\Gateway 3D Adventures (Venus).jpg,image_search
9925011c-f1aa-4238-97fd-4ea6f3b540d1,Geauga Bowman,Chardon,Ohio,https://thfvnext.bing.com/th/id/OIP.4t9OeTOHKMNfuXNuLOusgQHaFj?w=240&h=180&c=7&r=0&o=7&cb=thfvnextfalcon4&pid=1.7&rm=3,state-range-photos\ohio\Geauga Bowman (Chardon).jpg,image_search
236a5339-113b-446a-981d-a150cc1000b6,Gillman Academy,Fort Gibson,Oklahoma,https://th.bing.com/th/id/OIP.hKHkFa2ixe1FKLb7QzckKgHaEv?w=225&h=180&c=7&r=0&o=7&pid=1.7&rm=3,state-range-photos\oklahoma\Gillman Academy (Fort Gibson).jpg,image_search
07c5b416-2de0-4f96-a9f9-0664ba03d0e9,Golden Archers Academy JOAD,Addison,Texas,https://th.bing.com/th/id/OIP.a_HgUG1tZ1LF9UTxJmiWLAHaHa?w=184&h=184&c=7&r=0&o=7&pid=1.7&rm=3,state-range-photos\texas\Golden Archers Academy JOAD (Addison).jpg,image_search
de91b9d6-3666-4844-8e74-11d834cf7fe9,"Golden Hawks Archery Club, Inc.",Bethel,Ohio,https://th.bing.com/th/id/OIP.Bdh6QMSogZJE_kV_JePwUQHaEj?w=318&h=196&c=7&r=0&o=7&pid=1.7&rm=3,state-range-photos\ohio\Golden Hawks Archery Club Inc (Bethel).jpg,image_search
fbde2a55-4ed1-4ece-a7e3-07e795530c20,Gooch's Mill Archery Club,Oxford,North Carolina,https://thfvnext.bing.com/th/id/OIP.8LQ1lvgDgAF5yUFqsrxxyQHaHa?w=179&h=180&c=7&r=0&o=7&cb=thfvnextfalcon4&pid=1.7&rm=3,state-range-photos\north-carolina\Goochs Mill Archery Club (Oxford).jpg,image_search
6f8f53ce-c741-4b50-aacc-1e1b7624982d,Grand River Sportsmans Club,Lemmon,South Dakota,https://th.bing.com/th/id/OIP.RqVLHK9cTavczg1HrTUW6wHaFj?w=270&h=202&c=7&r=0&o=7&pid=1.7&rm=3,state-range-photos\south-dakota\Grand River Sportsmans Club (Lemmon).jpg,image_search
dc911ad7-8e48-4b4d-b1ac-357659f9b063,Granite City Joad,Rice,Minnesota,https://th.bing.com/th/id/OIP.usQsK5Or9-4687u0RYQNbwHaFj?w=235&h=180&c=7&r=0&o=7&pid=1.7&rm=3,state-range-photos\minnesota\Granite City Joad (Rice).jpg,image_search
312dc519-3fa3-4b1c-8de8-22d4973cc45b,Great Falls Archery Club,Great Falls,Montana,https://thf.bing.com/th/id/OIP.ymt5EOjdLov5AgMmFO78NgHaFj?w=275&h=206&c=7&r=0&o=7&cb=thfc1falcon4&pid=1.7&rm=3,state-range-photos\montana\Great Falls Archery Club (Great Falls).jpg,image_search
6ed7ebc9-c33d-4a42-b7d1-05403ca9d8c7,Great Falls Council Range and Target Sports,Sloan,New York,https://th.bing.com/th/id/OIP.4Ha5xRei-4ZScBLKLYtzJAHaFj?w=236&h=180&c=7&r=0&o=7&pid=1.7&rm=3,state-range-photos\new-york\Great Falls Council Range and Target Sports (Sloan).jpg,image_search
18904e39-b159-41ce-a205-0cabe7fd8d57,Great Swamp Archery Club,Ernul,North Carolina,https://thfvnext.bing.com/th/id/OIP.T_Fo1kUg5cKdZGTNyl2dDgHaFj?w=224&h=180&c=7&r=0&o=7&cb=thfvnextfalcon4&pid=1.7&rm=3,state-range-photos\north-carolina\Great Swamp Archery Club (Ernul).jpg,image_search
3119d93a-3495-4f7d-848b-cf8623e81e84,Green Hills Archers,Laclede,Missouri,https://th.bing.com/th/id/OIP.eLGuhZ_aHB7fjYPKfRVb2QHaDq?w=336&h=172&c=7&r=0&o=7&pid=1.7&rm=3,state-range-photos\missouri\Green Hills Archers (Laclede).jpg,image_search
bf3a84e8-ea70-4642-89a7-0327c628f27e,Green Mountain Traditional Bowhunters,Vergennes,Vermont,https://th.bing.com/th/id/OIP.zWk1gyDu3nv3D8970JC_WwHaFj?w=236&h=180&c=7&r=0&o=7&pid=1.7&rm=3,state-range-photos\vermont\Green Mountain Traditional Bowhunters (Vergennes).jpg,image_search
03ce3bc7-a28a-49f3-89b7-2525a83341b6,Grenada Archery Shooters Association,Grenada,Mississippi,https://thf.bing.com/th/id/OIP.wVJCp13dXj2g6KrnuKCkSgHaE8?w=230&h=180&c=7&r=0&o=7&cb=thfc1falcon4&pid=1.7&rm=3,state-range-photos\mississippi\Grenada Archery Shooters Association (Grenada).jpg,image_search
31a062d8-c757-4650-a900-e1383053a5a2,Grenada Bowhunters Association,Grenada,Mississippi,https://th.bing.com/th/id/OIP.Fhiud8MHdHgeo9CrBgT5ywHaIA?w=163&h=180&c=7&r=0&o=7&pid=1.7&rm=3,state-range-photos\mississippi\Grenada Bowhunters Association (Grenada).jpg,image_search
628fb1ce-34fc-42df-8356-c2301befbc61,Guilford Bowhunters,McLeansville,North Carolina,https://th.bing.com/th/id/OIP.E107rs3TSTeHKK4odTzqTQHaE0?w=272&h=180&c=7&r=0&o=7&pid=1.7&rm=3,state-range-photos\north-carolina\Guilford Bowhunters (McLeansville).jpg,image_search
7f3feca6-662f-4a3c-9568-e6d29079d3a2,Harford Bowmen,Havre de Grace,Maryland,https://thfvnext.bing.com/th/id/OIP.2z8UjplLs2M2Px2lwm_3fQHaFj?w=233&h=180&c=7&r=0&o=7&cb=thfvnextfalcon4&pid=1.7&rm=3,state-range-photos\maryland\Harford Bowmen (Havre de Grace).jpg,image_search
0e7ad46d-c3eb-4682-a78e-61633c0d39e0,Harford Bowmen Inc,Havre de Grace,Maryland,https://th.bing.com/th/id/OIP.919KfHFA_YgWloyt1DUp2wHaEt?w=283&h=180&c=7&r=0&o=7&pid=1.7&rm=3,state-range-photos\maryland\Harford Bowmen Inc (Havre de Grace).jpg,image_search
0228dfbf-c5f2-4e4b-b608-ffde29ad46a3,Hell Hole Archers,BIG PINEY,Wyoming,https://th.bing.com/th/id/OIP.iQxHzWKxc4YTPI7M8M3KHgHaJ4?w=162&h=216&c=7&r=0&o=7&pid=1.7&rm=3,state-range-photos\wyoming\Hell Hole Archers (BIG PINEY).jpg,image_search
c6ed2be2-1b6b-4570-9025-c693e1e60606,Hells Canyon Archers Inc,LEWISTON,Idaho,https://thf.bing.com/th/id/OIP.3yjE_vCZjC4xCoKIccloogHaHa?w=193&h=194&c=7&r=0&o=7&cb=thfc1falcon4&pid=1.7&rm=3,state-range-photos\idaho\Hells Canyon Archers Inc (LEWISTON).jpg,image_search
53f2c765-7e22-4b70-ac3f-65be275f8727,Heritage Archery Club,Hanceville,Alabama,https://thf.bing.com/th/id/OIP.WIuxH3G5C78A4ctISfdVbwHaJ4?w=151&h=201&c=7&r=0&o=7&cb=thfc1falcon4&pid=1.7&rm=3,state-range-photos\alabama\Heritage Archery Club (Hanceville).jpg,image_search
4b351405-84b4-42de-a936-2aea90153958,Hickory Hollow Outdoors,Mansfield,Missouri,https://thfvnext.bing.com/th/id/OIP.EGDqyNYeLNkyC_TK1GpjjwAAAA?w=180&h=180&c=7&r=0&o=7&cb=thfvnextfalcon4&pid=1.7&rm=3,state-range-photos\missouri\Hickory Hollow Outdoors (Mansfield).jpg,image_search
679fe5f3-def1-4b70-9a21-07d3bc2b13c2,High Feather Archery Club,New Milton,West Virginia,https://th.bing.com/th/id/OIP.emgzNISBzlW_ck74jURqCgHaHa?w=161&h=180&c=7&r=0&o=7&pid=1.7&rm=3,state-range-photos\west-virginia\High Feather Archery Club (New Milton).jpg,image_search
cc263737-423b-4833-82c8-93a6d80e48f1,High Octane Archery Club,Huston,Texas,https://thfvnext.bing.com/th/id/OIP.szx7hjvXEjgebTLM8J6FkQHaJQ?w=151&h=189&c=7&r=0&o=7&cb=thfvnextfalcon4&pid=1.7&rm=3,state-range-photos\texas\High Octane Archery Club (Huston).jpg,image_search
ac0efe0a-fbde-49b3-a699-d2db480d5a63,High Plains Archery Club - KS,Lakin,Kansas,https://th.bing.com/th/id/OIP.ySz5smRY8ObZHeC5I7gUKAHaJ4?w=204&h=272&c=7&r=0&o=7&pid=1.7&rm=3,state-range-photos\kansas\High Plains Archery Club - KS (Lakin).jpg,image_search
c8e3345b-dd7e-4fc1-a295-2defadc34d95,Highline Archery,Sulphur Rock,Arkansas,https://th.bing.com/th/id/OIP.YD4T3PNGbPj0hrI180vb-wHaEf?w=304&h=184&c=7&r=0&o=7&pid=1.7&rm=3,state-range-photos\arkansas\Highline Archery (Sulphur Rock).jpg,image_search
6ac93918-5c89-42fb-8fce-3f845df63995,Hillsdale County Conservation Club,Asseo,Michigan,https://th.bing.com/th/id/OIP.-BYDmzNrgX9uAKGs3D0atwHaEK?w=305&h=180&c=7&r=0&o=7&pid=1.7&rm=3,state-range-photos\michigan\Hillsdale County Conservation Club (Asseo).jpg,image_search
2ba6828d-36c4-4bbb-a6bf-ee92726e5908,Hilltop Archery,Manchester,Kentucky,https://thfvnext.bing.com/th/id/OIP.O0zBf-4C-HtSGjWn-N-E2gHaHa?w=174&h=180&c=7&r=0&o=7&cb=thfvnextfalcon4&pid=1.7&rm=3,state-range-photos\kentucky\Hilltop Archery (Manchester).jpg,image_search
e92747d4-507d-447d-9610-cf069054d19a,Hilltop Plantation LLC,Kiln,Mississippi,https://thf.bing.com/th/id/OIP.JoDu6Vx5bVqnXPDPKN3rlQHaDS?w=333&h=155&c=7&r=0&o=7&cb=thfc1falcon4&pid=1.7&rm=3,state-range-photos\mississippi\Hilltop Plantation LLC (Kiln).jpg,image_search
d028bb57-6743-477e-a48b-6810a3efe811,HKC Archery,Buford,Georgia,https://thf.bing.com/th/id/OIP.A5LgrjmPNgUasMkNEqCLKAHaE8?w=271&h=181&c=7&r=0&o=7&cb=thfc1falcon4&pid=1.7&rm=3,state-range-photos\georgia\HKC Archery (Buford).jpg,image_search
e2452809-2399-4faa-9e21-d2aadaa28982,Holliday Creek Archery Assoc,Holliday,Texas,https://th.bing.com/th/id/OIP.9J-btOICBXTPqchR4kqr1gHaEZ?w=281&h=180&c=7&r=0&o=7&pid=1.7&rm=3,state-range-photos\texas\Holliday Creek Archery Assoc (Holliday).jpg,image_search
fd355216-b140-4a50-b4ff-77e5c8c4a400,Hollywood Archery,Union,West Virginia,https://thfvnext.bing.com/th/id/OIP.Jp-SAxunYawlSk7RMI2TtAHaEG?w=302&h=180&c=7&r=0&o=7&cb=thfvnextfalcon4&pid=1.7&rm=3,state-range-photos\west-virginia\Hollywood Archery (Union).jpg,image_search
1b2dff0c-7746-4357-a5e4-3699d70d805e,Honey Badger Archery Custom Strings,Tucson,Arizona,https://thf.bing.com/th/id/OIP.hbgedTRef54ndzqMaA9r6gHaE8?w=280&h=187&c=7&r=0&o=7&cb=thfc1falcon4&pid=1.7&rm=3,state-range-photos\arizona\Honey Badger Archery Custom Strings (Tucson).jpg,image_search
14fda82b-6b59-4ac6-a498-2763ea6003c0,Hooterville Acres Archery,Union,Missouri,https://thfvnext.bing.com/th/id/OIP.3asUwSWu2FS37HmdOTG1TAHaHa?w=175&h=180&c=7&r=0&o=7&cb=thfvnextfalcon4&pid=1.7&rm=3,state-range-photos\missouri\Hooterville Acres Archery (Union).jpg,image_search
be38ab2f-3b9a-4f72-a549-f460521e62ff,Hot Spring County Bowhunters,Donaldson,Arkansas,https://th.bing.com/th/id/OIP.8YMn3_8W-fI4ixj2rkQPagHaFj?w=272&h=204&c=7&r=0&o=7&pid=1.7&rm=3,state-range-photos\arkansas\Hot Spring County Bowhunters (Donaldson).jpg,image_search
c0094588-4378-47b6-8b20-8df16b66e748,HotShots Archery Academy,Dayton,Ohio,https://th.bing.com/th/id/OIP.kmtFk2XFHfPcnkdYsqmVUgHaD4?w=322&h=180&c=7&r=0&o=7&pid=1.7&rm=3,state-range-photos\ohio\HotShots Archery Academy (Dayton).jpg,image_search
3b5d919b-5054-4be8-8ae0-933d9b5cdc7f,How 'Bout Dat Archery,Oklahoma City,Oklahoma,https://thfvnext.bing.com/th/id/OIP.Wn64yU5rXWLZr8vgiQYpBgHaEp?w=253&h=180&c=7&r=0&o=7&cb=thfvnextfalcon4&pid=1.7&rm=3,state-range-photos\oklahoma\How Bout Dat Archery (Oklahoma City).jpg,image_search
a147a2d8-edb7-451e-a742-12f574e992ea,How-Kota Archers,Pierre,South Dakota,https://thf.bing.com/th/id/OIP.E291P1EVPtzdQ-JiRkB0CwHaHa?w=167&h=180&c=7&r=0&o=7&cb=thfc1falcon4&pid=1.7&rm=3,state-range-photos\south-dakota\How-Kota Archers (Pierre).jpg,image_search
76d70c2e-1465-4203-82dc-100728f8e1e4,Humphries Archery,Salt Lake City,Utah,https://th.bing.com/th/id/OIP.SZdL0DUMCDdOns31QdBOwQHaHa?w=162&h=180&c=7&r=0&o=7&pid=1.7&rm=3,state-range-photos\utah\Humphries Archery (Salt Lake City).jpg,image_search
9b07d802-6f74-494c-897f-bb7ccb42b5ec,Hunt County Archery Club,Greenville,Texas,https://thfvnext.bing.com/th/id/OIP.eeec3_C8U500S5fYOhMtIQAAAA?w=180&h=180&c=7&r=0&o=7&cb=thfvnextfalcon4&pid=1.7&rm=3,state-range-photos\texas\Hunt County Archery Club (Greenville).jpg,image_search
066bb5e9-c896-4956-a62a-20234e2e7e66,Hunter's Choice,Tampa,Florida,https://thfvnext.bing.com/th/id/OIP.ClWg9ikXUdDPUNT4jOC0fAHaD6?w=335&h=180&c=7&r=0&o=7&cb=thfvnextfalcon4&pid=1.7&rm=3,state-range-photos\florida\Hunters Choice (Tampa).jpg,image_search
84b1027e-cebf-4e82-9d50-429a4cf76cb5,Huntin Hard Archers,Happy Jack,Arizona,https://thf.bing.com/th/id/OIP.nsLEUiaZj_SnBhVmQ1gLJwHaHW?w=169&h=180&c=7&r=0&o=7&cb=thfc1falcon4&pid=1.7&rm=3,state-range-photos\arizona\Huntin Hard Archers (Happy Jack).jpg,image_search
576e1e07-b446-45e0-860d-37d15db476d0,Hunting Spot,Delta,Utah,https://thfvnext.bing.com/th/id/OIP.fJKNgI3km9JjGlwgVxhmDQHaFN?w=260&h=182&c=7&r=0&o=7&cb=thfvnextfalcon4&pid=1.7&rm=3,state-range-photos\utah\Hunting Spot (Delta).jpg,image_search
3d2a78c0-832e-4df9-ac85-8edcdc5e55a4,Huntington Archery Club,Huntington,West Virginia,https://th.bing.com/th/id/OIP.Iu37kbALBZHdOXPmcf-lqwHaDu?w=330&h=176&c=7&r=0&o=7&pid=1.7&rm=3,state-range-photos\west-virginia\Huntington Archery Club (Huntington).jpg,image_search
7bcdcf2c-267f-412f-bd0a-545f3fe3ad06,Impact Archery - CA,Fresno,California,https://thf.bing.com/th/id/OIP.dzygcKOUoS_zdOya9qEDTAHaGN?w=198&h=180&c=7&r=0&o=7&cb=thfc1falcon4&pid=1.7&rm=3,state-range-photos\california\Impact Archery - CA (Fresno).jpg,image_search
7ca02064-2bb3-4685-afd0-cdc95060abef,Independence Bowhunters,Raytown,Missouri,https://th.bing.com/th/id/OIP.CB-zJ19z6OEwup5TUoAPQQHaEH?w=318&h=180&c=7&r=0&o=7&pid=1.7&rm=3,state-range-photos\missouri\Independence Bowhunters (Raytown).jpg,image_search
96c4a49a-7d4c-4f04-9461-f1d6c7e35352,Indian Creek Bowman,,Louisiana,https://th.bing.com/th/id/OIP.97N7Q4QlOWBD8RAf1POYygHaEK?w=301&h=180&c=7&r=0&o=7&pid=1.7&rm=3,state-range-photos\louisiana\Indian Creek Bowman (unknown).jpg,image_search
6d5ca53a-3155-4e25-821b-1691faeab324,Indian Trails Archery Pro Shop,SALEM,Missouri,https://thfvnext.bing.com/th/id/OIP.1j0GOpXBuds8-FHC56c7TgHaFj?w=210&h=180&c=7&r=0&o=7&cb=thfvnextfalcon4&pid=1.7&rm=3,state-range-photos\missouri\Indian Trails Archery Pro Shop (SALEM).jpg,image_search
c810a806-095a-4157-8dea-d9fd9a49c208,Integrity Archery of Florida,Orlando,Florida,https://thf.bing.com/th/id/OIP.wvgAEf9iVYhc-Kv_UJHnQwHaEZ?w=300&h=180&c=7&r=0&o=7&cb=thfc1falcon4&pid=1.7&rm=3,state-range-photos\florida\Integrity Archery of Florida (Orlando).jpg,image_search
5a540d75-458d-4d4a-9fe8-47fd0cb79d43,Invictus Archery,San Jose,California,https://thfvnext.bing.com/th/id/OIP.kMVXF6v8yTCAWqngQJBkMgHaE8?w=223&h=180&c=7&r=0&o=7&cb=thfvnextfalcon4&pid=1.7&rm=3,state-range-photos\california\Invictus Archery (San Jose).jpg,image_search
bd90ca05-ef02-4918-a09b-695b46844d16,Irlbeck Outdoors Liquor & Sporting Goods,Milltown,Wisconsin,https://th.bing.com/th/id/OIP.BOT2Rql8nboWlNI_gfSggQHaFj?w=190&h=180&c=7&r=0&o=7&pid=1.7&rm=3,state-range-photos\wisconsin\Irlbeck Outdoors Liquor  Sporting Goods (Milltown).jpg,image_search
7231fbc4-722d-40a0-bd68-67f331241659,Iron Draw Archery,Statesboro,Georgia,https://th.bing.com/th/id/OIP.A5LgrjmPNgUasMkNEqCLKAHaE8?w=272&h=181&c=7&r=0&o=7&pid=1.7&rm=3,state-range-photos\georgia\Iron Draw Archery (Statesboro).jpg,image_search
f5e9b238-e5f2-47b2-93bc-59c698a979d8,Island Hilltop Archery,Sicily Island,Louisiana,https://th.bing.com/th/id/OIP.AT3Q50TvBehhna_vYsLVHgHaHa?w=190&h=190&c=7&r=0&o=7&pid=1.7&rm=3,state-range-photos\louisiana\Island Hilltop Archery (Sicily Island).jpg,image_search
0d27cf60-2632-4522-831a-9972ffa648b9,Jaat Archery,Upper Sandusky,Ohio,https://th.bing.com/th/id/OIP.4N6qKnpAhwI5vZiBYYFPkQHaHZ?w=173&h=180&c=7&r=0&o=7&pid=1.7&rm=3,state-range-photos\ohio\Jaat Archery (Upper Sandusky).jpg,image_search
29065cb4-b979-4ce0-a846-6216f0ae023e,Jackson Bowhunters,Jackson,Ohio,https://th.bing.com/th/id/OIP.2NgIfUxmgec9gTQRFLStEAHaE7?w=298&h=199&c=7&r=0&o=7&pid=1.7&rm=3,state-range-photos\ohio\Jackson Bowhunters (Jackson).jpg,image_search
6a7e3e35-02ec-4f14-ab74-4cf1d9685831,Jackson Parish Bowhunters,Jonesboro,Louisiana,https://thfvnext.bing.com/th/id/OIP.BlffrYs6am6qjE8simVz5QHaHa?w=181&h=181&c=7&r=0&o=7&cb=thfvnextfalcon4&pid=1.7&rm=3,state-range-photos\louisiana\Jackson Parish Bowhunters (Jonesboro).jpg,image_search
fa559696-5833-4c47-a861-e87da479ac1d,Jacob Archery Range,Air Force Academy,Colorado,https://th.bing.com/th/id/OIP.mUov1z43dFwkMzZRoLHeGQHaE8?w=303&h=202&c=7&r=0&o=7&pid=1.7&rm=3,state-range-photos\colorado\Jacob Archery Range (Air Force Academy).jpg,image_search
95425fd6-2264-4d72-8787-e55ab63861b8,Jefferson County Bowhunters,Mt Olive,Alabama,https://th.bing.com/th/id/OIP.1vSLkqScuqa6YDVW3V9e3QHaFj?w=266&h=200&c=7&r=0&o=7&pid=1.7&rm=3,state-range-photos\alabama\Jefferson County Bowhunters (Mt Olive).jpg,image_search
b9e740aa-53ba-4f0e-b48c-f499eb8c8f9c,Jefferson County Bowmen,Festus,Missouri,https://th.bing.com/th/id/OIP.2IKQvBYy_aWb4QBhQzDuEwAAAA?w=190&h=190&c=7&r=0&o=7&pid=1.7&rm=3,state-range-photos\missouri\Jefferson County Bowmen (Festus).jpg,image_search
97b4db1d-db03-40ef-b044-0f4bd3077463,Johnston's Sporting Goods PA,Croydon,Pennsylvania,https://th.bing.com/th/id/OIP.tJj_4_0dfyMyVjHWjSbgeAHaHa?w=177&h=180&c=7&r=0&o=7&pid=1.7&rm=3,state-range-photos\pennsylvania\Johnstons Sporting Goods PA (Croydon).jpg,image_search
4af87de9-a08f-4122-9d13-b98c27408279,JRS Archery Strings,Glendale,Arizona,https://th.bing.com/th/id/OIP.PsY2tsmjfHPl1jeyv9rl0gHaFj?w=248&h=186&c=7&r=0&o=7&pid=1.7&rm=3,state-range-photos\arizona\JRS Archery Strings (Glendale).jpg,image_search
cf7c0b2d-b247-4b74-888a-243ceeed9abc,Kansas Archery Center LLC,Manhattan,Kansas,https://th.bing.com/th/id/OIP.ILrUHojCS6YdP5Jz88tJZQHaJQ?w=204&h=255&c=7&r=0&o=7&pid=1.7&rm=3,state-range-photos\kansas\Kansas Archery Center LLC (Manhattan).jpg,image_search
b6884a51-e1f0-4a92-8946-e367bd8d2391,KC Performance Archery & Range,Kansas City,Missouri,https://th.bing.com/th/id/OIP.XYig8ERZvUjReHZ8R0lw5QAAAA?w=233&h=181&c=7&r=0&o=7&pid=1.7&rm=3,state-range-photos\missouri\KC Performance Archery  Range (Kansas City).jpg,image_search
d30416c9-3904-426d-a7fd-33187b748f97,Keeg's Outdoors,Ridgeway,Ohio,https://th.bing.com/th/id/OIP.bdo0ee9QBp8vx797xtnJ1QHaHa?w=167&h=180&c=7&r=0&o=7&pid=1.7&rm=3,state-range-photos\ohio\Keegs Outdoors (Ridgeway).jpg,image_search
0d45e2fc-6109-4e50-90ea-61c5bcf778cd,Kenmore Gun Ranges,,Washington,https://th.bing.com/th/id/OIP.ma_HUMeWyHf9_wHEdKJIHQHaE8?w=291&h=194&c=7&r=0&o=7&pid=1.7&rm=3,state-range-photos\washington\Kenmore Gun Ranges (unknown).jpg,image_search
aa8bdeb3-b1f0-4a4b-b55b-233d38aece4d,Kenton Game & Fish Assoc.,Locust Pike,Kentucky,https://thf.bing.com/th/id/OIP.tlzgN6fU0WhN_ugU5RKCxAHaGe?w=183&h=180&c=7&r=0&o=7&cb=thfc1falcon4&pid=1.7&rm=3,state-range-photos\kentucky\Kenton Game  Fish Assoc (Locust Pike).jpg,image_search
75b070fb-840f-428c-aad5-695654b2e8b8,Kentucky's Best Archery Club,,Kentucky,https://th.bing.com/th/id/OIP.UUtu7-SVpIAgv7QC8BUG9wHaE8?w=206&h=180&c=7&r=0&o=7&pid=1.7&rm=3,state-range-photos\kentucky\Kentuckys Best Archery Club (unknown).jpg,image_search
4758ec41-7b23-4010-be44-ba623b1254a9,Kyles Custom Arrows and Archery Supply,Bucyrus,Missouri,https://thf.bing.com/th/id/OIP.CM7VfjYuN2ksSGGwjhBRrgAAAA?w=228&h=201&c=7&r=0&o=7&cb=thfc1falcon4&pid=1.7&rm=3,state-range-photos\missouri\Kyles Custom Arrows and Archery Supply (Bucyrus).jpg,image_search
a23c3384-23c4-4638-abe3-29f67595b502,Lake Charles Archery Club,Westlake,Louisiana,https://th.bing.com/th/id/OIP._MNZnlLqwafGeFoDZ7j83wHaF-?w=254&h=205&c=7&r=0&o=7&pid=1.7&rm=3,state-range-photos\louisiana\Lake Charles Archery Club (Westlake).jpg,image_search
e630b021-f5c9-459d-b52b-c42d06cd4ca4,Lakeview Bowmen,Lakeview,Oregon,https://thf.bing.com/th/id/OIP.JUOxttqSZ3dOaibaKKUHnAHaHa?w=159&h=180&c=7&r=0&o=7&cb=thfc1falcon4&pid=1.7&rm=3,state-range-photos\oregon\Lakeview Bowmen (Lakeview).jpg,image_search
c54ad5d5-2959-45a9-abfa-9b4e4ccaf4d6,Lamar's Trail Stop,Rockmart,Georgia,https://thf.bing.com/th/id/OIP.ZW6rly6mR4Bs7XSpiE_RwwHaDx?w=301&h=178&c=7&r=0&o=7&cb=thfc1falcon4&pid=1.7&rm=3,state-range-photos\georgia\Lamars Trail Stop (Rockmart).jpg,image_search
3c121a3b-8957-4fd2-b41b-c0694dfba155,Lamoille Valley Fish and Game Club,Morrisville,Vermont,https://thfvnext.bing.com/th/id/OIP.sPev6gvcE7_IcJ43dWMczAHaH6?w=187&h=199&c=7&r=0&o=7&cb=thfvnextfalcon4&pid=1.7&rm=3,state-range-photos\vermont\Lamoille Valley Fish and Game Club (Morrisville).jpg,image_search
4b0ef18b-e60e-4523-8dc0-3d1a6b47f391,Larry's Archery & Pawn,Madison,Alabama,https://thfvnext.bing.com/th/id/OIP.1XSuCnj4P4FT2JhTEYRDmQHaE_?w=267&h=180&c=7&r=0&o=7&cb=thfvnextfalcon4&pid=1.7&rm=3,state-range-photos\alabama\Larrys Archery  Pawn (Madison).jpg,image_search
bf86ab68-d537-4762-9a04-b9466030d266,Laughery Valley Fish & Game,Versailles,Indiana,https://thfvnext.bing.com/th/id/OIP.6xdMANkdjWHzvmn5tchyZQHaFi?w=204&h=152&c=7&r=0&o=7&cb=thfvnextfalcon4&pid=1.7&rm=3,state-range-photos\indiana\Laughery Valley Fish  Game (Versailles).jpg,image_search
68abb4c4-dad3-470a-bd26-b73d38080776,Laurel Bowhunters,Laurel,Mississippi,https://th.bing.com/th/id/OIP.Td-NaOJBFtxl8-uatCKOhwHaHZ?w=164&h=180&c=7&r=0&o=7&pid=1.7&rm=3,state-range-photos\mississippi\Laurel Bowhunters (Laurel).jpg,image_search
2bd79510-9ba6-4f10-8191-c049476702f9,Lazy Day Archery Club,Paris,Tennessee,https://thf.bing.com/th/id/OIP.fJmSB0eAPhn7QhO3MJzmawHaHa?w=157&h=180&c=7&r=0&o=7&cb=thfc1falcon4&pid=1.7&rm=3,state-range-photos\tennessee\Lazy Day Archery Club (Paris).jpg,image_search
f109a5f0-966a-4916-8041-730ca06422eb,Lea County Archery Association,Hobbs,New Mexico,https://th.bing.com/th/id/OIP.tAbGoL_hpOadVT2XxjM4LQHaHa?w=158&h=180&c=7&r=0&o=7&pid=1.7&rm=3,state-range-photos\new-mexico\Lea County Archery Association (Hobbs).jpg,image_search
8ab331be-f2c0-434c-b8e6-e704f2a606b8,Leedey Archery Association,Leedey,Oklahoma,https://th.bing.com/th/id/OIP.qJmuk1ZpFPvXEY6WeoMtUwHaE7?w=273&h=182&c=7&r=0&o=7&pid=1.7&rm=3,state-range-photos\oklahoma\Leedey Archery Association (Leedey).jpg,image_search
391adf33-25e4-43f8-a661-b3643e77937a,Legacy Indoor Range and Armory,Maple Shade,New Jersey,https://th.bing.com/th/id/OIP.D29gnX20a-gIb_Ea8OZpBAHaFj?w=181&h=180&c=7&r=0&o=7&pid=1.7&rm=3,state-range-photos\new-jersey\Legacy Indoor Range and Armory (Maple Shade).jpg,image_search
3e679bac-96fa-4d38-a7a2-9b9405eefaa0,Legends Archery Range,Choctaw,Oklahoma,https://th.bing.com/th/id/OIP.PoqRacuvs-GQPogh7VEMKgHaEK?w=302&h=180&c=7&r=0&o=7&pid=1.7&rm=3,state-range-photos\oklahoma\Legends Archery Range (Choctaw).jpg,image_search
9c8278ce-4c0f-4329-9a2a-1351c60b96a0,Lejeune Archery Club,Jacksonville,North Carolina,https://th.bing.com/th/id/OIP.r6pBjn4hTzDW67NlFgOAPgHaE8?w=293&h=195&c=7&r=0&o=7&pid=1.7&rm=3,state-range-photos\north-carolina\Lejeune Archery Club (Jacksonville).jpg,image_search
dd2cd15f-856f-4b41-8fa6-c7228278a459,Lewis & Clark Bowmen - WA,Castle Rock,Washington,https://thfvnext.bing.com/th/id/OIP.D4B33RnUc4VJLhyOrQFLWAHaJ4?w=204&h=272&c=7&r=0&o=7&cb=thfvnextfalcon4&pid=1.7&rm=3,state-range-photos\washington\Lewis  Clark Bowmen - WA (Castle Rock).jpg,image_search
4f77172b-a5ca-4b7b-aafa-645599a729b3,Lewistown Bowhunters Association,LEWISTOWN,Montana,https://th.bing.com/th/id/OIP.d1rDCtOq9mAcsuaOQtoEAgHaHa?w=204&h=204&c=7&r=0&o=7&pid=1.7&rm=3,state-range-photos\montana\Lewistown Bowhunters Association (LEWISTOWN).jpg,image_search
157ff6d1-05d9-44fb-aff7-75accad2b4fc,Libby Archery Club,Libby,Montana,https://th.bing.com/th/id/OIP.tuf-o5SkxWpUGyFH7vODVgHaEK?w=284&h=180&c=7&r=0&o=7&pid=1.7&rm=3,state-range-photos\montana\Libby Archery Club (Libby).jpg,image_search
d938ef39-2d5c-4d68-8506-cf3c7019d208,Liner12 Archery,Marana,Arizona,https://th.bing.com/th/id/OIP.aKjW5WrnFVoTKjOlmVKtrwHaHZ?w=192&h=191&c=7&r=0&o=7&pid=1.7&rm=3,state-range-photos\arizona\Liner12 Archery (Marana).jpg,image_search
6731b0dc-b46a-4998-a279-77a2f7521643,Linwood Smith Archery,St. Johnsbury,Vermont,https://th.bing.com/th/id/OIP.Y6pq5fDxTLoHaQPMtpgaDQHaEK?w=295&h=180&c=7&r=0&o=7&pid=1.7&rm=3,state-range-photos\vermont\Linwood Smith Archery (St. Johnsbury).jpg,image_search
e1438821-f426-4500-a3eb-e776bcef9e1d,Little Bear Archery,Capitan,New Mexico,https://th.bing.com/th/id/OIP.1N6_lGd3EF1rFFo0Cn_zbwHaEF?w=321&h=180&c=7&r=0&o=7&pid=1.7&rm=3,state-range-photos\new-mexico\Little Bear Archery (Capitan).jpg,image_search
fb1219d6-d566-4aad-8c3c-6af47b853626,Little Creek Archery Club,New Llano,Louisiana,https://th.bing.com/th/id/OIP.-dY0kt33DQHHc_k7DTEr4wHaHa?w=179&h=180&c=7&r=0&o=7&pid=1.7&rm=3,state-range-photos\louisiana\Little Creek Archery Club (New Llano).jpg,image_search
fadcefdc-5bd8-4fe4-afb2-290c1c24a88d,Little Mountain Archery Club,Laurel Fork,Virginia,https://th.bing.com/th/id/OIP.nqOgDv4pAyhUwKyKBaExBAHaJ4?w=115&h=180&c=7&r=0&o=7&pid=1.7&rm=3,state-range-photos\virginia\Little Mountain Archery Club (Laurel Fork).jpg,image_search
406b9a34-b93f-47f9-8e63-4004a3ef63ba,Little River Bow Hunters,Ashdown,Arkansas,https://thf.bing.com/th/id/OIP.INlaN9rcvAOGFpuTgHh7TAHaFj?w=227&h=180&c=7&r=0&o=7&cb=thfc1falcon4&pid=1.7&rm=3,state-range-photos\arkansas\Little River Bow Hunters (Ashdown).jpg,image_search
9d5410a0-f931-497b-9218-7c43e5db167f,Little River Bowmen,Columbia,Mississippi,https://thf.bing.com/th/id/OIP.JZNgC2NwD27Kv69Ylru3dgHaJQ?w=204&h=255&c=7&r=0&o=7&cb=thfc1falcon4&pid=1.7&rm=3,state-range-photos\mississippi\Little River Bowmen (Columbia).jpg,image_search
b5bfab3e-bf77-4304-8bb0-03da85982d1f,Little Wind Archers,Riverton,Wyoming,https://th.bing.com/th/id/OIP.Adniq3Dc-NWEPaWT2mJNaQHaHh?w=172&h=180&c=7&r=0&o=7&pid=1.7&rm=3,state-range-photos\wyoming\Little Wind Archers (Riverton).jpg,image_search
db0d9b44-876e-49a2-89d6-cf5425ad4359,Lone Eagle Archers,Beaver,Ohio,https://thf.bing.com/th/id/OIP.X_JUe-5pH03aLS5sLDMK6AHaIk?w=169&h=195&c=7&r=0&o=7&cb=thfc1falcon4&pid=1.7&rm=3,state-range-photos\ohio\Lone Eagle Archers (Beaver).jpg,image_search
ac8f5a15-138e-44cd-8d56-b8d05399f7cf,Lonesome Road Archery,Taylor,Pennsylvania,https://th.bing.com/th/id/OIP.GyEW42HxLwKOOxjALYVgxwHaFj?w=204&h=153&c=7&r=0&o=7&pid=1.7&rm=3,state-range-photos\pennsylvania\Lonesome Road Archery (Taylor).jpg,image_search
7dc5bd0c-6d7f-4067-8215-d154568969ac,Lost Arrow Archery LLC,Millport,Alabama,https://th.bing.com/th/id/OIP.qww-SkV7P5FrcMz4aX3aTQHaHQ?w=163&h=180&c=7&r=0&o=7&pid=1.7&rm=3,state-range-photos\alabama\Lost Arrow Archery LLC (Millport).jpg,image_search
5a762745-8f17-43ed-9bc5-1ed767d2256f,Lower Delaware Archers,Georgetown,Delaware,https://thfvnext.bing.com/th/id/OIP.HSZxSHc9WsMIBK-vpirZsgHaHa?w=166&h=180&c=7&r=0&o=7&cb=thfvnextfalcon4&pid=1.7&rm=3,state-range-photos\delaware\Lower Delaware Archers (Georgetown).jpg,image_search
d63c9134-60c1-49aa-a0ce-75bfd42a3899,Lumberport Archery Club,Lumberport,West Virginia,https://thfvnext.bing.com/th/id/OIP.Q-1ZmJXonXHgYnyP4_IgPQHaEZ?w=303&h=180&c=7&r=0&o=7&cb=thfvnextfalcon4&pid=1.7&rm=3,state-range-photos\west-virginia\Lumberport Archery Club (Lumberport).jpg,image_search
8e1e17b2-951c-450f-abc7-0dd555f49d8f,M.R. Archery,Centerville,Minnesota,https://th.bing.com/th/id/OIP.Ea5GCZzO9jiwwcRQDuWCkwHaFj?w=260&h=195&c=7&r=0&o=7&pid=1.7&rm=3,state-range-photos\minnesota\MR Archery (Centerville).jpg,image_search
5cfb06d6-5476-4291-99f0-260db45429ee,Magic Valley Bowhunters,Jackpot,Nevada,https://th.bing.com/th/id/OIP.EYbirZAmGRzltU-SCYb1awHaDt?w=323&h=174&c=7&r=0&o=7&pid=1.7&rm=3,state-range-photos\nevada\Magic Valley Bowhunters (Jackpot).jpg,image_search
38cd0f5c-84dc-47f4-b786-853a45e76959,Magnolia Ridge,Haworth,Oklahoma,https://thf.bing.com/th/id/OIP.YhTcwzC7toXQfj70HHJ2zwHaE8?w=290&h=193&c=7&r=0&o=7&cb=thfc1falcon4&pid=1.7&rm=3,state-range-photos\oklahoma\Magnolia Ridge (Haworth).jpg,image_search
e1932f84-2cba-434e-8ef4-d318924e9d9d,Mahaska County Izaak Walton League,Oskaloosa,Iowa,https://th.bing.com/th/id/OIP.V6ShvxAHRrgV4jCUdITC7wHaFj?w=188&h=180&c=7&r=0&o=7&pid=1.7&rm=3,state-range-photos\iowa\Mahaska County Izaak Walton League (Oskaloosa).jpg,image_search
3174da79-f039-4aad-9fa1-80f28483f55c,Makoshika Bowmen,Glendive,Montana,https://th.bing.com/th/id/OIP.XF9Q_W2QWzW23pdarqhjuAHaE8?w=238&h=180&c=7&r=0&o=7&pid=1.7&rm=3,state-range-photos\montana\Makoshika Bowmen (Glendive).jpg,image_search
d6e3d1d7-adca-4f9a-b579-dee3fd60f6be,Marias Valley Archers,Shelby,Montana,https://thfvnext.bing.com/th/id/OIP.1D3D380vsx0hAFiNB-S84wHaE6?w=286&h=190&c=7&r=0&o=7&cb=thfvnextfalcon4&pid=1.7&rm=3,state-range-photos\montana\Marias Valley Archers (Shelby).jpg,image_search
860a71ee-da79-4dd5-8891-9c0c530bf67e,Marshall Bowhunters,Marshall,Missouri,https://th.bing.com/th/id/OIP.AZ2Ux3dQRL2aUR03HEHl2wHaJ4?w=157&h=209&c=7&r=0&o=7&pid=1.7&rm=3,state-range-photos\missouri\Marshall Bowhunters (Marshall).jpg,image_search
f30b2bc0-8e39-4b89-a9b9-c0d9e66bb095,Massanutten Archery Club,Front Royal,Virginia,https://th.bing.com/th/id/OIP.jc-Ad9baoAjdcdLXbK_xNwHaE8?w=200&h=180&c=7&r=0&o=7&pid=1.7&rm=3,state-range-photos\virginia\Massanutten Archery Club (Front Royal).jpg,image_search
d1323897-b0b3-4a69-b966-353e751ae17f,Maui Hunters And Sportsmens,Makawao,Hawaii,https://th.bing.com/th/id/OIP.-zHY-HQxZ7mdOysk7X9cpQHaE7?w=221&h=180&c=7&r=0&o=7&pid=1.7&rm=3,state-range-photos\hawaii\Maui Hunters And Sportsmens (Makawao).jpg,image_search
3bbb0978-bec4-4aed-8340-947e14185cc3,May's Custom Archery,PUYALLUP,Washington,https://th.bing.com/th/id/OIP.nhIUBVnIYKrTdForK3DYAAHaJ4?w=204&h=272&c=7&r=0&o=7&pid=1.7&rm=3,state-range-photos\washington\Mays Custom Archery (PUYALLUP).jpg,image_search
b8bfd60a-c9f7-413b-8da1-c9795c1e7b23,McCormic Archery,Ashland,Ohio,https://th.bing.com/th/id/OIP.am3PMsE7R4q8hrrna6h5PgAAAA?w=191&h=191&c=7&r=0&o=7&pid=1.7&rm=3,state-range-photos\ohio\McCormic Archery (Ashland).jpg,image_search
9fbbca8c-b890-465b-a44c-ac7a0ba3abbc,McIntosh Reserve Park Archery Range,Whitesburg,Georgia,https://th.bing.com/th/id/OIP.Hxz_l87Fv7HtJYmutEd8fAHaE6?w=212&h=180&c=7&r=0&o=7&pid=1.7&rm=3,state-range-photos\georgia\McIntosh Reserve Park Archery Range (Whitesburg).jpg,image_search
70f38037-1060-4fda-869e-b18aa06f67d6,McKenzie County Sportsmans Club,Watford City,North Dakota,https://th.bing.com/th/id/OIP.op8aviTPe5SSeKPubohaHgHaDj?w=327&h=168&c=7&r=0&o=7&pid=1.7&rm=3,state-range-photos\north-dakota\McKenzie County Sportsmans Club (Watford City).jpg,image_search
490d25f4-d1ae-488b-a9df-a1f8a44d1118,Meade County Archery,Bradenburg,Kentucky,https://th.bing.com/th/id/OIP.XpnggJWHQ3mgbvxjjsnUuAHaHa?w=167&h=180&c=7&r=0&o=7&pid=1.7&rm=3,state-range-photos\kentucky\Meade County Archery (Bradenburg).jpg,image_search
d63f92e8-91ed-475b-97bb-73d965879683,Mecklenburg Wildlife Club,Charlotte,North Carolina,https://th.bing.com/th/id/OIP.xol83d-wtY5d-GRShIJ-nQHaEY?w=299&h=185&c=7&r=0&o=7&pid=1.7&rm=3,state-range-photos\north-carolina\Mecklenburg Wildlife Club (Charlotte).jpg,image_search
ec2f085b-e8d6-4810-b975-e3bf9c4ecc72,MelinHead Customs,Anthem,Arizona,https://thfvnext.bing.com/th/id/OIP.0qe9xZIhldmr-HZtNpGNCwHaHa?w=194&h=194&c=7&r=0&o=7&cb=thfvnextfalcon4&pid=1.7&rm=3,state-range-photos\arizona\MelinHead Customs (Anthem).jpg,image_search
da159aa1-fc16-4819-a471-41e59c987df1,Menard Archers,Petersburg,Illinois,https://th.bing.com/th/id/OIP.bOiTKV-yyNoXIeWxKahceAHaHa?w=164&h=180&c=7&r=0&o=7&pid=1.7&rm=3,state-range-photos\illinois\Menard Archers (Petersburg).jpg,image_search
12e434ef-151a-4654-ab09-129cdd6d6915,Mesquite Archery Club,Terrell,Texas,https://th.bing.com/th/id/OIP.Vi2HMx-ozpoOHzZ_zrl9mgHaQC?w=204&h=363&c=7&r=0&o=7&pid=1.7&rm=3,state-range-photos\texas\Mesquite Archery Club (Terrell).jpg,image_search
82ee4366-7809-44e9-bd9c-62f582a2de55,Mid-Del Archers,Harrington,Delaware,https://th.bing.com/th/id/OIP.WBay2NyxXYrroqhSNZi5owHaHU?w=221&h=218&c=7&r=0&o=7&pid=1.7&rm=3,state-range-photos\delaware\Mid-Del Archers (Harrington).jpg,image_search
4a7c6710-1394-4aa4-8970-35d9a8492d55,Mid-Mississippi Bowhunters,Kosciusko,Mississippi,https://th.bing.com/th/id/OIP.vjD-7B0_cn5HSfL6HqXLWQHaGY?w=218&h=187&c=7&r=0&o=7&pid=1.7&rm=3,state-range-photos\mississippi\Mid-Mississippi Bowhunters (Kosciusko).jpg,image_search
0c9d32ec-4f1b-4039-a9df-4d9ab11396a9,Midwest Mavericks Archery,Farmersburg,Indiana,https://th.bing.com/th/id/OIP.ifCibv5yytdW5_3D0HgzigHaE8?w=264&h=180&c=7&r=0&o=7&pid=1.7&rm=3,state-range-photos\indiana\Midwest Mavericks Archery (Farmersburg).jpg,image_search
8451162e-aa12-453f-be00-ed6bc81f435b,Midwest Open Indoor Archery,Springfield,Illinois,https://thfvnext.bing.com/th/id/OIP.ixnuu_c_kxZVApUw8MR2xgHaE7?w=234&h=180&c=7&r=0&o=7&cb=thfvnextfalcon4&pid=1.7&rm=3,state-range-photos\illinois\Midwest Open Indoor Archery (Springfield).jpg,image_search
2642d28e-8c2c-40b8-9d50-b2f4711be478,Milbank Valley Archers,MILBANK,South Dakota,https://th.bing.com/th/id/OIP.mH9tD-15jocfmSdjj1NAQAHaE9?w=250&h=180&c=7&r=0&o=7&pid=1.7&rm=3,state-range-photos\south-dakota\Milbank Valley Archers (MILBANK).jpg,image_search
48a92738-96f1-45c3-a9d9-6b35b976d1be,Mile High Archers,DENVER,Colorado,https://thf.bing.com/th/id/OIP.7OtDPUZC4bK1hu1efSTzZgHaE8?w=277&h=185&c=7&r=0&o=7&cb=thfc1falcon4&pid=1.7&rm=3,state-range-photos\colorado\Mile High Archers (DENVER).jpg,image_search
cd64c1dc-e6b4-4505-8fc2-261a1e8dad0d,Mississippi Traditional Archery Association,Greenville,Mississippi,https://thfvnext.bing.com/th/id/OIP.wVJCp13dXj2g6KrnuKCkSgHaE8?w=297&h=198&c=7&r=0&o=7&cb=thfvnextfalcon4&pid=1.7&rm=3,state-range-photos\mississippi\Mississippi Traditional Archery Association (Greenville).jpg,image_search
1225d707-eeac-4fd2-abd2-3dca49d00814,Mohican Bowmen,CAPITOL HTS,Maryland,https://th.bing.com/th/id/OIP.W6xBENlxPPU3trb0MunfjAHaE8?w=288&h=192&c=7&r=0&o=7&pid=1.7&rm=3,state-range-photos\maryland\Mohican Bowmen (CAPITOL HTS).jpg,image_search
38855409-e8ed-4ce8-863c-35f2b74e2888,Monroe County Bowhunters,Atmore,Alabama,https://th.bing.com/th/id/OIP.HwB4k53D6GUNbCTMR5ZIUQHaE8?w=297&h=197&c=7&r=0&o=7&pid=1.7&rm=3,state-range-photos\alabama\Monroe County Bowhunters (Atmore).jpg,image_search
72ac88ca-e54c-476b-9056-0f6f742cf4d7,Montana Black Gold,Belgrade,Montana,https://th.bing.com/th/id/OIP.enSzhzb-fWjcX2BH7gSwjgHaEK?w=326&h=183&c=7&r=0&o=7&pid=1.7&rm=3,state-range-photos\montana\Montana Black Gold (Belgrade).jpg,image_search
82955337-e728-4f16-9ec3-65f09552757c,Moore Co Bowhunters of NC,Vass,North Carolina,https://thfvnext.bing.com/th/id/OIP.6s90QXjq5x1mJ1_UF3Dl0wHaJ4?w=204&h=272&c=7&r=0&o=7&cb=thfvnextfalcon4&pid=1.7&rm=3,state-range-photos\north-carolina\Moore Co Bowhunters of NC (Vass).jpg,image_search
17a2a423-08d9-4389-8fa6-b7209e791da3,Morristown Archery Club,Morristown,Tennessee,https://th.bing.com/th/id/OIP.eNFgPoj0DI6hZyNR-wQ4KQHaFi?w=240&h=180&c=7&r=0&o=7&pid=1.7&rm=3,state-range-photos\tennessee\Morristown Archery Club (Morristown).jpg,image_search
abbdee3c-176a-41e3-a9b6-40e2797cf7b2,Mosquito Bowmen,Cortland,Ohio,https://th.bing.com/th/id/OIP.lfQoT-6Wa3i776C3Mq_-tAHaHe?w=168&h=180&c=7&r=0&o=7&pid=1.7&rm=3,state-range-photos\ohio\Mosquito Bowmen (Cortland).jpg,image_search
535a027a-8b1b-47c6-9b26-99d03fc99a42,Mt. Tabor Rod and Gun Club,Mt. Tabor,Vermont,https://thfvnext.bing.com/th/id/OIP.KKAHKWEtQMG7oOR9yHRvjwHaFj?w=218&h=180&c=7&r=0&o=7&cb=thfvnextfalcon4&pid=1.7&rm=3,state-range-photos\vermont\Mt Tabor Rod and Gun Club (Mt. Tabor).jpg,image_search
1e0171a6-a212-4c7b-b57c-3da401e5d76b,N2 Deep Archery,Heynryetta,Oklahoma,https://th.bing.com/th/id/OIP.hnPznHURb3DFcth7gBtA-gHaEK?w=317&h=180&c=7&r=0&o=7&pid=1.7&rm=3,state-range-photos\oklahoma\N2 Deep Archery (Heynryetta).jpg,image_search
1c35324a-b890-47a5-9faa-19224e52e1b9,NCRR Carbon Quest Archery Club,Chesapeake,Virginia,https://th.bing.com/th/id/OIP.jc-Ad9baoAjdcdLXbK_xNwHaE8?w=211&h=180&c=7&r=0&o=7&pid=1.7&rm=3,state-range-photos\virginia\NCRR Carbon Quest Archery Club (Chesapeake).jpg,image_search
6e3a7cee-ec45-4c60-9732-af9912508d6b,NEO Archery Club,Vinita,Oklahoma,https://th.bing.com/th/id/OIP.q0enlotV_CdvVLaKAFuUWwHaE8?w=267&h=180&c=7&r=0&o=7&pid=1.7&rm=3,state-range-photos\oklahoma\NEO Archery Club (Vinita).jpg,image_search
21b68e82-73d8-4868-8660-ddc694a215c4,Neshoba County Bowmen,Philadelphia,Mississippi,https://th.bing.com/th/id/OIP.CAG_epxi66N8Dg2wgznRcAHaHa?w=172&h=180&c=7&r=0&o=7&pid=1.7&rm=3,state-range-photos\mississippi\Neshoba County Bowmen (Philadelphia).jpg,image_search
9a987118-e865-44cf-83f5-addbeb890cdc,Neuse River Bowhunters,Clayton,North Carolina,https://th.bing.com/th/id/OIP.klI7HCTfFaW5L-m6MCxFYwHaJH?w=204&h=251&c=7&r=0&o=7&pid=1.7&rm=3,state-range-photos\north-carolina\Neuse River Bowhunters (Clayton).jpg,image_search
b21459b7-8dcf-4aff-b995-188c9cf47350,Nevada County JOAD,Nevada City,California,https://thf.bing.com/th/id/OIP.z2VYaBYgPO3q5Fd6qrUA1wHaHa?w=181&h=181&c=7&r=0&o=7&cb=thfc1falcon4&pid=1.7&rm=3,state-range-photos\california\Nevada County JOAD (Nevada City).jpg,image_search
417c997b-a1f2-407c-9754-313aa11452ce,New England Outfitters & Range Center,Wallingford,Connecticut,https://th.bing.com/th/id/OIP.HG4XcITrpItP8xrHaBa8iAHaFj?w=233&h=180&c=7&r=0&o=7&pid=1.7&rm=3,state-range-photos\connecticut\New England Outfitters  Range Center (Wallingford).jpg,image_search
b689de23-50bb-43b1-9252-40670a7437b6,New River Archery Club,West Jefferson,North Carolina,https://th.bing.com/th/id/OIP.t55l7TGOeFHmfjz5gdAivwHaFk?w=272&h=204&c=7&r=0&o=7&pid=1.7&rm=3,state-range-photos\north-carolina\New River Archery Club (West Jefferson).jpg,image_search
e512c405-6cee-4007-8701-02ac6ce27aa1,New River Bowhunters,Mount Airy,North Carolina,https://th.bing.com/th/id/OIP.ApI-i_5dhNLNK1bzl3x7HAHaJ4?w=204&h=272&c=7&r=0&o=7&pid=1.7&rm=3,state-range-photos\north-carolina\New River Bowhunters (Mount Airy).jpg,image_search
a55a9c74-a92c-4860-94f9-19ecf4fac91b,Ninnescah Bowhunters Association,Viola,Kansas,https://thfvnext.bing.com/th/id/OIP.DQBpHZY0vQtovucfaUp-DwHaFj?w=196&h=180&c=7&r=0&o=7&cb=thfvnextfalcon4&pid=1.7&rm=3,state-range-photos\kansas\Ninnescah Bowhunters Association (Viola).jpg,image_search
a3988d11-9bca-4a4a-bc12-023aa89ca009,Ninnescah Valley Archers,Pratt,Kansas,https://th.bing.com/th/id/OIP.DQBpHZY0vQtovucfaUp-DwHaFj?w=262&h=197&c=7&r=0&o=7&pid=1.7&rm=3,state-range-photos\kansas\Ninnescah Valley Archers (Pratt).jpg,image_search
6c5f05be-91c4-4131-aaae-2dfdcb5215b1,Nock Em Up Archery,Franklin,Georgia,https://th.bing.com/th/id/OIP.A5LgrjmPNgUasMkNEqCLKAHaE8?w=245&h=180&c=7&r=0&o=7&pid=1.7&rm=3,state-range-photos\georgia\Nock Em Up Archery (Franklin).jpg,image_search
b843a735-1faf-473e-9ee8-54bc1b498fd3,Nocking Point Deadeyes,bryan,Ohio,https://th.bing.com/th/id/OIP.3DELVlm0uhx0a3IbpkhNawAAAA?w=210&h=180&c=7&r=0&o=7&pid=1.7&rm=3,state-range-photos\ohio\Nocking Point Deadeyes (bryan).jpg,image_search
d08498c8-18e5-4b65-832d-db694a3d17e2,Nocking Point Outfitters,bryan,Ohio,https://th.bing.com/th/id/OIP.ne1cIaKRiGv91FO3qgDTVAAAAA?w=211&h=192&c=7&r=0&o=7&pid=1.7&rm=3,state-range-photos\ohio\Nocking Point Outfitters (bryan).jpg,image_search
f6507b7d-d6ce-44a3-a5ff-4952ff1b39d1,Nodaho Bowhunters Inc,Maitland,Missouri,https://th.bing.com/th/id/OIP.RLtUpHaiqd4dVSSFYUWByQHaKC?w=204&h=277&c=7&r=0&o=7&pid=1.7&rm=3,state-range-photos\missouri\Nodaho Bowhunters Inc (Maitland).jpg,image_search
8bd67383-d9fe-45c1-b27e-da96002fe76f,North Alabama Archery Association,Moulton,Alabama,https://th.bing.com/th/id/OIP.Yrcx5hr7k5h6ZIskBZiB2wHaJ1?w=138&h=184&c=7&r=0&o=7&pid=1.7&rm=3,state-range-photos\alabama\North Alabama Archery Association (Moulton).jpg,image_search
421fbc55-468a-4b2b-a173-87822b2976a1,North Forty Archery Club,Cochran,Georgia,https://th.bing.com/th/id/OIP.A5LgrjmPNgUasMkNEqCLKAHaE8?w=278&h=185&c=7&r=0&o=7&pid=1.7&rm=3,state-range-photos\georgia\North Forty Archery Club (Cochran).jpg,image_search
1a83ee7d-4334-471a-854f-4c98c216afbe,North Iowa Archers,Humboldt,Iowa,https://th.bing.com/th/id/OIP.KTNe9M22UOhgE1KA7xT8sgHaEL?w=298&h=180&c=7&r=0&o=7&pid=1.7&rm=3,state-range-photos\iowa\North Iowa Archers (Humboldt).jpg,image_search
33934b01-095c-4ed9-9f67-8ece43dcb23a,North Mississippi Bowhunters Association,Hernando,Mississippi,https://thf.bing.com/th/id/OIP.Ats-f9P9FWaRTyA7f7NzFwHaHa?w=214&h=214&c=7&r=0&o=7&cb=thfc1falcon4&pid=1.7&rm=3,state-range-photos\mississippi\North Mississippi Bowhunters Association (Hernando).jpg,image_search
d59a63a9-a67a-4bf1-8ec2-83f16853d76a,Northeast Arkansas Bowhunters,Jonesboro,Arkansas,https://th.bing.com/th/id/OIP.hWdGotrTXY0hPWINypcmWAHaFo?w=231&h=180&c=7&r=0&o=7&pid=1.7&rm=3,state-range-photos\arkansas\Northeast Arkansas Bowhunters (Jonesboro).jpg,image_search
ebb2f643-92fc-48c2-ae4a-3ca7765765f7,Northern Hills Archers,Deadwood,South Dakota,https://thfvnext.bing.com/th/id/OIP.YuVzWbsszBPshV3nxALYQQHaEP?w=301&h=180&c=7&r=0&o=7&cb=thfvnextfalcon4&pid=1.7&rm=3,state-range-photos\south-dakota\Northern Hills Archers (Deadwood).jpg,image_search
656356a9-5169-4681-8ce7-56028ecd658f,Northern Lites Archery Club,Grafton,North Dakota,https://th.bing.com/th/id/OIP.HOsTPVlIVjMRkdVRGT3opAHaE-?w=278&h=186&c=7&r=0&o=7&pid=1.7&rm=3,state-range-photos\north-dakota\Northern Lites Archery Club (Grafton).jpg,image_search
d284e645-da6d-4729-a314-3d93cc70913e,Northriver Sprotsman Club,PawPaw,West Virginia,https://th.bing.com/th/id/OIP.9UPO6YCdpkhjnaUmAnZc_gHaHa?w=181&h=181&c=7&r=0&o=7&pid=1.7&rm=3,state-range-photos\west-virginia\Northriver Sprotsman Club (PawPaw).jpg,image_search
03492124-f98c-4af0-8d73-4324fa2a22af,Northwest Archers Association Inc,Anchorage,Alaska,https://th.bing.com/th/id/OIP.8Tuba-7vrq0uK-PsQRyT8QHaHD?w=212&h=201&c=7&r=0&o=7&pid=1.7&rm=3,state-range-photos\alaska\Northwest Archers Association Inc (Anchorage).jpg,image_search
67d46c3e-d0d9-47bd-b67a-33a6d77d9c7c,Northwest Connecticut Sportsman's Association,Colebrook,Connecticut,https://th.bing.com/th/id/OIP.hpS-PF-i3bGJQIfFQc0V4gAAAA?w=160&h=180&c=7&r=0&o=7&pid=1.7&rm=3,state-range-photos\connecticut\Northwest Connecticut Sportsmans Association (Colebrook).jpg,image_search
f5f84419-ea8f-407b-b313-aa284602975c,Northwoods Archery Club - Grayling,Roscommon,Michigan,https://th.bing.com/th/id/OIP.Av_nQ4cQbZ5857bo5B1bIgHaEH?w=292&h=180&c=7&r=0&o=7&pid=1.7&rm=3,state-range-photos\michigan\Northwoods Archery Club - Grayling (Roscommon).jpg,image_search
61e80f35-f4b8-4e82-910a-b80b433c5c5d,Oceana Archers,Hart,Michigan,https://th.bing.com/th/id/OIP.Qf8V5UezUMRBQmBhgoJP5QHaGN?w=218&h=182&c=7&r=0&o=7&pid=1.7&rm=3,state-range-photos\michigan\Oceana Archers (Hart).jpg,image_search
ddc9cfd1-2bf5-4664-b314-926486e0eae0,Odd Vane Out Archery,Chelsea,Oklahoma,https://th.bing.com/th/id/OIP.BVQdba3N-0rISI2CGpx4cwHaGH?w=228&h=188&c=7&r=0&o=7&pid=1.7&rm=3,state-range-photos\oklahoma\Odd Vane Out Archery (Chelsea).jpg,image_search
182396ee-7e45-4f22-bd16-e466122730ad,Odin's Archers,West Gardiner,Maine,https://th.bing.com/th/id/OIP.vCctiNbdJl4fccPvEZxx3gHaJ4?w=204&h=272&c=7&r=0&o=7&pid=1.7&rm=3,state-range-photos\maine\Odins Archers (West Gardiner).jpg,image_search
867dd4d0-94a3-4cc9-a51c-bc3152b05751,Ogeechee Bowmen Archery Club,Savannah,Georgia,https://th.bing.com/th/id/OIP.A5LgrjmPNgUasMkNEqCLKAHaE8?w=277&h=185&c=7&r=0&o=7&pid=1.7&rm=3,state-range-photos\georgia\Ogeechee Bowmen Archery Club (Savannah).jpg,image_search
682052b1-a1c1-48a8-8773-d0754894fa7f,Ojibway Archers,IRON RIVER,Michigan,https://th.bing.com/th/id/OIP.BU46MaL2mPQjzI0Bg6hmMgHaHa?w=185&h=185&c=7&r=0&o=7&pid=1.7&rm=3,state-range-photos\michigan\Ojibway Archers (IRON RIVER).jpg,image_search
61e400eb-df29-4d50-a16c-6b0f5a2a170e,Oklahoma Redhawk Archery Team,Oklahoma City,Oklahoma,https://thfvnext.bing.com/th/id/OIP.EPA05809z5NXqKp9Xl4wkgHaE8?w=237&h=180&c=7&r=0&o=7&cb=thfvnextfalcon4&pid=1.7&rm=3,state-range-photos\oklahoma\Oklahoma Redhawk Archery Team (Oklahoma City).jpg,image_search
a139184d-0736-47c2-bc69-0ef0e5584fe2,Oklahoma Shooting Academy,Ardmore,Oklahoma,https://th.bing.com/th/id/OIP.3sqI0gMrPyEa9Yieni4uQgHaFj?w=221&h=180&c=7&r=0&o=7&pid=1.7&rm=3,state-range-photos\oklahoma\Oklahoma Shooting Academy (Ardmore).jpg,image_search
74e9fd66-3186-4971-bbdd-397ef6223028,Old Hickory Archery Range,Hendersonville,Tennessee,https://thfvnext.bing.com/th/id/OIP.p_HZmOpWYrWe_cT09_NmTwHaEK?w=297&h=180&c=7&r=0&o=7&cb=thfvnextfalcon4&pid=1.7&rm=3,state-range-photos\tennessee\Old Hickory Archery Range (Hendersonville).jpg,image_search
396e93e8-c930-4568-a4c7-d06badccb759,Old Hickory Lake Bowmen Club,Hendersonville,Tennessee,https://thfvnext.bing.com/th/id/OIP.940MqqI01b2dQ9LufbLQ2AHaJ4?w=164&h=218&c=7&r=0&o=7&cb=thfvnextfalcon4&pid=1.7&rm=3,state-range-photos\tennessee\Old Hickory Lake Bowmen Club (Hendersonville).jpg,image_search
5877b02a-67a0-4d8b-afe0-5dafbb86ffac,Oliver County Archers,Center,North Dakota,https://th.bing.com/th/id/OIP.3eYqDNUr3DR_GEcekc0lfAHaE7?w=259&h=180&c=7&r=0&o=7&pid=1.7&rm=3,state-range-photos\north-dakota\Oliver County Archers (Center).jpg,image_search
63f7a5e7-6fcc-4690-ba9c-2e6e42430c20,Organ Mountain Bowman,Radium Springs,New Mexico,https://thfvnext.bing.com/th/id/OIP.36_4xmzfMC5CSRGEDpetBgHaE8?w=259&h=180&c=7&r=0&o=7&cb=thfvnextfalcon4&pid=1.7&rm=3,state-range-photos\new-mexico\Organ Mountain Bowman (Radium Springs).jpg,image_search
fd415be1-7e31-4aa2-9af0-db48a481e080,Oriole Archers,Cockeysville,Maryland,https://th.bing.com/th/id/OIP.NbCVlzm2SgOPfQbbFlFfsAHaFj?w=222&h=180&c=7&r=0&o=7&pid=1.7&rm=3,state-range-photos\maryland\Oriole Archers (Cockeysville).jpg,image_search
4d6bc3ff-1f02-4ae9-9245-658d9a973ef0,Orion Archery,Blair,Nebraska,https://th.bing.com/th/id/OIP.eECZO4YZGyfZB6SQhholDQHaE0?w=298&h=193&c=7&r=0&o=7&pid=1.7&rm=3,state-range-photos\nebraska\Orion Archery (Blair).jpg,image_search
30b5d46d-6bcf-4836-8b52-f60c748aa128,Outpost Archers                                     Tap Archery,Poncha Springs,Colorado,https://th.bing.com/th/id/OIP.CXGFtMoaRbs5rwcyQE8muQHaHa?w=178&h=180&c=7&r=0&o=7&pid=1.7&rm=3,state-range-photos\colorado\Outpost Archers                                     Tap Archery (Poncha Springs).jpg,image_search
cc9cb84f-2f84-4a1c-8a1e-1f165074821a,Pachaug Outdoor Club,Griswald,Connecticut,https://thfvnext.bing.com/th/id/OIP.eGsOQXMS4ElSiNCmea9pngHaQD?w=115&h=180&c=7&r=0&o=7&cb=thfvnextfalcon4&pid=1.7&rm=3,state-range-photos\connecticut\Pachaug Outdoor Club (Griswald).jpg,image_search
cba96109-f8b2-4399-b816-6e3bcc7c07d4,Palmetto Archery Club,Cross,South Carolina,https://th.bing.com/th/id/OIP.iOrVE55z8RbTwGik6vw76wHaHa?w=177&h=180&c=7&r=0&o=7&pid=1.7&rm=3,state-range-photos\south-carolina\Palmetto Archery Club (Cross).jpg,image_search
3b389db9-d07e-47e2-ae93-2b60ab785ab6,Palo Duro Bowhunters Club,Amarillo,Texas,https://th.bing.com/th/id/OIP.Qlu40GV1qh2T8bLjpfTKKgHaJQ?w=153&h=191&c=7&r=0&o=7&pid=1.7&rm=3,state-range-photos\texas\Palo Duro Bowhunters Club (Amarillo).jpg,image_search
c381887d-674b-4ce7-bf96-6e37d815119e,Panola Archery Club,Carthage,Texas,https://th.bing.com/th/id/OIP.zSyTPMQ3fb283kRwqWdylAAAAA?w=173&h=180&c=7&r=0&o=7&pid=1.7&rm=3,state-range-photos\texas\Panola Archery Club (Carthage).jpg,image_search
78aadd34-cf1e-477b-8d6d-4b28b2b4aa45,Parish Park Bowmen,Ruston,Louisiana,https://thf.bing.com/th/id/OIP.R50F5Tz7X1b3xQcEv_x26QHaFj?w=203&h=180&c=7&r=0&o=7&cb=thfc1falcon4&pid=1.7&rm=3,state-range-photos\louisiana\Parish Park Bowmen (Ruston).jpg,image_search
931d31f0-26cd-40c4-b8c7-6a56c397b922,Parker's Archery,SPENCER,Indiana,https://thf.bing.com/th/id/OIP.3r5ZMXpFER9VpkcdWFZlwwHaFj?w=250&h=188&c=7&r=0&o=7&cb=thfc1falcon4&pid=1.7&rm=3,state-range-photos\indiana\Parkers Archery (SPENCER).jpg,image_search
989ea25a-40cb-402f-b5e0-0bdca385b53c,Parma Armory Shooting Center,Cleveland,Ohio,https://th.bing.com/th/id/OIP.wVpmLVawOTp_uxmbsqjppgHaFC?w=255&h=180&c=7&r=0&o=7&pid=1.7&rm=3,state-range-photos\ohio\Parma Armory Shooting Center (Cleveland).jpg,image_search
df0e7066-a8d7-4cb9-b53f-f914f27b23b3,Partridge Creek Archers,Metamora,Illinois,https://thf.bing.com/th/id/OIP.yPqEf1CNzVXm4TSfCNgNeAHaFM?w=291&h=204&c=7&r=0&o=7&cb=thfc1falcon4&pid=1.7&rm=3,state-range-photos\illinois\Partridge Creek Archers (Metamora).jpg,image_search
f3374a68-06ee-40aa-a7d0-5d3cb16d2bc1,Passin Time Archery,Sparta,Tennessee,https://th.bing.com/th/id/OIP.VFZ7DfLiSSkn_giJVms3HAHaFj?w=250&h=188&c=7&r=0&o=7&pid=1.7&rm=3,state-range-photos\tennessee\Passin Time Archery (Sparta).jpg,image_search
b59cdb05-d34e-4892-bd74-430a6a93f60b,Patoka Lake Bowhunters,Birdseye,Indiana,https://th.bing.com/th/id/OIP.vkgN6I7DyCs1DdJpygMakQHaFj?w=192&h=180&c=7&r=0&o=7&pid=1.7&rm=3,state-range-photos\indiana\Patoka Lake Bowhunters (Birdseye).jpg,image_search
706d19d9-3dda-4b22-a5a7-a7a36aa21493,Patsy T. Mink Central Oahu Regional Park Archery Range,Waipio,Hawaii,https://thfvnext.bing.com/th/id/OIP.dBxWP6_im612HP6oFb2cawHaEz?w=291&h=189&c=7&r=0&o=7&cb=thfvnextfalcon4&pid=1.7&rm=3,state-range-photos\hawaii\Patsy T Mink Central Oahu Regional Park Archery Range (Waipio).jpg,image_search
646138e1-1499-446a-bd18-235ad2da8733,Pawnee Bow Range,Pawnee,Oklahoma,https://th.bing.com/th/id/OIP.tEBAKmieGOYW3duVe4XWTwHaHa?w=176&h=180&c=7&r=0&o=7&pid=1.7&rm=3,state-range-photos\oklahoma\Pawnee Bow Range (Pawnee).jpg,image_search
609190a8-9710-4632-8a53-07a74840844b,Pearl Creek Archers,Huron,South Dakota,https://thfvnext.bing.com/th/id/OIP.V9VHR_zwaMnTWmgkNCPfggHaNK?w=115&h=183&c=7&r=0&o=7&cb=thfvnextfalcon4&pid=1.7&rm=3,state-range-photos\south-dakota\Pearl Creek Archers (Huron).jpg,image_search
093aa65e-fe2b-44cf-ad01-5390f4c6af4e,Pearl River Archery,Carthage,Mississippi,https://thf.bing.com/th/id/OIP.k-gY7OSC222zrhEvuxvHygHaEK?w=322&h=180&c=7&r=0&o=7&cb=thfc1falcon4&pid=1.7&rm=3,state-range-photos\mississippi\Pearl River Archery (Carthage).jpg,image_search
8a0759cb-7df0-4ea8-aaff-7bfd2c042022,Pequoig Bowmen Club,Athol,Massachusetts,https://thf.bing.com/th/id/OIP.3DUUdLrqw89DT8I-H_P2QwHaFj?w=219&h=180&c=7&r=0&o=7&cb=thfc1falcon4&pid=1.7&rm=3,state-range-photos\massachusetts\Pequoig Bowmen Club (Athol).jpg,image_search
d29dcd96-afe3-49de-8e5c-902c5634b13c,PHOENIX FOCUS JOAD,Anthem,Arizona,https://thfvnext.bing.com/th/id/OIP.g4Z1gmhpGr8qwUQneBrJpgHaFj?w=267&h=200&c=7&r=0&o=7&cb=thfvnextfalcon4&pid=1.7&rm=3,state-range-photos\arizona\PHOENIX FOCUS JOAD (Anthem).jpg,image_search
ca65d651-124f-4adf-9131-0a59b0deeb41,"Piedra Bowhunters, Inc",Monte Vista,Colorado,https://th.bing.com/th/id/OIP.K4rwoXYakh0Hx1xW3Dt8qwHaGE?w=219&h=180&c=7&r=0&o=7&pid=1.7&rm=3,state-range-photos\colorado\Piedra Bowhunters Inc (Monte Vista).jpg,image_search
bd21f974-fa2a-41aa-a4bb-8993ca467457,Pike Outfitters,Zebulon,Georgia,https://th.bing.com/th/id/OIP.YaUJO2XVQcS0boW_w9bFVwHaJ4?w=143&h=190&c=7&r=0&o=7&pid=1.7&rm=3,state-range-photos\georgia\Pike Outfitters (Zebulon).jpg,image_search
7a2a6c93-a122-4aea-ad8d-ad7fc1e10589,Pinckney Pirate Archers,Pinckney,Michigan,https://thfvnext.bing.com/th/id/OIP.6kmQD2nJcLVE1Eb89RlYYAHaGR?w=225&h=190&c=7&r=0&o=7&cb=thfvnextfalcon4&pid=1.7&rm=3,state-range-photos\michigan\Pinckney Pirate Archers (Pinckney).jpg,image_search
be2ed6b1-a2d0-4879-8e0e-1f83943b8aa6,Pine Lake Archers,Eldora,Iowa,https://th.bing.com/th/id/OIP._qXFBdda0bD_ESxOqvHcVAHaE8?w=286&h=191&c=7&r=0&o=7&pid=1.7&rm=3,state-range-photos\iowa\Pine Lake Archers (Eldora).jpg,image_search
2b91f9f7-aa43-4680-a79a-fc9381072f74,Pivot Archery,Decatur,Georgia,https://th.bing.com/th/id/OIP.A5LgrjmPNgUasMkNEqCLKAHaE8?w=269&h=180&c=7&r=0&o=7&pid=1.7&rm=3,state-range-photos\georgia\Pivot Archery (Decatur).jpg,image_search
4bb5b281-9e93-4656-bd6d-2b880e25ac30,Ponca City Bowman Club,PONCA CITY,Oklahoma,https://thf.bing.com/th/id/OIP.tEBAKmieGOYW3duVe4XWTwHaHa?w=174&h=180&c=7&r=0&o=7&cb=thfc1falcon4&pid=1.7&rm=3,state-range-photos\oklahoma\Ponca City Bowman Club (PONCA CITY).jpg,image_search
63fb89bd-2424-4350-a8e4-8231c56b8d18,Potomac Valley Archery Association Inc,MOOREFIELD,West Virginia,https://th.bing.com/th/id/OIP.kX4D_JVVwQIYRLGVHM51HQHaFY?w=237&h=180&c=7&r=0&o=7&pid=1.7&rm=3,state-range-photos\west-virginia\Potomac Valley Archery Association Inc (MOOREFIELD).jpg,image_search
89c11f9b-fc6b-4cea-922d-c76b8dede616,Prairie Bowman Archery Club Inc.,Dodge City,Kansas,https://thfvnext.bing.com/th/id/OIP.YW89ml7BNBJl5E-283YlNgHaFj?w=272&h=204&c=7&r=0&o=7&cb=thfvnextfalcon4&pid=1.7&rm=3,state-range-photos\kansas\Prairie Bowman Archery Club Inc (Dodge City).jpg,image_search
829078b0-e18a-48d1-924d-da6807cc6506,PRAL Team,Isabela,Puerto Rico,https://th.bing.com/th/id/OIP.MPKmd--TFhghVRmkdUrlMAHaE7?w=255&h=180&c=7&r=0&o=7&pid=1.7&rm=3,state-range-photos\puerto-rico\PRAL Team (Isabela).jpg,image_search
88bdbd0a-2bb9-45f5-9954-aa14415da754,Precision Archery,FAIRBANKS,Alaska,https://th.bing.com/th/id/OIP.9fyKy-05cvPZrJPPUFFuDQHaE8?w=273&h=182&c=7&r=0&o=7&pid=1.7&rm=3,state-range-photos\alaska\Precision Archery (FAIRBANKS).jpg,image_search
cf333e13-9b9d-4601-bb41-56b86b312926,Prince William Archers,Bristow,Virginia,https://thfvnext.bing.com/th/id/OIP.lxgc65KUPlW4-r9yBHn3vQHaE7?w=300&h=200&c=7&r=0&o=7&cb=thfvnextfalcon4&pid=1.7&rm=3,state-range-photos\virginia\Prince William Archers (Bristow).jpg,image_search
e038ccbc-eddc-40b3-80dd-c22891733566,Quails Run Archery Club LLC,Eustis,Florida,https://th.bing.com/th/id/OIP.pFYhHUhewIem_Qym9DAKSgHaHa?w=169&h=180&c=7&r=0&o=7&pid=1.7&rm=3,state-range-photos\florida\Quails Run Archery Club LLC (Eustis).jpg,image_search
c3d6d1a8-a1e3-415e-a086-48dd4dbd1ebb,Quick Draw Archery,Littleton,Colorado,https://th.bing.com/th/id/OIP.9CrW7yRnKNs5iB2o8c9x9AHaFu?w=237&h=183&c=7&r=0&o=7&pid=1.7&rm=3,state-range-photos\colorado\Quick Draw Archery (Littleton).jpg,image_search
b9b8034e-1107-4040-b3ef-447b6c9f1ddc,R & L Archery,Barre,Vermont,https://th.bing.com/th/id/OIP.OuNZ0pZIozBsJrba_uKd9QHaFj?w=225&h=180&c=7&r=0&o=7&pid=1.7&rm=3,state-range-photos\vermont\R  L Archery (Barre).jpg,image_search
7c86aece-7264-490d-b44b-f1dbe8762fa6,R&D 3D Archery,Milner,Georgia,https://thfvnext.bing.com/th/id/OIP.doleXaleiPhbp3fCcD9QyQHaE7?w=252&h=180&c=7&r=0&o=7&cb=thfvnextfalcon4&pid=1.7&rm=3,state-range-photos\georgia\RD 3D Archery (Milner).jpg,image_search
3d948ed3-4a3b-4475-ac08-3998b264d93f,Randolph Bowhunters,Asheboro,North Carolina,https://thfvnext.bing.com/th/id/OIP.DlydOv7CX1duXxA0LQkgtwHaEK?w=317&h=180&c=7&r=0&o=7&cb=thfvnextfalcon4&pid=1.7&rm=3,state-range-photos\north-carolina\Randolph Bowhunters (Asheboro).jpg,image_search
ad9f6d75-2499-405f-b9a4-bd0e3b85ddde,Rapids Archery Club,Andover,Minnesota,https://thfvnext.bing.com/th/id/OIP.U2wbHRCtE3dnyyOJZ8H06AHaDt?w=349&h=174&c=7&r=0&o=7&cb=thfvnextfalcon4&pid=1.7&rm=3,state-range-photos\minnesota\Rapids Archery Club (Andover).jpg,image_search
017ef89a-9a35-4cef-ba70-903ed1854830,Rapids Archery Club,,Wisconsin,https://thfvnext.bing.com/th/id/OIP.zB4Klq6dTMXukDnz4yVduwHaHa?w=175&h=180&c=7&r=0&o=7&cb=thfvnextfalcon4&pid=1.7&rm=3,state-range-photos\wisconsin\Rapids Archery Club (unknown).jpg,image_search
2e636dc0-caa5-4b56-b460-4d77df015583,Raymond Bowhunters,Jesup,Iowa,https://th.bing.com/th/id/OIP.RFBg5qgMSgv7q_kGeV5N4AHaDa?w=333&h=180&c=7&r=0&o=7&pid=1.7&rm=3,state-range-photos\iowa\Raymond Bowhunters (Jesup).jpg,image_search
fdb93c2f-ea71-4529-b2c5-875a087bb210,Razorback Archery,Ash Flat,Arkansas,https://th.bing.com/th/id/OIP.P5muVgc7vM0P2jx9ivdBmgHaHa?w=204&h=204&c=7&r=0&o=7&pid=1.7&rm=3,state-range-photos\arkansas\Razorback Archery (Ash Flat).jpg,image_search
3ae6058e-baa0-4bc0-a1dd-e67146ed2687,"Red Feather Bowmen, Inc.",Paonia,Colorado,https://thfvnext.bing.com/th/id/OIP.p1DTgFm4HsLdccYxVFVhYAHaHa?w=204&h=204&c=7&r=0&o=7&cb=thfvnextfalcon4&pid=1.7&rm=3,state-range-photos\colorado\Red Feather Bowmen Inc (Paonia).jpg,image_search
efdd3983-b183-48e4-bce4-0767a0f8742e,Red Rock Archery,Grand Junction,Colorado,https://th.bing.com/th/id/OIP.zeux0AxyIh8rs4JH2dcehwHaJQ?w=161&h=202&c=7&r=0&o=7&pid=1.7&rm=3,state-range-photos\colorado\Red Rock Archery (Grand Junction).jpg,image_search
310519c3-f35f-4c24-b2c4-953176561f55,Riceville Archery Club,Riceville,Iowa,https://th.bing.com/th/id/OIP.3DO5WJGtBXLZZexLRAsuCQHaFu?w=249&h=193&c=7&r=0&o=7&pid=1.7&rm=3,state-range-photos\iowa\Riceville Archery Club (Riceville).jpg,image_search
27ceecae-4251-410b-92d8-d29cf1978010,Rider's Sporting Goods,Kinder,Louisiana,https://th.bing.com/th/id/OIP.OAT9kzjDRNoIUPlQboIz5wHaEL?w=267&h=180&c=7&r=0&o=7&pid=1.7&rm=3,state-range-photos\louisiana\Riders Sporting Goods (Kinder).jpg,image_search
21a96273-609b-40f7-afe7-497794235f43,River Bottom Outdoors,Franklin,Georgia,https://thfvnext.bing.com/th/id/OIP.H_HZm0cDDs2dimrQ-Ln8jgHaEK?w=321&h=180&c=7&r=0&o=7&cb=thfvnextfalcon4&pid=1.7&rm=3,state-range-photos\georgia\River Bottom Outdoors (Franklin).jpg,image_search
041bda15-8282-4229-9f2b-42de813f5728,Rock Branch Archery,Elberton,Georgia,https://th.bing.com/th/id/OIP.A5LgrjmPNgUasMkNEqCLKAHaE8?w=273&h=182&c=7&r=0&o=7&pid=1.7&rm=3,state-range-photos\georgia\Rock Branch Archery (Elberton).jpg,image_search
ed866752-0f41-4953-b568-ca925d1d5ca5,Rockfish Bowhunters,Hope Mills,North Carolina,https://th.bing.com/th/id/OIP.nqO_7IVZFJis97ZCTOD24gHaFG?w=225&h=180&c=7&r=0&o=7&pid=1.7&rm=3,state-range-photos\north-carolina\Rockfish Bowhunters (Hope Mills).jpg,image_search
1b8a4f48-7313-40be-8a68-4301dbfe452c,Rogue Archer,Hugo,Oklahoma,https://thfvnext.bing.com/th/id/OIP.eC-hNMiSE6VipQGdpeYwcgHaEi?w=282&h=180&c=7&r=0&o=7&cb=thfvnextfalcon4&pid=1.7&rm=3,state-range-photos\oklahoma\Rogue Archer (Hugo).jpg,image_search
128f5f8b-3637-4d28-8c16-775ce4e1d7c2,Ross County Bowhunters,Chillicothe,Ohio,https://th.bing.com/th/id/OIP.LGXrVQm33dsEfFSjf3MFUAHaFj?w=226&h=180&c=7&r=0&o=7&pid=1.7&rm=3,state-range-photos\ohio\Ross County Bowhunters (Chillicothe).jpg,image_search
97af0f69-dfcd-4c0f-bcfa-e60ad04055b4,Roughrider Archers,Dickinson,North Dakota,https://thf.bing.com/th/id/OIP.wYe30ADvltVBUHBt8TiDGAHaE7?w=281&h=187&c=7&r=0&o=7&cb=thfc1falcon4&pid=1.7&rm=3,state-range-photos\north-dakota\Roughrider Archers (Dickinson).jpg,image_search
149f2413-945d-4944-ab24-4fa2f3485bfa,Rub Line Archery,Moneta,Virginia,https://thfvnext.bing.com/th/id/OIP.z-9BiDXQ-HKFzj8jZ4KfZAHaGz?w=192&h=180&c=7&r=0&o=7&cb=thfvnextfalcon4&pid=1.7&rm=3,state-range-photos\virginia\Rub Line Archery (Moneta).jpg,image_search
790e9803-d4e8-45f7-8c45-5bd3bcd83c52,Rustic Archery Shooters Club,Howard City,Michigan,https://th.bing.com/th/id/OIP.6dk9U_q-sju3lwZmBsL9ZgHaJP?w=153&h=192&c=7&r=0&o=7&pid=1.7&rm=3,state-range-photos\michigan\Rustic Archery Shooters Club (Howard City).jpg,image_search
be371fb2-a461-415e-8621-ee9f5e56092f,Rusty Buck,Versailles,Indiana,https://th.bing.com/th/id/OIP.I9PHCA9aHVL55WxGYyNNAgHaFj?w=204&h=153&c=7&r=0&o=7&pid=1.7&rm=3,state-range-photos\indiana\Rusty Buck (Versailles).jpg,image_search
513eb416-333b-41cb-a16e-db6a14bdba0d,Saddle Mountain Archers,ASTORIA,Oregon,https://th.bing.com/th/id/OIP.LtSGwHpab0tdVzCdbPVVLQHaJR?w=159&h=199&c=7&r=0&o=7&pid=1.7&rm=3,state-range-photos\oregon\Saddle Mountain Archers (ASTORIA).jpg,image_search
dc1de057-719c-4390-aa13-485b3fe02270,Salt River Bowhunters,Shelbyville,Missouri,https://thfvnext.bing.com/th/id/OIP.c6SPu4PFFJFETXtHVgjuywHaLJ?w=203&h=306&c=7&r=0&o=7&cb=thfvnextfalcon4&pid=1.7&rm=3,state-range-photos\missouri\Salt River Bowhunters (Shelbyville).jpg,image_search
a12c135b-2fa7-485d-b1c6-305a22093491,Sam's Christian Archery,Black Mountain,North Carolina,https://th.bing.com/th/id/OIP.3gyI_dt8pOif2daCRWrG4QHaE7?w=254&h=180&c=7&r=0&o=7&pid=1.7&rm=3,state-range-photos\north-carolina\Sams Christian Archery (Black Mountain).jpg,image_search
91036d97-7daf-4f35-ac7f-13b52443bad9,Sanctuary Archery,McAlister,Oklahoma,https://th.bing.com/th/id/OIP.q0enlotV_CdvVLaKAFuUWwHaE8?w=274&h=183&c=7&r=0&o=7&pid=1.7&rm=3,state-range-photos\oklahoma\Sanctuary Archery (McAlister).jpg,image_search
665bb30b-578d-4530-90ad-9efac9689284,Sandia Crest Bowhunters Association,Albuquerque,New Mexico,https://thf.bing.com/th/id/OIP.o2QNkKyz14hs_ikQq5ljSAHaE5?w=248&h=180&c=7&r=0&o=7&cb=thfc1falcon4&pid=1.7&rm=3,state-range-photos\new-mexico\Sandia Crest Bowhunters Association (Albuquerque).jpg,image_search
16772f1f-38e2-4795-aee8-30f7005a6b0b,SDT Armory,Milford,Connecticut,https://th.bing.com/th/id/OIP.HBZYOgfhu0PgFZG9VhDZewHaHa?w=178&h=180&c=7&r=0&o=7&pid=1.7&rm=3,state-range-photos\connecticut\SDT Armory (Milford).jpg,image_search
6b774f1f-54e7-4c1a-b0d2-03f2071ebf7b,Shelby County Archers,Sidney,Ohio,https://thf.bing.com/th/id/OIP.f8O-6Nm4Ze0-_fDhO1AdswHaE7?w=283&h=189&c=7&r=0&o=7&cb=thfc1falcon4&pid=1.7&rm=3,state-range-photos\ohio\Shelby County Archers (Sidney).jpg,image_search
69637614-2914-4080-99e2-96de3215a276,Shell Pond Outdoors LLC,Williston,Florida,https://th.bing.com/th/id/OIP.8rT6JjNwXxu3T3GvaDI5_QHaJ1?w=204&h=272&c=7&r=0&o=7&pid=1.7&rm=3,state-range-photos\florida\Shell Pond Outdoors LLC (Williston).jpg,image_search
3f80d40d-ff3d-40ea-8922-b6d7f008d03e,Shenandoah County Archers,Strasburg,Virginia,https://th.bing.com/th/id/OIP.xcgpqqGGbVwunr3Nr2drpAHaE8?w=291&h=194&c=7&r=0&o=7&pid=1.7&rm=3,state-range-photos\virginia\Shenandoah County Archers (Strasburg).jpg,image_search
ebd15248-7281-4ae7-834c-6a265536a450,Sherwood Archery,Steubenville,Ohio,https://th.bing.com/th/id/OIP.iMKPhHSFz4UVyX0PeUjEAAHaHl?w=184&h=187&c=7&r=0&o=7&pid=1.7&rm=3,state-range-photos\ohio\Sherwood Archery (Steubenville).jpg,image_search
1a7754a7-f3aa-4c70-b5df-19d3b2e6bfad,Shoot Fire Shooters,Muse,Oklahoma,https://thf.bing.com/th/id/OIP.wrL-yN8HUlskKAo9zW1cqwHaHa?w=154&h=180&c=7&r=0&o=7&cb=thfc1falcon4&pid=1.7&rm=3,state-range-photos\oklahoma\Shoot Fire Shooters (Muse).jpg,image_search
8661084c-eb25-4f9a-87c9-274f3ff266f4,Silver Bow Archers,Butte,Montana,https://thfvnext.bing.com/th/id/OIP.8HVkw9DDjbdSGUYYl8iocQHaHa?w=182&h=182&c=7&r=0&o=7&cb=thfvnextfalcon4&pid=1.7&rm=3,state-range-photos\montana\Silver Bow Archers (Butte).jpg,image_search
733f8dc0-2880-49dd-af2c-95a73f4fe270,Silver City Archery Co,Silver City,New Mexico,https://thfvnext.bing.com/th/id/OIP._vePw8yAisZMZghz7ZzejQHaDV?w=324&h=157&c=7&r=0&o=7&cb=thfvnextfalcon4&pid=1.7&rm=3,state-range-photos\new-mexico\Silver City Archery Co (Silver City).jpg,image_search
cf7e6179-3812-4345-92b2-34593b693f8a,Silver Eagles Archery,Wheelersburg,Ohio,https://th.bing.com/th/id/OIP.P5Ii3dEPA6AxzX-l-d3t4QHaGV?w=228&h=195&c=7&r=0&o=7&pid=1.7&rm=3,state-range-photos\ohio\Silver Eagles Archery (Wheelersburg).jpg,image_search
2490dd6d-f5e3-4c5e-915b-7b6173798dee,Singletary Rod & Gun Club,Oxford,Massachusetts,https://th.bing.com/th/id/OIP.LnVJThox23DXOX5rzUPhQAHaHa?w=181&h=180&c=7&r=0&o=7&pid=1.7&rm=3,state-range-photos\massachusetts\Singletary Rod  Gun Club (Oxford).jpg,image_search
82d36da5-100e-4d8b-b8bf-2ac0eae7cf3e,Slingin' Arrows,El Dorado,Arkansas,https://th.bing.com/th/id/OIP.rNUP98xZepqudEX3oj6BswHaHU?w=192&h=190&c=7&r=0&o=7&pid=1.7&rm=3,state-range-photos\arkansas\Slingin Arrows (El Dorado).jpg,image_search
ff653b09-620e-40aa-ba36-6372f2ab6167,Smoky Mountain Archers,KNOXVILLE,Tennessee,https://th.bing.com/th/id/OIP.tBOnfY4Bt__nTmBt5oL9bgHaHZ?w=177&h=180&c=7&r=0&o=7&pid=1.7&rm=3,state-range-photos\tennessee\Smoky Mountain Archers (KNOXVILLE).jpg,image_search
687c4735-9e47-4a4b-b9d4-50e4023de9ce,Smythe County Archery Club,Marion,Virginia,https://thf.bing.com/th/id/OIP.C2usZcsjomXCDOvQlY1PxgHaHa?w=169&h=180&c=7&r=0&o=7&cb=thfc1falcon4&pid=1.7&rm=3,state-range-photos\virginia\Smythe County Archery Club (Marion).jpg,image_search
07d381df-b2ed-438e-a4cc-00434d2aac20,Sod Archery Club,Sod,West Virginia,https://th.bing.com/th/id/OIP.IorPad9xsY0oQ1cCBvSjZQHaE8?w=257&h=180&c=7&r=0&o=7&pid=1.7&rm=3,state-range-photos\west-virginia\Sod Archery Club (Sod).jpg,image_search
12c438e5-2211-411f-b459-c9494d54829d,Souls In Archery,Ayden,North Carolina,https://thf.bing.com/th/id/OIP.t55l7TGOeFHmfjz5gdAivwHaFk?w=259&h=194&c=7&r=0&o=7&cb=thfc1falcon4&pid=1.7&rm=3,state-range-photos\north-carolina\Souls In Archery (Ayden).jpg,image_search
1556e200-a89b-4461-b488-cd4b4e5db71c,South Florida Gun and Archery Club,Miami,Florida,https://thfvnext.bing.com/th/id/OIP.fezYtepL2srmjv4oZZxx6gHaHa?w=173&h=180&c=7&r=0&o=7&cb=thfvnextfalcon4&pid=1.7&rm=3,state-range-photos\florida\South Florida Gun and Archery Club (Miami).jpg,image_search
ed379690-bde9-4248-9c53-4dec5ae9b096,South Jersey Archery Explorers,Voorhees,New Jersey,https://th.bing.com/th/id/OIP.8QCOwQir_AGrhoqAFHluMgHaJQ?w=157&h=197&c=7&r=0&o=7&pid=1.7&rm=3,state-range-photos\new-jersey\South Jersey Archery Explorers (Voorhees).jpg,image_search
5b9d531f-0028-4fd0-ae7a-44c4bb1327c1,South Mountain Bowhunters,Forest City,North Carolina,https://th.bing.com/th/id/OIP.ISvYaxjI6pZwPWJlPwM_6gHaE8?w=230&h=180&c=7&r=0&o=7&pid=1.7&rm=3,state-range-photos\north-carolina\South Mountain Bowhunters (Forest City).jpg,image_search
fc3b7f08-8e51-4246-8ddf-180448fb4ceb,South Ridge Archery Club,Portland,Tennessee,https://th.bing.com/th/id/OIP.SB_i1fZAyTaoaKqADj184wHaES?w=232&h=180&c=7&r=0&o=7&pid=1.7&rm=3,state-range-photos\tennessee\South Ridge Archery Club (Portland).jpg,image_search
15f040ad-7776-4d8e-8f17-f32810d5334b,South Texas Archery JOAD,Cuero,Texas,https://th.bing.com/th/id/OIP.1SrNetfal5eO-btlybKwZQHaHa?w=157&h=180&c=7&r=0&o=7&pid=1.7&rm=3,state-range-photos\texas\South Texas Archery JOAD (Cuero).jpg,image_search
8e3aad28-4ca1-4133-9e8b-f7cd012acbe1,South Umpqua Bowhunters Club,MYRTLE CREEK,Oregon,https://th.bing.com/th/id/OIP.qFH7JZuug5x3drxcUTHWXwHaHa?w=198&h=200&c=7&r=0&o=7&pid=1.7&rm=3,state-range-photos\oregon\South Umpqua Bowhunters Club (MYRTLE CREEK).jpg,image_search
df8aa85f-7e3f-4814-832d-be885648c3a4,Southern Bowhunters 3D,Port Allen,Louisiana,https://th.bing.com/th/id/OIP.OaraQa9qgSFVG7jyiUWtWQHaEK?w=307&h=180&c=7&r=0&o=7&pid=1.7&rm=3,state-range-photos\louisiana\Southern Bowhunters 3D (Port Allen).jpg,image_search
9a0b86a4-c2ac-47ec-8231-19cf88691ff9,Southern Drawl Outdoors,Mathery,West Virginia,https://th.bing.com/th/id/OIP.qkoNldifB87Q3h5HjptqxAHaFi?w=245&h=184&c=7&r=0&o=7&pid=1.7&rm=3,state-range-photos\west-virginia\Southern Drawl Outdoors (Mathery).jpg,image_search
980615b4-4ec4-4b28-96ae-66f91360d6cf,Southern Traditional Archery Association,Enid,Mississippi,https://thf.bing.com/th/id/OIP.tU3dnidPMWNhLYVbswH_QQHaEK?w=282&h=180&c=7&r=0&o=7&cb=thfc1falcon4&pid=1.7&rm=3,state-range-photos\mississippi\Southern Traditional Archery Association (Enid).jpg,image_search
16bb6d3e-06c2-4b43-8a5f-5cb1f437d2c5,Southside Park Huntsville,Huntsville,Alabama,https://th.bing.com/th/id/OIP.rgjkt3QPXDvSZahySBM9zwHaE8?w=234&h=180&c=7&r=0&o=7&pid=1.7&rm=3,state-range-photos\alabama\Southside Park Huntsville (Huntsville).jpg,image_search
d2d250e8-31ef-432e-a3e6-fe89e9f71b86,Southwest Border Archers,Deming,New Mexico,https://thf.bing.com/th/id/OIP.cyfJdMdkuCCsJQBq65cwzwHaEV?w=312&h=183&c=7&r=0&o=7&cb=thfc1falcon4&pid=1.7&rm=3,state-range-photos\new-mexico\Southwest Border Archers (Deming).jpg,image_search
4e541918-0242-426c-96c2-dff844173620,Southwest Iowa Bowhunters,Braddyville,Iowa,https://th.bing.com/th/id/OIP.3DO5WJGtBXLZZexLRAsuCQHaFu?w=229&h=180&c=7&r=0&o=7&pid=1.7&rm=3,state-range-photos\iowa\Southwest Iowa Bowhunters (Braddyville).jpg,image_search
e580a6fe-f885-47d3-a66f-3be461a59483,Southwest TN Archery,Finger,Tennessee,https://th.bing.com/th/id/OIP.ee-TXLDjL2f9ZYvJlgVLcQHaEZ?w=295&h=180&c=7&r=0&o=7&pid=1.7&rm=3,state-range-photos\tennessee\Southwest TN Archery (Finger).jpg,image_search
0ebe9d02-4157-4535-b121-0e1d74196118,Southwestern Oregon Bowhunters Association,Coos Bay,Oregon,https://th.bing.com/th/id/OIP.Wy1esvZqKZurYQKfcTDa0wHaFj?w=207&h=180&c=7&r=0&o=7&pid=1.7&rm=3,state-range-photos\oregon\Southwestern Oregon Bowhunters Association (Coos Bay).jpg,image_search
d867e74e-62ed-487c-84d2-c7bc78ede8e6,Specialty Sports & Supply Colorado Springs,Colorado Springs,Colorado,https://th.bing.com/th/id/OIP.UObVpssSYe3yzzk1x_sTnQHaFL?w=223&h=180&c=7&r=0&o=7&pid=1.7&rm=3,state-range-photos\colorado\Specialty Sports  Supply Colorado Springs (Colorado Springs).jpg,image_search
df9757ef-a30c-4bd6-a81e-d4728cf833aa,SpiderShotz,Manakin-Sabot,Virginia,https://th.bing.com/th/id/OIP.UxchZ3D50IbABRtpapuImgHaE7?w=269&h=180&c=7&r=0&o=7&pid=1.7&rm=3,state-range-photos\virginia\SpiderShotz (Manakin-Sabot).jpg,image_search
8389ab91-d79f-4c24-a661-23fd3c5743eb,Spindletop Straight Shooters,Beaumont,Texas,https://th.bing.com/th/id/OIP.kSSEVE9YsJpfbUv3aJEaNQHaFj?w=220&h=180&c=7&r=0&o=7&pid=1.7&rm=3,state-range-photos\texas\Spindletop Straight Shooters (Beaumont).jpg,image_search
bee43279-c648-45bc-9ef5-ac3a36e8bc06,Split Nocks Archers,Powhattan,Virginia,https://thfvnext.bing.com/th/id/OIP.wvx2b6YO16AHY4Gs3dhshAHaEO?w=298&h=180&c=7&r=0&o=7&cb=thfvnextfalcon4&pid=1.7&rm=3,state-range-photos\virginia\Split Nocks Archers (Powhattan).jpg,image_search
9ad39b77-2ec0-48e4-8ee4-d6ef5076c527,St. Clair Archery Club,Ashville,Alabama,https://th.bing.com/th/id/OIP.skk_6ANfAkop7GiwfKZK7wHaHb?w=155&h=180&c=7&r=0&o=7&pid=1.7&rm=3,state-range-photos\alabama\St Clair Archery Club (Ashville).jpg,image_search
27fb8c67-8aba-462b-a376-e2f4b3de5cfb,Stand Outdoors,Ulman,Missouri,https://thf.bing.com/th/id/OIP.u2KwCWDG5GGEZIaTeu3fygHaEZ?w=297&h=180&c=7&r=0&o=7&cb=thfc1falcon4&pid=1.7&rm=3,state-range-photos\missouri\Stand Outdoors (Ulman).jpg,image_search
78c06752-01ef-4965-95a6-100debb3d471,Star Archery,Pulaski,Tennessee,https://th.bing.com/th/id/OIP.XahFsArJgXZQ5fANxVlg7wHaHa?w=181&h=181&c=7&r=0&o=7&pid=1.7&rm=3,state-range-photos\tennessee\Star Archery (Pulaski).jpg,image_search
87131988-c054-43cf-9b68-86d4d03dbfb6,State Fair Archery Club,Smithton,Missouri,https://thf.bing.com/th/id/OIP.h_VQlcCqfeKQI_2JqUh2CAHaIM?w=183&h=202&c=7&r=0&o=7&cb=thfc1falcon4&pid=1.7&rm=3,state-range-photos\missouri\State Fair Archery Club (Smithton).jpg,image_search
bfeca7fa-345e-4086-b53c-e36e55d94019,Staunton River Archery Club,Hurt,Virginia,https://thfvnext.bing.com/th/id/OIP.qIPu43qzPfRSpnh8iRqxCAHaJ1?w=204&h=272&c=7&r=0&o=7&cb=thfvnextfalcon4&pid=1.7&rm=3,state-range-photos\virginia\Staunton River Archery Club (Hurt).jpg,image_search
2b27ea1b-5e59-4b2d-a346-53362f43830e,Steve's Gun & Archery,Nashville,Tennessee,https://th.bing.com/th/id/OIP.UzlP2T0HBJumnP_nogyTmwHaE8?w=274&h=183&c=7&r=0&o=7&pid=1.7&rm=3,state-range-photos\tennessee\Steves Gun  Archery (Nashville).jpg,image_search
23243335-288e-469e-91a2-0ea8aea86a03,Stott Mountain Traditional Archers,Dallas,Oregon,https://th.bing.com/th/id/OIP.Y6zGi8Jd9jR-cEBWjm3D8gHaFj?w=241&h=181&c=7&r=0&o=7&pid=1.7&rm=3,state-range-photos\oregon\Stott Mountain Traditional Archers (Dallas).jpg,image_search
2f6d935b-9c60-48e1-929a-f584f80f42a5,STRAIGHT-N-ARROW ARCHERS,Minerva,Ohio,https://thfvnext.bing.com/th/id/OIP.3DELVlm0uhx0a3IbpkhNawAAAA?w=239&h=180&c=7&r=0&o=7&cb=thfvnextfalcon4&pid=1.7&rm=3,state-range-photos\ohio\STRAIGHT-N-ARROW ARCHERS (Minerva).jpg,image_search
5db414ee-8dca-4695-9636-08a479b21902,Stratford Police Department Range,Stratford,Connecticut,https://th.bing.com/th/id/OIP.Zz2h6STHj1aGmyDekyWAtAHaDY?w=349&h=159&c=7&r=0&o=7&pid=1.7&rm=3,state-range-photos\connecticut\Stratford Police Department Range (Stratford).jpg,image_search
b55c1b48-8528-4f32-bba2-695d1145ea9d,Summit Archery,Heber City,Utah,https://th.bing.com/th/id/OIP.00Jpg8204HkJFaO6KXhaJAHaHZ?w=203&h=202&c=7&r=0&o=7&pid=1.7&rm=3,state-range-photos\utah\Summit Archery (Heber City).jpg,image_search
f5e259fd-40fe-489f-887d-ef7658f03ab0,Suncoast Archers,Parrish,Florida,https://th.bing.com/th/id/OIP.0DFXTWmI1yRmElYiAWSAGQHaHa?w=185&h=185&c=7&r=0&o=7&pid=1.7&rm=3,state-range-photos\florida\Suncoast Archers (Parrish).jpg,image_search
be634da3-4ded-4911-9e70-46bfcd7347d4,Sunrise Mountain Archery Range,Las Vegas,Nevada,https://th.bing.com/th/id/OIP.3V_udoqBa6ZU_4MiGcrUkgHaE7?w=233&h=180&c=7&r=0&o=7&pid=1.7&rm=3,state-range-photos\nevada\Sunrise Mountain Archery Range (Las Vegas).jpg,image_search
a88e9d90-db1c-42a6-b9e5-d96ad7f62cf6,Swamp Fox Archery and Bow Club,Tabor City,North Carolina,https://th.bing.com/th/id/OIP.GXZLGPvRJ65aGBWQN4ewNgHaFj?w=261&h=196&c=7&r=0&o=7&pid=1.7&rm=3,state-range-photos\north-carolina\Swamp Fox Archery and Bow Club (Tabor City).jpg,image_search
28353097-1a6c-4dc7-9361-93fa6d371c76,Sweetwater Archery Club,Winston,Georgia,https://th.bing.com/th/id/OIP.A5LgrjmPNgUasMkNEqCLKAHaE8?w=295&h=188&c=7&r=0&o=7&pid=1.7&rm=3,state-range-photos\georgia\Sweetwater Archery Club (Winston).jpg,image_search
b463488a-05be-4b24-9c86-9dc5c9fcdbf8,Synergy Archery Alliance,Woodlawn,Tennessee,https://th.bing.com/th/id/OIP.pVlXMIev4S4BDsgvTmdzwgHaE8?w=279&h=186&c=7&r=0&o=7&pid=1.7&rm=3,state-range-photos\tennessee\Synergy Archery Alliance (Woodlawn).jpg,image_search
e4345655-1333-4d14-a9fa-0bb6c7e942a9,Tangi Archery Club,Baton Rouge,Louisiana,https://thf.bing.com/th/id/OIP.WazuFUoOhgiP5GuzZK2veAHaEK?w=318&h=180&c=7&r=0&o=7&cb=thfc1falcon4&pid=1.7&rm=3,state-range-photos\louisiana\Tangi Archery Club (Baton Rouge).jpg,image_search
8271766f-3e30-446e-8c23-366f0b4b7800,Tapp Nation Archery,Riverview,Florida,https://th.bing.com/th/id/OIP.HE-mHwPyvrEjfKcgWaJMmAHaFS?w=227&h=180&c=7&r=0&o=7&pid=1.7&rm=3,state-range-photos\florida\Tapp Nation Archery (Riverview).jpg,image_search
9038ff05-e0c5-4804-b4d9-bb79e2518006,Tar River Archery Club,Louisburg,North Carolina,https://th.bing.com/th/id/OIP.9RFWTAvxtXhmGB9_ZHcoVwHaD4?w=315&h=180&c=7&r=0&o=7&pid=1.7&rm=3,state-range-photos\north-carolina\Tar River Archery Club (Louisburg).jpg,image_search
8a8f6a78-3c93-4e2f-8c8f-54af88f3e2e2,Target Seekers,Lubbock,Texas,https://thf.bing.com/th/id/OIP.m3R6zl_Ul1cg9lNcqmSoWAHaD4?w=319&h=180&c=7&r=0&o=7&cb=thfc1falcon4&pid=1.7&rm=3,state-range-photos\texas\Target Seekers (Lubbock).jpg,image_search
ba9e8788-d5c4-4187-b5a3-fbdd9947cc3d,Team Triangle Archery,CHAPEL HILL,North Carolina,https://th.bing.com/th/id/OIP.6LGfdVleJIQtsgMiMkoTCwHaHa?w=202&h=202&c=7&r=0&o=7&pid=1.7&rm=3,state-range-photos\north-carolina\Team Triangle Archery (CHAPEL HILL).jpg,image_search
0ba7d712-1898-4e03-a1ab-688e2e54e12d,Texas Elite 3-D Archery,Columbus,Texas,https://thf.bing.com/th/id/OIP.1dYGINdKlCFTov5Plv9sgQHaE8?w=265&h=180&c=7&r=0&o=7&cb=thfc1falcon4&pid=1.7&rm=3,state-range-photos\texas\Texas Elite 3-D Archery (Columbus).jpg,image_search
efc489f6-9ca7-4dc1-8e55-edbfede74d2a,The Adventurous Bowmen,Eugene,Oregon,https://thf.bing.com/th/id/OIP.8gcpw-dxR0KhnbprZViJugHaE6?w=282&h=187&c=7&r=0&o=7&cb=thfc1falcon4&pid=1.7&rm=3,state-range-photos\oregon\The Adventurous Bowmen (Eugene).jpg,image_search
c86ec59d-115f-483d-8a7b-762af8e8adf3,The Archery Den,Spring Hill,Tennessee,https://thfvnext.bing.com/th/id/OIP.9kuLU5xpjGHuZ8mj907FzAHaFj?w=204&h=153&c=7&r=0&o=7&cb=thfvnextfalcon4&pid=1.7&rm=3,state-range-photos\tennessee\The Archery Den (Spring Hill).jpg,image_search
b17a4d78-7f34-4193-9d5f-ad0173c57b38,The Archery Experience,Murfreesboro,Tennessee,https://thf.bing.com/th/id/OIP.u8Mc2aii-0WSjgQoEe6cdgHaEO?w=328&h=187&c=7&r=0&o=7&cb=thfc1falcon4&pid=1.7&rm=3,state-range-photos\tennessee\The Archery Experience (Murfreesboro).jpg,image_search
de3ef8c9-82ba-428e-b23c-269c5478c12d,The Archery Shop,BAKERSFIELD,California,https://th.bing.com/th/id/OIP.Unauqtxf_CgiFF0otlgOlQHaJ4?w=204&h=272&c=7&r=0&o=7&pid=1.7&rm=3,state-range-photos\california\The Archery Shop (BAKERSFIELD).jpg,image_search
5eafa021-b9cf-4ebc-a9a8-8a9b4cccd98f,The Bow Shop - WV,CLARKSBURG,West Virginia,https://th.bing.com/th/id/OIP.xX3DfufvA8_PUKh1ItOOqAHaE8?w=304&h=203&c=7&r=0&o=7&pid=1.7&rm=3,state-range-photos\west-virginia\The Bow Shop - WV (CLARKSBURG).jpg,image_search
d59d7b87-34d1-4167-8525-808f97c178ad,The Bow Shop Nephi,Nephi,Utah,https://th.bing.com/th/id/OIP.g9upUGAkjziEvguw_kUFgwHaFj?w=218&h=180&c=7&r=0&o=7&pid=1.7&rm=3,state-range-photos\utah\The Bow Shop Nephi (Nephi).jpg,image_search
4503a65a-8d5a-44d2-b5a4-36db14f8e833,The Complete Hunters Outlet,Suffield,Ohio,https://thf.bing.com/th/id/OIP.2iSWpBJsAik-6Cr6Xo-3xgHaFj?w=188&h=180&c=7&r=0&o=7&cb=thfc1falcon4&pid=1.7&rm=3,state-range-photos\ohio\The Complete Hunters Outlet (Suffield).jpg,image_search
f6f16cff-19bf-4f42-bc2e-3a129342b083,The Farms 3D Archery LLC,Mokane,Missouri,https://th.bing.com/th/id/OIP.bNRB3qqV1NzKvHjWb0uyngAAAA?w=178&h=180&c=7&r=0&o=7&pid=1.7&rm=3,state-range-photos\missouri\The Farms 3D Archery LLC (Mokane).jpg,image_search
074ace66-062c-4c6f-b391-6f634730c3fa,The Other Place Archery Club,Kingstree,South Carolina,https://th.bing.com/th/id/OIP.NajJo0-kdRJ31DJReIkbiQHaEm?w=275&h=180&c=7&r=0&o=7&pid=1.7&rm=3,state-range-photos\south-carolina\The Other Place Archery Club (Kingstree).jpg,image_search
97fd52cb-86d7-4772-b969-3a0459e4efdd,The Outlaw Archers,Woodland,California,https://thfvnext.bing.com/th/id/OIP.EGAy4VLjcIMw48IGm6TpeQHaGa?w=215&h=186&c=7&r=0&o=7&cb=thfvnextfalcon4&pid=1.7&rm=3,state-range-photos\california\The Outlaw Archers (Woodland).jpg,image_search
c9ae3b38-8245-419d-bf2d-382d8405892e,The Peach Pit,Maplesville,Alabama,https://th.bing.com/th/id/OIP.feKJphUU7IsrRP0NC7nsPwHaHc?w=167&h=180&c=7&r=0&o=7&pid=1.7&rm=3,state-range-photos\alabama\The Peach Pit (Maplesville).jpg,image_search
48bc0aba-9faa-4d78-bb3e-3ce87021007e,The Shed Saloon Chicago,Chicago,Illinois,https://th.bing.com/th/id/OIP.4_p6QvJL8YC5h2527e_hogHaIS?w=154&h=180&c=7&r=0&o=7&pid=1.7&rm=3,state-range-photos\illinois\The Shed Saloon Chicago (Chicago).jpg,image_search
fce2d8e4-5474-4c9d-8a90-0640d4686c6a,The Shot 3DX,Chelsea,Oklahoma,https://th.bing.com/th/id/OIP.hUHfZ8edSZdij3GOwXSkeAAAAA?w=307&h=180&c=7&r=0&o=7&pid=1.7&rm=3,state-range-photos\oklahoma\The Shot 3DX (Chelsea).jpg,image_search
346a242d-4689-42fc-9e84-1fdd5ca281ff,The Woods 3-D Archery,Tolar,Texas,https://th.bing.com/th/id/OIP.x_t05LHpkwnXRAjciQbT7wHaFS?w=231&h=180&c=7&r=0&o=7&pid=1.7&rm=3,state-range-photos\texas\The Woods 3-D Archery (Tolar).jpg,image_search
a7922f8c-c7c5-4d62-8a0a-613c2b5a4b47,Theodore Wirth Archery Range,Golden Valley,Minnesota,https://thf.bing.com/th/id/OIP.7GUkv3dySmyKHJI08WyXLQHaFu?w=233&h=180&c=7&r=0&o=7&cb=thfc1falcon4&pid=1.7&rm=3,state-range-photos\minnesota\Theodore Wirth Archery Range (Golden Valley).jpg,image_search
38a4a04a-25c9-4a1e-b8be-db17b300e4fe,Third Coast Archers JOAD,Corpus Christi,Texas,https://th.bing.com/th/id/OIP.8WI6R6S1yuySJmop_f5HywHaG2?w=180&h=180&c=7&r=0&o=7&pid=1.7&rm=3,state-range-photos\texas\Third Coast Archers JOAD (Corpus Christi).jpg,image_search
c1565bfa-6a52-4e83-8bc0-3a7d403ad5ce,Thompson Falls Archery Club,Thompson Falls,Montana,https://th.bing.com/th/id/OIP.374Npr9i77Sp5eXlMeqR1gHaE7?w=290&h=193&c=7&r=0&o=7&pid=1.7&rm=3,state-range-photos\montana\Thompson Falls Archery Club (Thompson Falls).jpg,image_search
19a4b33c-95a9-4675-88f3-59bf4d35fb3c,Thorny Acres Sportsmans Club,ELSIE,Michigan,https://thfvnext.bing.com/th/id/OIP.sA_4Hn_zb7xLyXkeDqIZXwHaGZ?w=211&h=183&c=7&r=0&o=7&cb=thfvnextfalcon4&pid=1.7&rm=3,state-range-photos\michigan\Thorny Acres Sportsmans Club (ELSIE).jpg,image_search
91380cdf-cd65-4f79-a438-390d47915b9b,Three D Archery,Catawissa,Missouri,https://th.bing.com/th/id/OIP.hes7G61Yc2ygWK3jxGFhswHaE7?w=270&h=180&c=7&r=0&o=7&pid=1.7&rm=3,state-range-photos\missouri\Three D Archery (Catawissa).jpg,image_search
420f2f65-ff74-4947-85d6-9b608b43ca52,Tidewater Bowhunters and Archers,Newport News,Virginia,https://th.bing.com/th/id/OIP.iVF3DvgFy3i8_r3uh5pAoAHaHH?w=156&h=180&c=7&r=0&o=7&pid=1.7&rm=3,state-range-photos\virginia\Tidewater Bowhunters and Archers (Newport News).jpg,image_search
536d42e6-c7ee-41f6-9148-6c54800aa30c,Tillamook Sporting Goods,Tillamook,Oregon,https://th.bing.com/th/id/OIP.AIxWk4Lrovzl3Iy9ids_-wHaFj?w=230&h=180&c=7&r=0&o=7&pid=1.7&rm=3,state-range-photos\oregon\Tillamook Sporting Goods (Tillamook).jpg,image_search
be12ab85-9284-4c4a-aa07-a55b17fd05c7,Top Nock Archery NM,Carlsbad,New Mexico,https://thf.bing.com/th/id/OIP.2a0HBsog0hRtla7ojs0oawHaHa?w=162&h=180&c=7&r=0&o=7&cb=thfc1falcon4&pid=1.7&rm=3,state-range-photos\new-mexico\Top Nock Archery NM (Carlsbad).jpg,image_search
8059cc3f-1470-4dc0-a9d5-4d60faad9dd4,Top Pin Archery,Custer,South Dakota,https://th.bing.com/th/id/OIP.zGrjO3dI9C3Ydvq2XcjKQwHaHa?w=172&h=180&c=7&r=0&o=7&pid=1.7&rm=3,state-range-photos\south-dakota\Top Pin Archery (Custer).jpg,image_search
24324b2e-3a57-4e48-bed6-35714488cd5e,Top Tier Archery,Carrollton,Georgia,https://th.bing.com/th/id/OIP.A5LgrjmPNgUasMkNEqCLKAHaE8?w=268&h=180&c=7&r=0&o=7&pid=1.7&rm=3,state-range-photos\georgia\Top Tier Archery (Carrollton).jpg,image_search
8dab909e-e74b-4c04-9407-c63f2da91f89,Traditional Bowhunters of Montana,Bozeman,Montana,https://th.bing.com/th/id/OIP.K7_tnvp9mRsIVbG6dFTZFwHaE8?w=217&h=180&c=7&r=0&o=7&pid=1.7&rm=3,state-range-photos\montana\Traditional Bowhunters of Montana (Bozeman).jpg,image_search
0308cd07-c569-4447-9645-fc33f59a91ea,Triangle Bowhunters,Blacksburg,Virginia,https://th.bing.com/th/id/OIP.DpY_l6Y_-rxftnwLumF3bQHaHa?w=161&h=180&c=7&r=0&o=7&pid=1.7&rm=3,state-range-photos\virginia\Triangle Bowhunters (Blacksburg).jpg,image_search
cc282baa-010a-465b-ae6f-0cf50277675a,Tripp County Range Robins,Colome,South Dakota,https://th.bing.com/th/id/OIP.OjPyTbXXSBTVK8Evzb8LvgHaFj?w=243&h=182&c=7&r=0&o=7&pid=1.7&rm=3,state-range-photos\south-dakota\Tripp County Range Robins (Colome).jpg,image_search
7205d4d5-5e52-41e7-a4b4-118a50416746,Trophy Hunters Archery Club,Grayson,Kentucky,https://th.bing.com/th/id/OIP.or_xAggCIYdzmkAoO3ZxrwHaEK?w=321&h=180&c=7&r=0&o=7&pid=1.7&rm=3,state-range-photos\kentucky\Trophy Hunters Archery Club (Grayson).jpg,image_search
dadf745a-5946-45f8-b498-1f7f91d682c3,Tuckasee Archery,CELINA,Tennessee,https://thf.bing.com/th/id/OIP.wM0DdOYmFz3XddveA9pq9QHaDp?w=317&h=172&c=7&r=0&o=7&cb=thfc1falcon4&pid=1.7&rm=3,state-range-photos\tennessee\Tuckasee Archery (CELINA).jpg,image_search
67447d24-f91b-4609-9b3e-8a6abdaba2a7,Turtle Cove 3D Archery,SALEM,Missouri,https://th.bing.com/th/id/OIP.Q0sr_2-dRr4cb4eBjmqeLwHaFj?w=212&h=180&c=7&r=0&o=7&pid=1.7&rm=3,state-range-photos\missouri\Turtle Cove 3D Archery (SALEM).jpg,image_search
3fb15b3b-f878-48a5-91e8-071dd4aa0c2b,Turtle Mountain Sportsman Club,St. John,North Dakota,https://th.bing.com/th/id/OIP.Wow5uKbxTJl4lEbDHBUxLwHaEK?w=280&h=180&c=7&r=0&o=7&pid=1.7&rm=3,state-range-photos\north-dakota\Turtle Mountain Sportsman Club (St. John).jpg,image_search
2b7001de-3aaf-467a-bd1b-6ffa76c9ad4f,Tuscaloosa County Bowhunters,Northport,Alabama,https://th.bing.com/th/id/OIP.HwB4k53D6GUNbCTMR5ZIUQHaE8?w=273&h=181&c=7&r=0&o=7&pid=1.7&rm=3,state-range-photos\alabama\Tuscaloosa County Bowhunters (Northport).jpg,image_search
8e27d2e9-8b61-4784-9be7-376f93efb87e,Tuscola County Archers,Caro,Michigan,https://th.bing.com/th/id/OIP.vP02TOFeComlV4aH6YVjpgHaDa?w=295&h=161&c=7&r=0&o=7&pid=1.7&rm=3,state-range-photos\michigan\Tuscola County Archers (Caro).jpg,image_search
7d95a37b-bf7c-440b-82b1-c4eae6649565,Twin City Bowhunters,Stamps,Arkansas,https://thfvnext.bing.com/th/id/OIP.nx_956CNdahTgEarcp6LlwHaGj?w=189&h=180&c=7&r=0&o=7&cb=thfvnextfalcon4&pid=1.7&rm=3,state-range-photos\arkansas\Twin City Bowhunters (Stamps).jpg,image_search
aeed111f-68c0-4a7a-abdb-dc049102f5cc,Twins Archery,Urbana,Ohio,https://thf.bing.com/th/id/OIP.23Sv6NYDT895fGryLIvXzQHaFu?w=233&h=180&c=7&r=0&o=7&cb=thfc1falcon4&pid=1.7&rm=3,state-range-photos\ohio\Twins Archery (Urbana).jpg,image_search
b6023735-1a5a-4f98-b145-72e05d59b979,Two Rivers Archery Club,Front Royal,Virginia,https://th.bing.com/th/id/OIP.erTOzyiMUbb5mc0VbqPXfgHaFj?w=244&h=183&c=7&r=0&o=7&pid=1.7&rm=3,state-range-photos\virginia\Two Rivers Archery Club (Front Royal).jpg,image_search
95294899-a39d-47fc-a625-b784cbee38c2,UAF Archery Range,FAIRBANKS,Alaska,https://th.bing.com/th/id/OIP.n5l94cx_BDcUi43u7RG6oQAAAA?w=186&h=180&c=7&r=0&o=7&pid=1.7&rm=3,state-range-photos\alaska\UAF Archery Range (FAIRBANKS).jpg,image_search
a1724be6-4abb-41a0-b53f-f71263b3aeac,UJ Santa Fe Trail Archers,Long Beach,California,https://th.bing.com/th/id/OIP.Q2J21V1l8B3D6CIvFuljfgHaJ4?w=153&h=202&c=7&r=0&o=7&pid=1.7&rm=3,state-range-photos\california\UJ Santa Fe Trail Archers (Long Beach).jpg,image_search
ac397e8e-9437-4ca2-96d5-3b96bfe48e35,Ultra Products,Fairfield,Illinois,https://th.bing.com/th/id/OIP.crFmpRXkkPlkYenE1wwxYwHaHU?w=158&h=180&c=7&r=0&o=7&pid=1.7&rm=3,state-range-photos\illinois\Ultra Products (Fairfield).jpg,image_search
02be0334-1fa8-4f4b-9182-e2c3d39d044f,UpShot Archery,San Diego,California,https://thfvnext.bing.com/th/id/OIP.3d5PwGNdngrEGmidMDIRmAAAAA?w=159&h=180&c=7&r=0&o=7&cb=thfvnextfalcon4&pid=1.7&rm=3,state-range-photos\california\UpShot Archery (San Diego).jpg,image_search
d6220099-353b-4952-935f-1bebd2d057b1,Utah Hot Shots Joad/Stp,Salt Lake City,Utah,https://th.bing.com/th/id/OIP.YtGIy_T3VUn80IE69O-kUgHaE8?w=299&h=199&c=7&r=0&o=7&pid=1.7&rm=3,state-range-photos\utah\Utah Hot Shots JoadStp (Salt Lake City).jpg,image_search
d2300585-1fad-46f2-b28c-64ba99fd4cc0,VCU Archery Club,Goochland,Virginia,https://th.bing.com/th/id/OIP.qVIYw9X5-2LJl_R1DgAcvAHaHa?w=186&h=186&c=7&r=0&o=7&pid=1.7&rm=3,state-range-photos\virginia\VCU Archery Club (Goochland).jpg,image_search
4a2519cc-2ed6-4b4c-a5b4-3a90049aed37,Velva Wildlife Club,Velva,North Dakota,https://th.bing.com/th/id/OIP.XX1B0mlAE-mLDUbA4roiMgHaHa?w=176&h=180&c=7&r=0&o=7&pid=1.7&rm=3,state-range-photos\north-dakota\Velva Wildlife Club (Velva).jpg,image_search
97a8dae8-96bd-4b7a-985c-338882f021d8,Vicksburg Bowhunters,Vicksburg,Mississippi,https://thf.bing.com/th/id/OIP.v8k15u2aQLk0X3dDZtcFgwHaHa?w=166&h=180&c=7&r=0&o=7&cb=thfc1falcon4&pid=1.7&rm=3,state-range-photos\mississippi\Vicksburg Bowhunters (Vicksburg).jpg,image_search
b4861d2c-3563-4d70-ab35-f984570f2d92,Vital Shot Archery,Charlotte,North Carolina,https://th.bing.com/th/id/OIP.3dMMGN9qkHfcHKkZIdp_NAHaFj?w=223&h=180&c=7&r=0&o=7&pid=1.7&rm=3,state-range-photos\north-carolina\Vital Shot Archery (Charlotte).jpg,image_search
45e3271c-545f-4b69-8c37-e8c9e2357143,VuDu Archery NYC,Bronx,New York,https://thfvnext.bing.com/th/id/OIP.7229FCt0Wf732TK6gEu3hwHaEZ?w=317&h=188&c=7&r=0&o=7&cb=thfvnextfalcon4&pid=1.7&rm=3,state-range-photos\new-york\VuDu Archery NYC (Bronx).jpg,image_search
af6c3c91-302e-4dcf-9b63-6cd379202ec9,Wabash County Bowhunters,Mt. Carmel,Illinois,https://th.bing.com/th/id/OIP.pAUV_3IdQwhz1RT356cyuAHaHa?w=166&h=180&c=7&r=0&o=7&pid=1.7&rm=3,state-range-photos\illinois\Wabash County Bowhunters (Mt. Carmel).jpg,image_search
39ea4c5d-9740-407c-a3dd-e390fc83b774,Wagoner Traditional Archers,WAGONER,Oklahoma,https://th.bing.com/th/id/OIP.2oOspCcyuOI-hpQ1ANCbvAHaDW?w=312&h=180&c=7&r=0&o=7&pid=1.7&rm=3,state-range-photos\oklahoma\Wagoner Traditional Archers (WAGONER).jpg,image_search
fc43ad5e-3c4e-4701-8f7b-8f72eaac9217,WaKuWa Archery Club Selah,Yakima,Washington,https://th.bing.com/th/id/OIP.PbmAwbWmXKi9oVjW2W-pbgHaFj?w=220&h=180&c=7&r=0&o=7&pid=1.7&rm=3,state-range-photos\washington\WaKuWa Archery Club Selah (Yakima).jpg,image_search
e50f6651-e5b4-4d66-a603-4433b5a3686b,Waldos Archery Club,Foxworth,Mississippi,https://th.bing.com/th/id/OIP.DTPcpmakjK7SaCINw6ke8AHaEZ?w=292&h=180&c=7&r=0&o=7&pid=1.7&rm=3,state-range-photos\mississippi\Waldos Archery Club (Foxworth).jpg,image_search
404c169f-15fd-4863-82bc-c4fd0fe93067,Wallhangers Moss Bluff,Lake Charles,Louisiana,https://th.bing.com/th/id/OIP.lzSJOhP_j6qE5yTG8FMKLwHaHa?w=169&h=180&c=7&r=0&o=7&pid=1.7&rm=3,state-range-photos\louisiana\Wallhangers Moss Bluff (Lake Charles).jpg,image_search
0c634852-6ec5-4e3c-ab1a-0ddf10a94cba,Wapsi Warriors JOAD,Central City,Iowa,https://th.bing.com/th/id/OIP.EX5wxejHD20z3QFP0jxzzAHaE8?w=234&h=180&c=7&r=0&o=7&pid=1.7&rm=3,state-range-photos\iowa\Wapsi Warriors JOAD (Central City).jpg,image_search
bfc8fb38-e774-4ef8-ac57-463611367933,Warriors Archers,Rio Rancho,New Mexico,https://thf.bing.com/th/id/OIP.Ei3r3D5WiRfIV__tWQYWvAHaEL?w=317&h=180&c=7&r=0&o=7&cb=thfc1falcon4&pid=1.7&rm=3,state-range-photos\new-mexico\Warriors Archers (Rio Rancho).jpg,image_search
a178d654-c86a-49d9-a1ed-d0d131def374,Waverly Sportsmen's Club,Waverly,New York,https://thfvnext.bing.com/th/id/OIP.k30OkRkGBxP9NiZ7ro_NwAHaFj?w=272&h=204&c=7&r=0&o=7&cb=thfvnextfalcon4&pid=1.7&rm=3,state-range-photos\new-york\Waverly Sportsmens Club (Waverly).jpg,image_search
e05f391b-9ea6-4dc7-be6b-51bf1a93bb50,Wayne County Archers,Wooster,Ohio,https://th.bing.com/th/id/OIP.IJ6aK4vEw3-1HUmCX3yhkgHaFj?w=267&h=200&c=7&r=0&o=7&pid=1.7&rm=3,state-range-photos\ohio\Wayne County Archers (Wooster).jpg,image_search
25d8e353-f586-4538-919a-c71680cf7e62,WCO Archery Club of Escambia County,Atmore,Alabama,https://th.bing.com/th/id/OIP.T0JYtJMvBeA7MsyASPDsFgHaHb?w=181&h=182&c=7&r=0&o=7&pid=1.7&rm=3,state-range-photos\alabama\WCO Archery Club of Escambia County (Atmore).jpg,image_search
d4de05ea-c62d-408a-8432-ea57d2941246,West Elk Archers,Gunnison,Colorado,https://th.bing.com/th/id/OIP.SEsaaObMBkDlPdnXMRNrlwHaEK?w=296&h=180&c=7&r=0&o=7&pid=1.7&rm=3,state-range-photos\colorado\West Elk Archers (Gunnison).jpg,image_search
1966aefe-887d-42ec-a3db-ac70be668a73,West Park Archery Club,Hartselle,Alabama,https://th.bing.com/th/id/OIP.EFvvgKe2fz35-nDd4W5aTQHaE9?w=241&h=180&c=7&r=0&o=7&pid=1.7&rm=3,state-range-photos\alabama\West Park Archery Club (Hartselle).jpg,image_search
40d7c041-10dd-4e45-9467-cee5c487b727,West Penn Archery Club,New Ringgold,Pennsylvania,https://thf.bing.com/th/id/OIP.5Dem-BumYfEBdGA-SgTb2QHaHa?w=199&h=200&c=7&r=0&o=7&cb=thfc1falcon4&pid=1.7&rm=3,state-range-photos\pennsylvania\West Penn Archery Club (New Ringgold).jpg,image_search
a301f6d5-1bd1-4d32-9a6a-e3499fcb0cad,Westville Lake Archery and Golf,Beloit,Ohio,https://thf.bing.com/th/id/OIP.MGDK_u8tQttdfuYbFQkc4gHaFj?w=188&h=180&c=7&r=0&o=7&cb=thfc1falcon4&pid=1.7&rm=3,state-range-photos\ohio\Westville Lake Archery and Golf (Beloit).jpg,image_search
3d4f2819-d5c8-4bc8-bb52-b52edf75e4ac,WeThePeopleCarry,Five Points,Tennessee,https://th.bing.com/th/id/OIP.ysztIA806FNYlzYVvmwxggHaHa?w=184&h=184&c=7&r=0&o=7&pid=1.7&rm=3,state-range-photos\tennessee\WeThePeopleCarry (Five Points).jpg,image_search
be25579c-7656-480a-9d7e-355ef9a16963,Whistling Arrow Archery,Montpelier,Vermont,https://thfvnext.bing.com/th/id/OIP.4gZdGq-Y-IpQ532NfLk-kAHaHa?w=182&h=182&c=7&r=0&o=7&cb=thfvnextfalcon4&pid=1.7&rm=3,state-range-photos\vermont\Whistling Arrow Archery (Montpelier).jpg,image_search
1a089148-beef-424c-917d-1bb18b4a5a43,White County Archery Club,Norris City,Illinois,https://thfvnext.bing.com/th/id/OIP.tn_nvAV_yNkPOhigIOCzVwHaFj?w=252&h=189&c=7&r=0&o=7&cb=thfvnextfalcon4&pid=1.7&rm=3,state-range-photos\illinois\White County Archery Club (Norris City).jpg,image_search
2a527de7-bf6a-4f5b-a4de-0b60531a527a,White Mountain Archers,GREEN RIVER,Wyoming,https://thfvnext.bing.com/th/id/OIP.BgLgzF3d_kBRerjfkR8mnAHaE8?w=300&h=200&c=7&r=0&o=7&cb=thfvnextfalcon4&pid=1.7&rm=3,state-range-photos\wyoming\White Mountain Archers (GREEN RIVER).jpg,image_search
148d7cbc-2b2e-4ad4-bb58-0cb2119c503f,White River Bowmen,Kirbyville,Missouri,https://th.bing.com/th/id/OIP.6xFdo-WdMDEW5kHR6NMK2QHaHa?w=204&h=204&c=7&r=0&o=7&pid=1.7&rm=3,state-range-photos\missouri\White River Bowmen (Kirbyville).jpg,image_search
58adb287-7486-4ba9-9382-6d820e12c9cd,Whitetail Acres Archery Range,Leslie,Michigan,https://thf.bing.com/th/id/OIP.Ddg4Fpl9kdfwQeU0wyETJgHaFn?w=213&h=180&c=7&r=0&o=7&cb=thfc1falcon4&pid=1.7&rm=3,state-range-photos\michigan\Whitetail Acres Archery Range (Leslie).jpg,image_search
793f6137-9614-45e5-b12d-64458eb3c561,Whoopie Hills Estate Archery Club,Andover,Ohio,https://thfvnext.bing.com/th/id/OIP.nCys3doEFZDjuXAeYG5j5wHaEK?w=313&h=180&c=7&r=0&o=7&cb=thfvnextfalcon4&pid=1.7&rm=3,state-range-photos\ohio\Whoopie Hills Estate Archery Club (Andover).jpg,image_search
36d741e2-41c4-4f54-85a4-a08558d5cded,Wichita Archery Inc,WICHITA,Kansas,https://th.bing.com/th/id/OIP.kNgaJiknODo5p-EKp6G-uwHaFM?w=232&h=180&c=7&r=0&o=7&pid=1.7&rm=3,state-range-photos\kansas\Wichita Archery Inc (WICHITA).jpg,image_search
a25f64e6-bdc6-4ef5-bc21-74670428e6ee,Wild Arrow at Plattin Peaks,Festus,Missouri,https://thfvnext.bing.com/th/id/OIP.ZgrF7dfooaXpedCDHEMDXwHaHa?w=183&h=183&c=7&r=0&o=7&cb=thfvnextfalcon4&pid=1.7&rm=3,state-range-photos\missouri\Wild Arrow at Plattin Peaks (Festus).jpg,image_search
b7bcd5bc-f435-4966-94b9-5e49bfdb667f,Wild Rivers Archery Club,Denison,Iowa,https://thf.bing.com/th/id/OIP.3DO5WJGtBXLZZexLRAsuCQHaFu?w=233&h=180&c=7&r=0&o=7&cb=thfc1falcon4&pid=1.7&rm=3,state-range-photos\iowa\Wild Rivers Archery Club (Denison).jpg,image_search
5332311c-9dce-4537-b73b-ac714b8ed996,Wilkes Archers Club,North Wilkesboro,North Carolina,https://thfvnext.bing.com/th/id/OIP.ofHEudEB7MJeYP45L7NG4gHaEU?w=306&h=180&c=7&r=0&o=7&cb=thfvnextfalcon4&pid=1.7&rm=3,state-range-photos\north-carolina\Wilkes Archers Club (North Wilkesboro).jpg,image_search
01ef3706-26e1-40c8-bb83-2aa4e669e063,"Winchester Archery, LLC",Cape Girardeau,Missouri,https://th.bing.com/th/id/OIP.0o_NzOTIdHXu22LZj8kOYAHaEK?w=320&h=180&c=7&r=0&o=7&pid=1.7&rm=3,state-range-photos\missouri\Winchester Archery LLC (Cape Girardeau).jpg,image_search
25bdd684-b074-402b-a41a-3c53b8bb589c,Wind River Archers,Pinedale,Wyoming,https://thf.bing.com/th/id/OIP.7oXq_4q4GnuRnek_WOqeVwHaES?w=251&h=180&c=7&r=0&o=7&cb=thfc1falcon4&pid=1.7&rm=3,state-range-photos\wyoming\Wind River Archers (Pinedale).jpg,image_search
d4b96ea6-8250-4197-8d74-b9fe6c572dc4,Wind Walker Archery,Gray,Georgia,https://th.bing.com/th/id/OIP.A5LgrjmPNgUasMkNEqCLKAHaE8?w=264&h=180&c=7&r=0&o=7&pid=1.7&rm=3,state-range-photos\georgia\Wind Walker Archery (Gray).jpg,image_search
d09dde8e-099c-4c18-a9a3-6d31bf332e15,Windy River Archery Center,Hood River,Oregon,https://thfvnext.bing.com/th/id/OIP.R6DxdOHxJIaiN_PZxj8_TAHaEK?w=287&h=180&c=7&r=0&o=7&cb=thfvnextfalcon4&pid=1.7&rm=3,state-range-photos\oregon\Windy River Archery Center (Hood River).jpg,image_search
c277d338-f7b4-47dc-92cf-6b595291b144,Winnemucca Archers,Winnemucca,Nevada,https://th.bing.com/th/id/OIP.-rGHaVKM2His3AI3DAJJVQHaEN?w=279&h=180&c=7&r=0&o=7&pid=1.7&rm=3,state-range-photos\nevada\Winnemucca Archers (Winnemucca).jpg,image_search
6afe4757-1d05-4921-b743-d4ed852f2981,Wolf Pack Archers,VERNAL,Utah,https://thf.bing.com/th/id/OIP.K2PtD81QAPApBr7inPkbaAHaHE?w=175&h=180&c=7&r=0&o=7&cb=thfc1falcon4&pid=1.7&rm=3,state-range-photos\utah\Wolf Pack Archers (VERNAL).jpg,image_search
0bf7c950-173e-4c7d-abe0-e32e06e258ac,"Wolf Pack Archery, LLC",VERNAL,Utah,https://th.bing.com/th/id/OIP.Jb5pJxc--zVmnbKZRklQdQHaCv?w=317&h=129&c=7&r=0&o=7&pid=1.7&rm=3,state-range-photos\utah\Wolf Pack Archery LLC (VERNAL).jpg,image_search
8064f939-2fc4-4d40-9111-cbf9d8e553a2,Woodward Archers,Woodward,Oklahoma,https://thfvnext.bing.com/th/id/OIP.6q9DRPaZ0Wkhsb7d4P_CrAHaFj?w=265&h=199&c=7&r=0&o=7&cb=thfvnextfalcon4&pid=1.7&rm=3,state-range-photos\oklahoma\Woodward Archers (Woodward).jpg,image_search
7ebfaa8a-de2b-4e9d-9e0e-b00c91e2e3dd,World Class Archery TN,Mt. Juliet,Tennessee,https://th.bing.com/th/id/OIP.jGvWKFcG3lJxA2JT4HU5ugHaFj?w=198&h=180&c=7&r=0&o=7&pid=1.7&rm=3,state-range-photos\tennessee\World Class Archery TN (Mt. Juliet).jpg,image_search
b0a82f5c-f4af-483d-b017-492257a83d34,Wyandot Bowmen,NEW MANCHESTER,West Virginia,https://thf.bing.com/th/id/OIP.makvycQgrN1n8Q5LmbpHxwHaEc?w=320&h=192&c=7&r=0&o=7&cb=thfc1falcon4&pid=1.7&rm=3,state-range-photos\west-virginia\Wyandot Bowmen (NEW MANCHESTER).jpg,image_search
accd4b85-a9ca-45b5-aa88-ccb4dffbb3fe,Yard Short Archery,Patton,Missouri,https://thf.bing.com/th/id/OIP.hes7G61Yc2ygWK3jxGFhswHaE7?w=286&h=191&c=7&r=0&o=7&cb=thfc1falcon4&pid=1.7&rm=3,state-range-photos\missouri\Yard Short Archery (Patton).jpg,image_search
419d8b09-527c-4965-bea2-fac03709f19e,Yellowstone Bowmen,LAUREL,Montana,https://th.bing.com/th/id/OIP.t88fr4sPBoMvjqEgXHq1iQHaFj?w=170&h=180&c=7&r=0&o=7&pid=1.7&rm=3,state-range-photos\montana\Yellowstone Bowmen (LAUREL).jpg,image_search
5bead3d9-1247-45a7-a07c-eb4a824eea00,Yuba Sutter Bowhunters,Sutter,California,https://th.bing.com/th/id/OIP.CJbet7o18KQJ98CxVw7Y6wHaHZ?w=197&h=196&c=7&r=0&o=7&pid=1.7&rm=3,state-range-photos\california\Yuba Sutter Bowhunters (Sutter).jpg,image_search
90d91699-b415-4d64-982d-d3f4283ae8d3,"Yuba Sutter Bowhunters - Sutter, CA",YUBA CITY,California,https://th.bing.com/th/id/OIP.CJbet7o18KQJ98CxVw7Y6wHaHZ?w=192&h=191&c=7&r=0&o=7&pid=1.7&rm=3,state-range-photos\california\Yuba Sutter Bowhunters - Sutter CA (YUBA CITY).jpg,image_search
ad3843ed-14df-425a-a407-4171930f9643,Yuba-Sutter Archery Assoc,Marysville,California,https://th.bing.com/th/id/OIP.OL4Xl7xc_k-L_-OPDEpzcAHaHa?w=184&h=185&c=7&r=0&o=7&pid=1.7&rm=3,state-range-photos\california\Yuba-Sutter Archery Assoc (Marysville).jpg,image_search
b42550e2-e825-4120-872b-0b087a6dd200,"Yuba-Sutter Archery Association - Marysville, CA",Marysville,California,https://thfvnext.bing.com/th/id/OIP.yZurrZ3c-ftBBZDvobDDUAHaFj?w=232&h=180&c=7&r=0&o=7&cb=thfvnextfalcon4&pid=1.7&rm=3,state-range-photos\california\Yuba-Sutter Archery Association - Marysville CA (Marysville).jpg,image_search
