id,name,slug,facility_type,status,is_claimed,address,postal_code,latitude,longitude,phone_number,email,website,business_hours,range_length_yards,number_of_lanes,has_pro_shop,has_3d_course,has_field_course,membership_required,membership_price_adult,drop_in_price,equipment_rental_available,lessons_available,lesson_price_range,bow_types_allowed,accessibility,parking_available,post_images,description,city,state
c74def98-4d46-45cd-83db-eebd87f5d3e4,1 Mission Outdoors Archery,1-mission-outdoors-archery-tx,volunteer_club,active,False,12181 TX-195,76542,31.0164893,-97.7540735,+12542379334,justin@1moarchery.com,,,,,False,False,False,False,,,False,False,,,false,false,"[""state-range-photos/texas/1 Mission Outdoors Archery (Killeen).jpg""]","Archery range located in Killeen, TX.",Killeen,Texas
2a650f95-570d-4212-a932-811cba5ff9cb,10 Ring Archery Club,10-ring-archery-club-ga,club,active,False,"703 Bascomb Commercial Pkwy, 104",,,,(678) 919-4776,10ringarcheryclub@gmail.com,https://10ringarcherybookings.square.site/,Monday: Closed; Tuesday-Friday: 12:00pm-8:00pm; Saturday: 10:00am-8:00pm; Sunday: 11:00am-6:00pm,,,False,False,False,False,,$10,False,True,,,false,false,"[""state-range-photos/georgia/10 Ring Archery Club (Woodstock).jpeg""]","Archery range located in Woodstock, GA.",Woodstock,Georgia
7f1faa5b-9954-4885-91a1-606c871f4c13,12-Ring Archery Lanes,12-ring-archery-lanes-wi,commercial,active,False,752 N. Memorial Dr. Ste.B,,,,+19205929290,,,,,,False,False,False,False,,,False,False,,,false,false,"[""state-range-photos/wisconsin/12-Ring Archery Lanes (unknown).jpg""]",,,Wisconsin
a0b53151-989c-4176-b3fd-0c9469f8800f,127 Archery,127-archery-al,volunteer_club,active,False,131 County Road 353,35951,,,+12563026511,goodwinfarms1215@gmail.com,,,,,False,False,False,False,,,False,False,,,false,false,"[""https://mybesthouston.com/wp-content/uploads/2024/06/AF1QipPNW24OPastQ1IPOO2kz6sKI5YSuQosaa_-OLn8w408-h306-k-no.jpg""]",ASA-affiliated 3D archery club. Contact: Lindsey Goodwin.,Albertville,Alabama
0622da12-c5ed-4560-94a1-b02780a22f85,3 16 Archery & Bow Works,3-16-archery-bow-works-az,commercial,active,False,15994 Placer Rd,85123,,,+15208403964,,https://www.316archerybowworks.com,Mon-Fri 4:00 pm-8:00 pm,,,False,False,False,False,,,False,False,,,false,false,"[""state-range-photos/arizona/3 16 Archery  Bow Works (Arizona City).jpg""]","Archery range located in Arizona City, AZ.",Arizona City,Arizona
4fa6cd7a-c336-45c3-bcbf-224c4f137cbd,3-D Country Rockland Archers,3-d-country-rockland-archers-wi,club,active,False,"1713 Chicago St., De Pere, WI 54115",,,,+19203374704,smitsmatt7@hotmail.com,,,,,False,False,False,False,,,False,False,,,false,false,"[""https://i.pinimg.com/originals/26/6b/0f/266b0f3ab8e2a3a18ded7272dce359fe.png""]","Archery range located in De Pere, WI.",De Pere,Wisconsin
a1678864-e549-4f37-ba9d-effaf971f8b0,4 Season's Archery,4-season-s-archery-la,commercial,active,False,"109 Violet Dr, Opelousas, LA 70570",,,,,,,,,,False,False,False,False,,,False,False,,,false,false,"[""state-range-photos/louisiana/4 Seasons Archery (Opelousas).jpg""]","Archery range located in Opelousas, LA.",Opelousas,Louisiana
b6667471-a85e-437a-93e9-1266fd11f260,540-270-2381,540-270-2381-va,commercial,active,False,Augusta Archers,24465,,,,,,,,,False,False,False,False,,,False,False,,,false,false,"[""state-range-photos/virginia/540-270-2381 (Monterey).jpg""]",IBO pro shop (IBO directory).,Monterey,Virginia
2290343b-7880-4de1-bc48-a40dd5473dcb,7 Oaks Archery Club,7-oaks-archery-club-wi,club,active,False,18024 Tibbits Rd,,,,(608) 574-8798,sevenoaksarcheryinc@gmail.com,https://sevenoaksarchery.com/,,,,False,True,False,True,$30 annual single / $45 annual family,$5 non-member shoot nights,True,False,,,false,false,"[""state-range-photos/wisconsin/7 Oaks Archery Club (Mineral Point).jpg""]","Archery range located in Mineral Point, WI.",Mineral Point,Wisconsin
f4a67cb4-0ee8-4dc9-bbf2-4d3a7f1d4c8c,765-717-2903,765-717-2903-in,commercial,active,False,Edwardsburg Conservation Club,46545,,,,,,,,,False,False,False,False,,,False,False,,,false,false,"[""https://irp.cdn-website.com/d97e5359/dms3rep/multi/IMG_8743.jpeg""]",IBO pro shop (IBO directory).,Mishawaka,Indiana
fc5cfb7e-9a21-4457-b6ca-5fbff3075d22,A Place to Shoot,a-place-to-shoot-tx,commercial,active,False,"13250 Pleasanton Rd, San Antonio, TX 78221",,,,+12106281888,,https://www.aplacetoshoot.com,,,,False,False,False,False,,,False,False,,,false,false,"[""https://s3-media0.fl.yelpcdn.com/bphoto/MvlMJ1gScx_AkSVP3wGe2g/l.jpg""]","Archery range located in San Antonio, TX.",San Antonio,Texas
27093d58-a7f2-49ac-848a-bfe93147b754,A Place To Shoot San Antonio,a-place-to-shoot-san-antonio-tx,commercial,active,False,13250 Pleasanton Rd,78221,,,+12106281888,,https://www.aplacetoshoot.com,,,,False,False,False,False,,,False,False,,,false,false,"[""https://images.unsplash.com/photo-1574607774561-e645c79a2478?w=800&h=400&fit=crop""]","Archery range located in San Antonio, TX.",San Antonio,Texas
118e1fe1-5c07-4b20-9dda-c7e6a0668f90,A-1 Archery,a-1-archery-wi,commercial,active,False,587 Lenertz Rd,54016,,,715-386-1217,dan@a1archery.com,https://a1archery.com/,Mon-Fri: 10:00 AM to 7:00 PM; Sat: 9:00 AM to 5:00 PM; Sun: Closed,,,True,False,False,False,,,False,True,,,false,false,"[""state-range-photos/wisconsin/A-1 Archery (Hudson).jpg""]","Archery range located in Hudson, WI.",Hudson,Wisconsin
49338e2f-112c-4496-a62a-c707b67d4a17,Abilene Bowhunters Assoc,abilene-bowhunters-assoc-tx,volunteer_club,active,False,"4951 FM 89, Tuscola, TX 79562",79508,,,(325) 370-6105,abilenebowhunterstx@gmail.com,https://www.abilenebowhunters.com/,,,,False,True,False,False,,,False,False,,,false,false,"[""https://images.squarespace-cdn.com/content/v1/615d02a674dd5707cc4ac3cb/1633833874648-06AGKWFZKC7ZZ4CPO7BC/53604366_2285832851478396_8202144597594341376_n.jpg""]",ASA-affiliated 3D archery club. Contact: Jon Earley.,Buffalo Gap,Texas
cd29ce74-74bb-4cd1-91ab-edd6c884025e,Academy Archery Club,academy-archery-club-co,volunteer_club,active,False,5342 Sumac Drive,80840,38.9809939,-104.8452746,,AAC@Academyarcheryclub.org,https://academyarcheryclub.org/,,,,False,False,False,False,,,False,False,,,false,false,"[""state-range-photos/colorado/Academy Archery Club (USAF Academy).jpg""]","Archery range located in USAF Academy, CO.",USAF Academy,Colorado
779d6a80-e025-44ae-97ba-c45af931adb3,Ace Archers,ace-archers-ma,commercial,active,False,131 Morse Street,02035,,,,,https://www.acearchers.com,,,,False,False,False,False,,,False,False,,,false,false,"[""https://acearchers.com/wp-content/uploads/2023/10/IMG_6190.jpeg""]","Archery range located in Foxborough, MA.",Foxborough,Massachusetts
441a5f2f-5400-4057-8d0e-6bc1c119a6a9,Ace Archers Inc OH,ace-archers-inc-oh-oh,commercial,active,False,11785 Johnstown Utica Rd,43031,,,+16145193994,,,,,,False,False,False,False,,,False,False,,,false,false,"[""https://acearchers.com/wp-content/uploads/2023/10/IMG_6193.jpeg""]","Archery range located in Johnstown, OH.",Johnstown,Ohio
af02ba90-621d-4137-bcc6-2709fa17f867,ACE Archery,ace-archery-ga,commercial,active,False,181 SOUTH CHEROKEE RD,30025,33.6552549,-83.7199966,+17704643354,acearcheryrange@gmail.com,,,,,True,False,False,False,,,False,True,,,false,false,"[""state-range-photos/georgia/ACE Archery (SOCIAL CIRCLE).jpg""]","Archery range located in SOCIAL CIRCLE, GA.",SOCIAL CIRCLE,Georgia
e32ae6c8-df82-4b7a-a83e-8d7fe780ec51,"Aces & Arrows Archery, Inc.",aces-arrows-archery-inc-nv,commercial,active,False,"980 American Pacific Dr, Suite 107",89014,36.0424373,-115.0272279,+17027784889,info@acesandarrows.com,https://acesandarrows.com/,,,,False,False,False,False,,,False,False,,,false,false,"[""https://images.unsplash.com/photo-1574607774561-e645c79a2478?w=800&h=400&fit=crop""]","Archery range located in Henderson, NV.",Henderson,Nevada
4b70ad11-aaac-464a-9b47-dc743f07c003,Adams Conservation Club,adams-conservation-club-oh,volunteer_club,active,False,240 S King Road,43528,41.6338149,-83.7258907,419-865-3821,info@adamscc.org,https://www.adamscc.org/,7 days a week 9 a.m. to sunset or 9 p.m. (whichever comes first),,,False,True,False,True,,,False,False,,,false,false,"[""https://www.ohioarchers.com/clubs/Adamsimage005.jpg""]","Archery range located in Holland, OH.",Holland,Ohio
e23b6c86-5c0e-4550-9c79-0dcc0e3bb6c8,Addiction Archery,addiction-archery-mo,commercial,active,False,"27307 SE Outer Rd, Harrisonville, MO 64701",,,,+18169201748,,,,,,False,False,False,False,,,False,False,,,false,false,"[""state-range-photos/missouri/Addiction Archery (Kansas City).jpg""]","Archery range located in Kansas City, MO.",Kansas City,Missouri
be9f1b15-ba8b-47ff-b437-1ec3916b4c96,Addictive Archery,addictive-archery-or,commercial,active,False,6693 Keene Rd NE,97026,,,,,,,,,False,False,False,False,,,False,False,,,false,false,"[""state-range-photos/oregon/Addictive Archery (Gervais).jpg""]","Archery range located in Gervais, OR.",Gervais,Oregon
7c1c751b-266e-4af9-95c9-74e5ca336daa,Adrenaline Bow Hunts,adrenaline-bow-hunts-tx,commercial,active,False,406 W Main St,78160,,,830-534-2596,jason@adrenalinebowhunts.com,https://www.adrenalinebowhunts.com/,,,,False,False,False,False,,,False,False,,,false,false,"[""https://images.unsplash.com/photo-1574607774561-e645c79a2478?w=800&h=400&fit=crop""]","Archery range located in Stockdale, TX.",Stockdale,Texas
90f08c54-d1e2-4b11-b02b-f90c2b9abdb0,Adventure Outdoors,adventure-outdoors-ga,commercial,active,False,2500 S Cobb Dr SE,30080,,,+17703339880,,,,,,False,False,False,False,,,False,False,,,false,false,"[""state-range-photos/georgia/Adventure Outdoors (Smyrna).jpg""]","Archery range located in Smyrna, GA.",Smyrna,Georgia
3d039a57-4675-4d32-85a4-1f8bb8ed8aa8,Adventures Archery,adventures-archery-fl,commercial,active,False,2210 US-301 #200,33619,27.9274715,-82.3499492,1-813-664-8700,adventuresarchery@gmail.com,https://adventuresarchery.com,,,,True,False,False,False,,,False,True,,,false,false,"[""https://freerangeamerican.azurewebsites.net/wp-content/uploads/2021/08/AdventureArchery3-1024x669.jpeg""]","Archery range located in Tampa, FL.",Tampa,Florida
c344b46b-52e0-4b1f-92e3-b8abbe4178ea,AgExpo Archery Park,agexpo-archery-park-tn,public,active,False,4201 Long Ln,,,,,,https://agexpopark.info,,,,False,False,False,False,,,False,False,,,false,false,"[""state-range-photos/tennessee/AgExpo Archery Park (Franklin).jpg""]","Archery range located in Franklin, TN.",Franklin,Tennessee
15aba05a-9cd6-4e60-884f-54b375eb382d,Aim Takers Archery,aim-takers-archery-ky,volunteer_club,active,False,"1855 Barbourville Rd, Hwy 229",40744,,,+16068131992,aimtakersarchery@yahoo.com,,,,,False,False,False,False,,,False,False,,,false,false,"[""https://images.squarespace-cdn.com/content/v1/5ee90a4505d07a7ee025086a/1644937268224-OTJBG5R8XGTQYDR3QJMN/Aimtakers3.jpg""]",ASA-affiliated 3D archery club. Contact: Candace Metcalf.,london,Kentucky
4153a98e-78ac-4397-8c1e-5e09a0b1fb20,Alaskian Bowhunters Assoc.,alaskian-bowhunters-assoc-ak,commercial,active,False,"210 E. Park Avenue, Wasilla, AK 99654",99623,,,,alaskanbowhunters@gmail.com,https://alaskanbowhunters.com/,,,,False,False,False,False,,,False,False,,,false,false,"[""https://images.unsplash.com/photo-1574607774561-e645c79a2478?w=800&h=400&fit=crop""]",IBO pro shop (IBO directory).,WASILLA,Alaska
9f67864e-1fa1-4ab9-8745-7ce7fa450cf5,Alexander Lake Archery Range,alexander-lake-archery-range-ga,public,active,False,5015 Flat Bridge Rd SW,30281,,,,,,,,,False,False,False,False,,,False,False,,,false,false,"[""https://ir.4sqi.net/img/general/original/7529792_zDDq-yJQ1XQJZZaPcleVFphwkXPErAmIMWzKyR7UHrQ.jpg""]","Archery range located in Stockbridge, GA.",Stockbridge,Georgia
308e81e4-b886-4d12-a1b8-fb756a3be90b,Algonquin Archers Inc.,algonquin-archers-inc-ct,volunteer_club,active,False,192 Quanopaug Trail,06798,41.5871313,-73.1941686,,wilkie137@att.net,https://algonquinarchers.com,,,,False,True,False,False,,,False,True,,,false,false,"[""https://images.unsplash.com/photo-1574607774561-e645c79a2478?w=800&h=400&fit=crop""]","Archery range located in Woodbury, CT.",Woodbury,Connecticut
a64dcfcb-5e4a-4929-a048-58f0b3c5b4c0,All Things Accuracy,all-things-accuracy-ny,commercial,active,False,25 Sullivan Ave,12754,41.7846457,-74.7283116,,kb1j227@gmail.com,https://www.allthingsaccuracy.com/,,,,False,True,False,False,,,False,False,,,false,false,"[""https://images.squarespace-cdn.com/content/v1/641719bef1979f6b6551c0b5/333f9f04-c332-4c90-9631-9428737f64d0/IMG_0109.jpg?format=1000w""]","Archery range located in Liberty, NY.",Liberty,New York
9f1b0df2-e646-498c-abf8-901b344910a2,Allen Archery,allen-archery-ok,volunteer_club,active,False,28297 CR 1480,74825,,,+15803203966,jake_linker83@yahoo.com,,,,,False,False,False,False,,,False,False,,,false,false,"[""state-range-photos/oklahoma/Allen Archery (Allen).jpg""]",ASA-affiliated 3D archery club. Contact: Jake Linker.,Allen,Oklahoma
bd2a91ea-f89f-4deb-925a-5ec5ac1f8a0a,Allied Sportsmen,allied-sportsmen-ny,volunteer_club,active,False,12846 Clinton St,14004,,,716-864-2989,flo2@roadrunner.com,https://www.alliedsportsmen.com/,,,15,False,True,False,False,,,True,True,,,true,false,"[""https://alliedsportsmen.com/files/163/""]",ASA-affiliated 3D archery club. Contact: John Floriano.,Alden,New York
65abfed6-4596-4e67-8254-8fd2563f8325,Alma Rod & Gun Club,alma-rod-gun-club-wi,club,active,False,,,,,+16086853631,pln@dairynet.com,,,,,False,False,False,False,,,False,False,,,false,false,"[""state-range-photos/wisconsin/Alma Rod  Gun Club (Alma).jpg""]","Archery range located in Alma, WI.",Alma,Wisconsin
a33e19f7-5b67-4f02-8cac-0bcfb78f892c,Alpine Archery and Fly,alpine-archery-and-fly-or,commercial,active,False,117 Elm St,97850,45.3276961,-118.093475,541-963-4671,alpinearcheryllc@gmail.com,,"Mon-Fri 10:00 AM - 6:00 PM, Sat 10:00 AM - 4:00 PM, Sun Closed",,16,True,False,False,False,,,False,True,,,false,false,"[""state-range-photos/oregon/Alpine Archery and Fly (La Grande).jpg""]","Archery range located in La Grande, OR.",La Grande,Oregon
69033b29-cb78-4da4-883a-275457cbd17c,Alum Creek State Park Public Archery Range,alum-creek-state-park-public-archery-range-oh,public,active,False,4310 Curve Rd,43015,,,,,,,,,False,False,False,False,,,False,False,,,false,false,"[""https://trekohio.com/wp-content/uploads/201208_public-archery-range_7728139932-640x360.jpg""]","Archery range located in Delaware, OH.",Delaware,Ohio
6fb86a2a-9ca7-4372-a46f-5c8479158c18,American Outdoors Company,american-outdoors-company-la,volunteer_club,active,False,2009 Roald Reagan Hwy,70433,,,+19858922521,americanhunter85@gmail.com,,,,,False,False,False,False,,,False,False,,,false,false,"[""state-range-photos/louisiana/American Outdoors Company (Covington).jpg""]",ASA-affiliated 3D archery club. Contact: Ronnie Alpha.,Covington,Louisiana
f608833c-ca9e-4cc7-86f3-7b2e83474dae,Amherst Arms and Supply,amherst-arms-and-supply-va,commercial,active,False,4811 South Amherst Highway,24572,37.4408027,-79.1195363,434-929-1978,amherstarms@gmail.com,https://www.amherstarms.com/,,,,True,False,False,False,,,False,True,,,false,false,"[""state-range-photos/virginia/Amherst Arms and Supply (Madison Heights).jpg""]","Archery range located in Madison Heights, VA.",Madison Heights,Virginia
bef25081-4337-4691-a2a9-2d6c9c2c9489,Anchor Point Archery AZ,anchor-point-archery-az-az,volunteer_club,active,False,15836 W. Eddie Albert Way,85338,33.4095251,-112.3994692,602-881-8165,anchorpointarcheryaz@gmail.com,https://www.anchorpointarcheryaz.com,,,,False,False,False,True,,,False,True,,,false,false,"[""state-range-photos/arizona/Anchor Point Archery AZ (Goodyear).jpg""]","Archery range located in Goodyear, AZ.",Goodyear,Arizona
d7375d5e-f530-4b1e-b69e-dbf05c518c34,Anderson County Sportsmans Club,anderson-county-sportsmans-club-ky,volunteer_club,active,False,1070 Old Joe Rd,40342,,,502-839-4779,garybaugh45@gmail.com,https://andersoncountysportsmansclub.com,,,,False,False,False,True,,,False,False,,,false,false,"[""state-range-photos/kentucky/Anderson County Sportsmans Club (Lawrenceburg).jpg""]",ASA-affiliated 3D archery club. Contact: Gary Baugh.,Lawrenceburg,Kentucky
44c6f30d-f85f-4715-a91b-e9e890fd8edf,Andover Sportsmans Club,andover-sportsmans-club-ct,club,active,False,122 Route 6,06232,,,,,,,,,False,False,False,False,,,False,False,,,false,false,"[""http://andoversportsmensclub.org/pictures/pages/archery/full/MAIN-LG.jpg""]","Archery range located in Andover, CT.",Andover,Connecticut
c898aa43-03f5-47a4-892e-2c3a660823ca,Androscoggin Valley Fish and Game,androscoggin-valley-fish-and-game-nh,commercial,active,False,"229 E Side River Road, Milan, NH 03588",03570,,,603-723-1983,archery@avfga.org,https://avfga.org/,9:00 am until sunset,,,False,True,False,True,$60 single adult range pass,$15 adults / $5 ages 13-17 / free under 12 (Thursday public shoots),False,False,,,false,false,"[""state-range-photos/new-hampshire/Androscoggin Valley Fish and Game (Milan).jpg""]",IBO pro shop (IBO directory).,Milan,New Hampshire
ff46a64d-b0e5-4747-92f7-23fd62df93af,Ani Kawi Bowhunters,ani-kawi-bowhunters-tn,volunteer_club,active,False,1400 West Gaines St,38464,,,+19312314000,dlaaron51@aol.com,,,,,False,False,False,False,,,False,False,,,false,false,"[""state-range-photos/tennessee/Ani Kawi Bowhunters (Lawrenceburg).jpg""]",ASA-affiliated 3D archery club. Contact: Danny Aaron.,Lawrenceburg,Tennessee
2fb2ff8c-2266-40c7-b0fa-d7cf23761666,Anne Arundel Archers,anne-arundel-archers-md,club,active,False,1188 MD-3,,,,,AnneArundelArcheryClub@gmail.com,https://www.annearundelarchers.org/,Open all year dawn to dusk,,,False,True,True,False,,,False,True,,,false,false,"[""state-range-photos/maryland/Anne Arundel Archers (Crownsville).jpg""]","Archery range located in Crownsville, MD.",Crownsville,Maryland
93534078-7113-4334-9e4f-3c039b6d17b1,Antelope Archers Inc,antelope-archers-inc-ca,volunteer_club,active,False,"19400 Ave 398, Woodlake CA 93286",93286,36.5107876,-119.1379557,,bd6harts@gmail.com,https://woodlakeantelopearchers.com,,,,False,False,False,False,,,False,False,,,false,false,"[""https://images.unsplash.com/photo-1574607774561-e645c79a2478?w=800&h=400&fit=crop""]","Archery range located in Woodlake, CA.",Woodlake,California
c270467a-d9d2-4a1e-a8bf-90267c9133c9,Antler Archers,antler-archers-wi,club,active,False,"8720 Deer Rd, Wisconsin Rapids, WI 54494",,,,,jesse_79_2000@yahoo.com,http://www.antlerarchers.com,,,,False,False,False,False,,,False,False,,,false,false,"[""http://www.antlersarchery.com/wp-content/uploads/2016/05/DSC_0102-e1535922974875.jpg""]","Archery range located in Wisconsin Rapids, WI.",Wisconsin Rapids,Wisconsin
2423c8b9-cc99-4e50-aa70-6e07d2032ae7,Apache Bow Hunters Inc,apache-bow-hunters-inc-az,club,active,False,096 Russell Rd,85501,,,+19284256174,apachebowhunters@hotmail.com,,,,,False,False,False,False,,,False,False,,,false,false,"[""state-range-photos/arizona/Apache Bow Hunters Inc (Globe).jpg""]","Archery range located in Globe, AZ.",Globe,Arizona
2079d363-812b-4762-b7da-c2ff27eda5ed,Apache Bowhunters,apache-bowhunters-oh,volunteer_club,active,False,7875 Lockbourne Rd,43137,,,+16142727107,marcia@breezelineohio.net,,,,,False,False,False,False,,,False,False,,,false,false,"[""state-range-photos/ohio/Apache Bowhunters (Lockbourne).jpg""]",ASA-affiliated 3D archery club. Contact: Marcia Campbell.,Lockbourne,Ohio
37573db4-4c61-4aa8-a067-901b703799cf,Apex Archery,apex-archery-ca,volunteer_club,active,False,2140 34th Street,95822,38.5215935,-121.4907154,+15597990745,info@apexarchery.club,,,,,False,False,False,False,,,False,False,,,false,false,"[""https://img.particlenews.com/image.php?type=thumbnail_580x000&url=41llfV_18CPgeXC00""]","Archery range located in Sacramento, CA.",Sacramento,California
965b4492-c5b4-43a4-8426-b1c59ecb78e9,APG Bowmen Club,apg-bowmen-club-md,club,active,False,,,,,,,,,,,False,False,False,False,,,False,False,,,false,false,"[""state-range-photos/maryland/APG Bowmen Club (Aberdeen).jpg""]","Archery range located in Aberdeen, MD.",Aberdeen,Maryland
170ecbc5-4a14-4856-a714-4f7fba53cc36,Appalachian Archers,appalachian-archers-nc,volunteer_club,active,False,2880 Ashworth Rd,28752,,,+18283330606,jburnette0821@gmail.com,,,,,False,False,False,False,,,False,False,,,false,false,"[""state-range-photos/north-carolina/Appalachian Archers (Marion).jpg""]",ASA-affiliated 3D archery club. Contact: John Burnette.,Marion,North Carolina
f89428b7-e81e-4330-954f-fefc241c4d3c,Appalachian Bowhunters Association,appalachian-bowhunters-association-wv,commercial,active,False,"55 East Main Street, Buckhannon WV 26201",26201,,,,appalachianbowhunterchallenge@gmail.com,https://appalachianbowhunterchallenge.com,,,,False,False,False,False,,,False,False,,,false,false,"[""state-range-photos/west-virginia/Appalachian Bowhunters Association (Buckhannon).jpg""]",IBO pro shop (IBO directory).,Buckhannon,West Virginia
0a7b86e8-ad31-453a-992a-fede290c1d82,Appalachian Bowmen,appalachian-bowmen-nj,volunteer_club,active,False,118 Shotwell Rd,07860,40.9943975,-74.8229236,,appbowsec@gmail.com,https://appalachianbowmen.org/,,,,False,False,False,False,,,False,False,,,false,false,"[""state-range-photos/new-jersey/Appalachian Bowmen (Newton).jpg""]","Archery range located in Newton, NJ.",Newton,New Jersey
ce90d8c3-1ff7-46bb-9816-79bb4b807c97,"Appomattox River Archery, LLC",appomattox-river-archery-llc-va,volunteer_club,active,False,3511 Chesdin Lake Rd,23833,,,+18047123623,appomattoxriverarchery@aol.com,,,,,False,False,False,False,,,False,False,,,false,false,"[""state-range-photos/virginia/Appomattox River Archery LLC (Church Road).jpg""]",ASA-affiliated 3D archery club. Contact: Christopher Orr.,Church Road,Virginia
5b157b54-0d38-4198-b311-3fbcbe6e306b,APX,apx-oh,volunteer_club,active,False,301 Batson Rd,45177,39.3786268,-83.8306666,+19372051134,,,,,,False,False,False,False,,,False,False,,,false,false,"[""state-range-photos/ohio/APX (Wilmington).jpg""]","Archery range located in Wilmington, OH.",Wilmington,Ohio
0b9747f8-e21e-49c3-8b56-57d9cc97d294,Archer's Alley,archer-s-alley-co,commercial,active,False,410 JL Ranch Heights Rd,80926,,,,,,,,,False,False,False,False,,,False,False,,,false,false,"[""state-range-photos/colorado/Archers Alley (Colorado Springs).jpg""]","Archery range located in Colorado Springs, CO.",Colorado Springs,Colorado
95bd8d28-249c-46c5-bde7-e3685a9cbf1b,Archers Afield,archers-afield-or,commercial,active,False,"11945 SW PACIFIC HWY, Suite 121",97223,45.434822,-122.7670411,503-639-3553,archers@archersafield.com,,Mon-Sun 10:00 AM - 6:30 PM,,,False,False,False,False,,,False,True,,,false,false,"[""state-range-photos/oregon/Archers Afield (PORTLAND).jpg""]","Archery range located in PORTLAND, OR.",PORTLAND,Oregon
c3e2af84-c3df-4cb3-9f2f-0ee47e5f035a,Archers Artemis,archers-artemis-ma,commercial,active,False,10 Industrial Way,01913,,,+13512075185,dricci@archersartemis.com,https://archersartemis.com/,,,22,False,False,False,False,,,False,True,,,false,false,"[""state-range-photos/massachusetts/Archers Artemis (Amesbury).png""]","Archery range located in Amesbury, MA.",Amesbury,Massachusetts
1efe0139-2cf6-4923-ade8-25c10daead30,Archers de Santa Fe,archers-de-santa-fe-nm,club,active,False,,,,,,info@archersdesantafe.org,https://archersdesantafe.org/,"Use of the range is self-supervised, and members are able to access and use the range seven days a week at their own convenience; weekly 3D shoots beginning early April until end of August starting at 4:30pm",,,False,False,False,False,,,False,False,,,false,false,"[""state-range-photos/new-mexico/Archers de Santa Fe (Santa Fe).jpg""]","Archery range located in Santa Fe, NM.",Santa Fe,New Mexico
3b74d924-c436-41e1-82a3-9ff15171ca8f,Archers For Christ,archers-for-christ-tx,volunteer_club,active,False,557 CR 32500,75460,,,,dtyler101961@gmail.com,,,,,False,False,False,False,,,False,False,,,false,false,"[""state-range-photos/texas/Archers For Christ (Paris).jpg""]",ASA-affiliated 3D archery club. Contact: David Tyler.,Paris,Texas
4e8adefa-d6ff-465c-b807-1e900f309526,Archers Haven,archers-haven-tx,volunteer_club,active,False,23655 FM 306,78133,29.936343,-98.2859643,,watsonarchery@gmail.com,http://www.archershaven.org,,,,False,False,False,False,,,False,False,,,false,false,"[""state-range-photos/texas/Archers Haven (Canyon Lake).jpg""]","Archery range located in Canyon Lake, TX.",Canyon Lake,Texas
6893669b-b2b7-436e-abd7-537b19943a5d,Archers Haven LLC,archers-haven-llc-vt,commercial,active,False,"118 Fernwood Cir, Newport, VT 05855",05855,,,,,,,,,False,False,False,False,,,False,False,,,false,false,"[""state-range-photos/vermont/Archers Haven LLC (Newport).jpg""]",IBO pro shop (IBO directory).,Newport,Vermont
c3e9fdd7-d20d-46f1-aa00-bfc5a4c460ab,Archery Battles San Antonio,archery-battles-san-antonio-tx,commercial,active,False,"8235 Vicar Dr, San Antonio, TX 78218",,,,+12103194399,,,,,,False,False,False,False,,,False,False,,,false,false,"[""state-range-photos/texas/Archery Battles San Antonio (San Antonio).jpg""]","Archery range located in San Antonio, TX.",San Antonio,Texas
d6ac2c61-7b50-4bba-8f75-b06f2992ec5f,Archery by Eleanor,archery-by-eleanor-az,commercial,active,False,3850 S McQueen Rd,85286,,,(480) 359-7242,archeryeleanor@gmail.com,https://www.archeryeleanor.com,,,,False,False,False,False,,,False,True,$35-$75/hour,,false,false,"[""https://s3-media0.fl.yelpcdn.com/bphoto/14jwmA_tZX6Y_RzGK_jjtw/l.jpg""]","Archery range located in Chandler, AZ.",Chandler,Arizona
5f0822cd-1039-4198-9e7b-ab98506a79a6,Archery Central LLC,archery-central-llc-id,commercial,active,False,"6611 Cleveland Blvd, Caldwell, ID 83607",,,,(208) 629-9564,,https://archerycentralllc.com/,Monday-Friday 11-7; Saturday 9-5; Sunday Closed,,,True,False,False,False,,,False,True,,,false,false,"[""state-range-photos/idaho/Archery Central LLC (unknown).jpg""]",,,Idaho
98850897-1be2-4ff2-b9e0-4a78595df23a,Archery Connection,archery-connection-ny,commercial,active,False,,12122,,,,,,,,,False,False,False,False,,,False,False,,,false,false,"[""state-range-photos/new-york/Archery Connection (Middleburgh).jpg""]",IBO pro shop (IBO directory).,Middleburgh,New York
377b194c-900d-4822-bcdc-d9c603476522,Archery Country,archery-country-tx,commercial,active,False,"8121 Research Blvd, Ste A",78758,30.3530517,-97.7139425,512-452-1222,info@archeryhqtx.com,https://www.austinarcherycountry.com/,,,,False,False,False,False,,,False,True,,,false,false,"[""https://s3-media0.fl.yelpcdn.com/bphoto/dBk3429UjTWNdruoKrkL-w/o.jpg""]","Archery range located in Austin, TX.",Austin,Texas
6b344de9-8169-48a6-a9bc-b8eac1dd46fb,Archery Country MN,archery-country-mn-mn,commercial,active,False,21135 S Diamond Lake Rd,55374,,,(763) 400-8826,,,,,,True,False,False,False,,$12/hr,True,True,,,false,false,"[""state-range-photos/minnesota/Archery Country MN (Rogers).jpg""]","Archery range located in Rogers, MN.",Rogers,Minnesota
3d1331cd-73f0-4c87-bfed-1bbdbbc6cc5f,Archery Custom Shop,archery-custom-shop-il,commercial,active,False,"7240 West Madison Street, Forest Park, IL 60130",60130,,,(708) 366-4864,,http://www.archerycustomshop.com,"Mon-Sat 10am-6pm, Sun 10am-3pm",,,True,False,False,False,,,False,True,,,false,false,"[""https://www.archerycustomshop.com/images/7240Madison.jpg""]","Archery range located in Forest Park, IL.",Forest Park,Illinois
e8b28ad9-8060-47c0-9540-70de5f84f61f,Archery Den,archery-den-tn,commercial,active,False,"4404 Franklin South Ct, Franklin, TN 37064",,,,+16155676243,,https://musiccityarchery.com/,,,,False,False,False,False,,,False,False,,,false,false,"[""state-range-photos/tennessee/Archery Den (Nashville).jpg""]","Archery range located in Nashville, TN.",Nashville,Tennessee
6636f20b-4729-41da-85a0-e0efce2a518d,Archery Excellence Indoor Archery Range,archery-excellence-indoor-archery-range-mo,commercial,active,False,4420 S Noland Rd,,,,+18168866281,archeryexcellence@gmail.com,,,,,False,False,False,False,,,False,False,,,false,false,"[""state-range-photos/missouri/Archery Excellence Indoor Archery Range (Independence).jpg""]","Archery range located in Independence, MO.",Independence,Missouri
982de492-5d06-4cfc-911b-1f29ba28419f,Archery Headquarters,archery-headquarters-mn,commercial,active,False,,,,,,,http://www.archeryhqmn.com,,,,False,False,False,False,,,False,False,,,false,false,"[""state-range-photos/minnesota/Archery Headquarters (unknown).jpg""]",,,Minnesota
8b983cf0-3877-4c2a-9ae8-040efb60d508,Archery Headquarters,archery-headquarters-az,commercial,active,False,"6401 W Chandler Blvd, Chandler, AZ 85226",,,,(480) 961-3100,,https://www.archeryhq.com,"Tues-Fri 11am-6:30pm, Sat 10am-5pm, Sun-Mon Closed",,,True,False,False,False,,,False,True,$30-$145,,false,false,"[""state-range-photos/arizona/Archery Headquarters (Chandler).png""]","Archery range located in Chandler, AZ.",Chandler,Arizona
e90727c5-8a36-4874-8da4-fad9f767fae2,Archery House SD,archery-house-sd-ca,commercial,active,False,"4080 Governor Dr, San Diego, CA 92122",,,,858.254.4058,tfolz@usarcheryhouse.com,https://www.archeryhouse.com,,,,False,False,False,False,,,False,True,,,false,false,"[""state-range-photos/california/Archery House SD (San Diego).jpg""]","Archery range located in San Diego, CA.",San Diego,California
40ffa123-7607-432d-92a4-52d7c6a0618b,Archery HQ,archery-hq-tx,volunteer_club,active,False,5277 FM 1044 #102,78130,29.619577,-98.1236899,+18302218904,,https://www.archeryhqtx.com,,,,False,False,False,False,,,False,False,,,false,false,"[""https://archerydirectory.com/wp-content/uploads/2025/07/Archery-HQ-New-Braunfels-TX.png""]","Archery range located in New Braunfels, TX.",New Braunfels,Texas
001383fd-09f4-4ec0-a3a1-694392f3b0c9,Archery Learning Center,archery-learning-center-ga,commercial,active,False,129 Maple Dr,,,,678-344-0035,archerylearningcenter@gmail.com,http://archerylearningcenter.com/,Tuesday-Friday: 3pm-7pm; Saturday: 9am-6pm,,,True,False,False,False,,,False,True,,,false,false,"[""state-range-photos/georgia/Archery Learning Center (Snellville).jpg""]","Archery range located in Snellville, GA.",Snellville,Georgia
9a60bedb-f955-43c0-a357-0a50919fe368,Archery Only,archery-only-ca,commercial,active,False,"37300 Cedar Blvd. Ste D, Newark, CA 94560",94560,37.5402835,-122.0215231,(510) 795-0460,info@archeryonly.com,https://www.archeryonly.com,"Mon Closed, Tue-Fri 12:00 pm-9:00 pm, Sat 11:00 am-5:00 pm, Sun Closed",,12,True,False,False,False,,,True,True,,,false,false,"[""https://dynamic-media-cdn.tripadvisor.com/media/photo-o/2b/40/18/12/the-indoor-shooting-range.jpg?w=1000&h=-1&s=1""]","Archery range located in NEWARK, CA.",NEWARK,California
9922bec9-5cf8-40f1-b153-95a47a490306,Archery Paradise,archery-paradise-ia,volunteer_club,active,False,4340 Winter Eagle Trail SE,52240,,,+16264292291,c_lepic@hotmail.com,,,,,False,False,False,False,,,False,False,,,false,false,"[""state-range-photos/iowa/Archery Paradise (Iowa City).jpg""]",ASA-affiliated 3D archery club. Contact: Catharine Lepic.,Iowa City,Iowa
c4cde419-6748-43a9-9594-37f789c83157,Archery Range at Binder Park,archery-range-at-binder-park-mo,public,active,False,5840 Rainbow Drive,,,,,,https://www.jcparks.com/facility/archery/,Open sunrise to sunset,,,False,False,False,False,,,False,False,,,false,false,"[""state-range-photos/missouri/Archery Range at Binder Park (Jefferson City).png""]","Archery range located in Jefferson City, MO.",Jefferson City,Missouri
25e5678f-c691-459f-9156-3479d3f88a1e,Archery Range City of Casa Grande,archery-range-city-of-casa-grande-az,public,active,False,400 E Rodeo Rd,85122,,,+15204218677,,https://casagrandeaz.gov/Facilities/Facility/PrepopulatedSearch?isReservableOnly=false&categoryIDs=2,,,,False,False,False,False,,,False,False,,,false,false,"[""https://images.unsplash.com/photo-1574607774561-e645c79a2478?w=800&h=400&fit=crop""]","Archery range located in Casa Grande, AZ.",Casa Grande,Arizona
8f03c4af-7a5b-49f4-9c4e-a9a974391330,Archery School of the Rockies,archery-school-of-the-rockies-co,commercial,active,False,2110 Busch Ave,80904,38.834946,-104.8601469,,pkosek@bresnan.net,https://archeryschooloftherockies.com/,,,,False,False,False,False,,,False,False,,,false,false,"[""https://dynamic-media-cdn.tripadvisor.com/media/photo-o/1d/68/6e/43/caption.jpg?w=1200&h=-1&s=1""]","Archery range located in colorado springs, CO.",Colorado Springs,Colorado
c52e24e2-ae5c-461a-ba5a-da39168a42c1,Archery Shoppe,archery-shoppe-nm,commercial,active,False,2910 Carlisle Blvd NE,87110,35.1155045,-106.6036695,,archeryshoppe@gmail.com,https://archeryshoppenm.com/,,,,False,False,False,False,,,False,False,,,false,false,"[""https://images.unsplash.com/photo-1574607774561-e645c79a2478?w=800&h=400&fit=crop""]","Archery range located in Albuquerque, NM.",Albuquerque,New Mexico
3c9ee2e3-0496-4f59-ab2c-ca7b03ad11a4,Archery Solutions LLC,archery-solutions-llc-ne,commercial,active,False,9391 Osborne Drive West,68901,40.683891,-98.384206,+14029843965,,,,,,False,False,False,False,,,False,False,,,false,false,"[""state-range-photos/nebraska/Archery Solutions LLC (HASTINGS).jpg""]","Archery range located in HASTINGS, NE.",HASTINGS,Nebraska
446a8afe-b82f-4d39-9fd6-7277de12a403,Archery Tag Adventures,archery-tag-adventures-fl,commercial,active,False,,33772,,,,,,,,,False,False,False,False,,,False,False,,,false,false,"[""state-range-photos/florida/Archery Tag Adventures (Seminole).jpg""]","Archery range located in Seminole, FL.",Seminole,Florida
24bf8e1e-12b0-4322-9a66-c5935619ed56,Archery Traditions of Oklahoma,archery-traditions-of-oklahoma-ok,commercial,active,False,"328 Elm Ave, Yukon, OK 73099",,,,+14053501100,,https://archerytraditionsok.com/,,,,False,False,False,False,,,False,False,,,false,false,"[""state-range-photos/oklahoma/Archery Traditions of Oklahoma (Yukon).jpg""]","Archery range located in Yukon, OK.",Yukon,Oklahoma
c6f09f82-9888-4faf-9af5-63f90bbad453,Archery Unlimited Prattville,archery-unlimited-prattville-al,commercial,active,False,1351 S Memorial Dr,36067,,,,,,,,,False,False,False,False,,,False,False,,,false,false,"[""state-range-photos/alabama/Archery Unlimited Prattville (Prattville).jpg""]","Archery range located in Prattville, AL.",Prattville,Alabama
e2cb2169-d13c-4f10-a9e3-a636946e70f0,Archery World - Battle Ground,archery-world-battle-ground-wa,commercial,active,False,"407 W Main St, Ste 110, Battle Ground, WA 98604",,,,,,,,,,False,False,False,False,,,False,False,,,false,false,"[""state-range-photos/washington/Archery World - Battle Ground (Battle Ground).jpg""]","Archery range located in Battle Ground, WA.",Battle Ground,Washington
71402994-36bc-4280-b62a-4f121b2923b2,Archery World - Lacey,archery-world-lacey-wa,commercial,active,False,2901 Marvin Rd NE,98516,,,,,,,,,False,False,False,False,,,False,False,,,false,false,"[""https://fastly.4sqi.net/img/general/600x600/8246472_vb33GR08Fm9ZVMYtml4alSZCK1GQ7BnBde66UbBKVqk.jpg""]","Archery range located in Lacey, WA.",Lacey,Washington
4579605c-bfeb-4f9b-8d3a-f751a92da56a,Archery World - Vancouver WA,archery-world-vancouver-wa-wa,commercial,active,False,6300 NE St James Rd STE 102,98663,,,,,,,,,False,False,False,False,,,False,False,,,false,false,"[""https://s3-media0.fl.yelpcdn.com/bphoto/NAF5QCpq5xBTm8zbLz7gWQ/o.jpg""]","Archery range located in Vancouver, WA.",Vancouver,Washington
dfca25a7-e9e8-4b2b-8978-bab1447ac432,AREA Archery,area-archery-ca,commercial,active,False,"6100 Woodley Ave, Van Nuys CA 91406",91406,,,(747) 238-0833,maria.rogotskaya@gmail.com,https://www.areaarchery.com/,,,,False,False,False,False,,,True,True,,,false,false,"[""https://s3-media0.fl.yelpcdn.com/bphoto/dpYTbeMMcsimnZA17jnKdg/l.jpg""]","Archery range located in Van Nuys, CA.",Van Nuys,California
a389e17c-c5db-40f8-8584-9a345bbdba98,Arizona Archery Club,arizona-archery-club-az,commercial,active,False,1115 W Deer Valley Rd #2186,85027,,,623-266-4647,,https://arizonaarcheryshop.com/,"Mon Closed, Tue-Thu 11am-6pm, Fri-Sat 11am-5pm, Sun Closed",,,True,False,False,False,,,False,True,$50-$60/hour,,false,false,"[""state-range-photos/arizona/Arizona Archery Club (Phoenix).jpg""]","Archery range located in Phoenix, AZ.",Phoenix,Arizona
6aef00a1-52de-45cf-b5b7-fdb1e3d57a63,Arizona Bowhunters Association,arizona-bowhunters-association-az,commercial,active,False,,85194,,,,abfaa100@gmail.com,https://www.abfaa.info,,,,False,False,False,False,,,False,False,,,false,false,"[""state-range-photos/arizona/Arizona Bowhunters Association (Casa Granda).png""]",IBO pro shop (IBO directory).,Casa Granda,Arizona
67146bf5-92a3-40c8-9569-e398ea77f784,Arizona Junior Olympic Archery Development (Azjoad),arizona-junior-olympic-archery-development-azjoad-az,hybrid,active,False,Varies,85016,,,,azjoad@cox.net,http://www.azjoad.com,,,,False,False,False,False,,,False,False,,,false,false,"[""https://images.unsplash.com/photo-1574607774561-e645c79a2478?w=800&h=400&fit=crop""]","USA Archery affiliated club. Programs: Junior Olympic Archery Development (JOAD), Adult Archery Program",Phoenix,Arizona
1a76a544-3814-4b6b-80c2-b8421ec02963,Arizona Rim Country Products,arizona-rim-country-products-az,commercial,active,False,6401 W Chandler Blvd # A,85226,,,+15204753308,contact@ezfletch.com,https://www.ezfletch.com,,,,False,False,False,False,,,False,False,,,false,false,"[""https://images.unsplash.com/photo-1574607774561-e645c79a2478?w=800&h=400&fit=crop""]","Archery range located in Chandler, AZ.",Chandler,Arizona
ad9ddf3e-f467-44cb-b32c-3c0ce0705e8b,Arjun Archery Academy,arjun-archery-academy-tx,volunteer_club,active,False,"10050 Coit Rd, Frisco, TX 75035",75071,33.2221404,-96.7319843,(469) 333-1099,info@arjunarcheryacademy.com,https://www.arjunarcheryacademy.com/,,,,False,False,False,False,,,True,True,,,false,false,"[""https://www.usarchery.org/images/tinymce/030925140732-Arjun+Archery+Academy+outside.jpg""]","Archery range located in Mckinney, TX.",McKinney,Texas
20120c65-d508-4a2b-892f-c3034414e2e6,Army Navy Outdoor Center,army-navy-outdoor-center-ga,commercial,active,False,5814 N Henry Blvd,30281,,,770-389-3350,anoutdoorcenter@msn.com,https://www.anoutdoorcenter.com/,Monday-Friday: 9am-6:30pm; Saturday: 9am-6pm; Sunday: 12pm-6pm,,,False,False,False,False,,,False,False,,,false,false,"[""state-range-photos/georgia/Army Navy Outdoor Center (Stockbridge).jpg""]","Archery range located in Stockbridge, GA.",Stockbridge,Georgia
8458804e-c8ed-41a7-a1ed-7ad6f438c25f,Arrow Dynamic Archery,arrow-dynamic-archery-ca,hybrid,active,False,1070 251st Street,90710,,,,ArrowDynamicArcheryClub@gmail.com,http://www.arrowdynamicarchery.com,,,,False,False,False,False,,$15 per hour,False,True,,,false,false,"[""https://arrowdynamicarchery.com/wp-content/uploads/2025/08/IMG_2465.jpg""]","USA Archery affiliated club. Programs: Junior Olympic Archery Development (JOAD), Adult Archery Program",Harbor City,California
dc118831-8710-4095-8b0b-92a942d3221f,Arrow Minded Outdoors,arrow-minded-outdoors-tx,commercial,active,False,5835 FM 1863,78163,,,(830) 515-5905,info@arrowminded.co,http://arrowminded.co,,,,False,False,True,True,$300/year,$10,True,True,,,false,false,"[""https://images.unsplash.com/photo-1574607774561-e645c79a2478?w=800&h=400&fit=crop""]","Archery range located in Bulverde, TX.",Bulverde,Texas
f154bd69-9d4e-44c3-8de5-f41cc7ef8ce5,Arrowhead Archery,arrowhead-archery-ok,volunteer_club,active,False,3104 Epperly Drive,73115,35.4338225,-97.4374172,,arrowheadarchery@att.net,,,,,False,False,False,False,,,False,False,,,false,false,"[""state-range-photos/oklahoma/Arrowhead Archery (Del City).jpg""]","Archery range located in Del City, OK.",Del City,Oklahoma
3d6079e3-a85c-4943-9979-eda2199cc396,Arrowhead Archery Academy,arrowhead-archery-academy-mn,hybrid,active,False,2201 Oak Hills Trail,55718,,,,jason.burley@arrowheadarcherymn.com,,,,,False,False,False,False,,,False,False,,,false,false,"[""state-range-photos/minnesota/Arrowhead Archery Academy (Carlton).jpg""]","USA Archery affiliated club. Programs: Junior Olympic Archery Development (JOAD), Adult Archery Program, 3D Archery, Field Archery, Olympic Archery in the Schools",Carlton,Minnesota
9fcff797-0707-4cf8-b605-6b589ddfdade,Arrows for Christ Ministries/WWCC,arrows-for-christ-ministries-wwcc-tx,club,active,False,328 Hoyt Rd,75167,,,,bowtex57@sbcglobal.net,http://www.wagonwheelcowboychurch.org/arrows-for-christ.html,,,,False,False,False,False,,,False,False,,,false,false,"[""https://images.unsplash.com/photo-1574607774561-e645c79a2478?w=800&h=400&fit=crop""]",ASA-affiliated archery club. Status: Expired 2025,Waxahachie,Texas
af81d804-4348-4cb2-8832-f0c061c8ce87,Arrowstotle Archery,arrowstotle-archery-tx,hybrid,active,False,"Texas Archery Academy, 600 Accent Dr B",75075,,,,neil@flemingarchery.com,http://flemingarchery.com,,,,False,False,False,False,,,False,False,,,false,false,"[""state-range-photos/texas/Arrowstotle Archery (Plano).jpg""]","USA Archery affiliated club. Programs: Junior Olympic Archery Development (JOAD), Adult Archery Program",Plano,Texas
2b317b47-c120-496e-8ad2-0574f4c2bd28,Arts Archers,arts-archers-ca,hybrid,active,False,1912 W. Commenwealth ave,92833,,,,fiteagle@hotmail.com,https://www.facebook.com,,,,False,False,False,False,,,False,False,,,false,false,"[""state-range-photos/california/Arts Archers (Fulleton).jpg""]",USA Archery affiliated club. Programs: Junior Olympic Archery Development (JOAD),Fulleton,California
e0a34f6b-939a-46a3-9478-a56968b567c9,Ascension Archery,ascension-archery-ca,hybrid,active,False,"13592 Lake Chabot Rd, San Leandro CA 94577",94577,,,+1 510-214-2057,510.ascension.archery@gmail.com,http://Ascensionarchery.usarchery.org,,,,False,False,False,False,,,False,False,,,false,false,"[""https://www.wheredoitakethekids.com/wp-content/uploads/2025/01/ohloneArcheryRangeSanLeandro-02-1024x440.jpg""]","USA Archery affiliated club. Programs: Junior Olympic Archery Development (JOAD), Adult Archery Program",San Leandro,California
286bafe2-73be-4e99-bbd3-5c1ba30a8ae6,Ascent Archery,ascent-archery-co,hybrid,active,False,"Greeley Recreation Center, 651 10th Ave",80631,,,(970) 576-8960,jdblflores@hotmail.com,,,,,False,False,False,False,,,False,False,,,false,false,"[""state-range-photos/colorado/Ascent Archery (Greeley).jpg""]",USA Archery affiliated club. Programs: Junior Olympic Archery Development (JOAD),Greeley,Colorado
bdb52e19-eabb-4e0e-ab76-3834f60a4949,Asheville Archery Training Center,asheville-archery-training-center-nc,hybrid,active,False,1426 Brevard Rd,28806,,,,info@ashevillearchery.org,http://www.ashevillearchery.org,,,,False,False,False,False,,,True,True,,,false,false,"[""https://static.wixstatic.com/media/f2e7f3_988b8467088f4c659d9ed8692487e239~mv2.jpg/v1/fill/w_980,h_1307,al_c,q_85,usm_0.66_1.00_0.01,enc_avif,quality_auto/f2e7f3_988b8467088f4c659d9ed8692487e239~mv2.jpg""]","USA Archery affiliated club. Programs: Junior Olympic Archery Development (JOAD), Adult Archery Program",Asheville,North Carolina
f5d595e8-08a2-4c3d-802b-0a47f4deee49,Asheville Parks and Recreation,asheville-parks-and-recreation-nc,volunteer_club,active,False,72 Gashes Creek Rd,28805,,,,outdoorprograms@ashevillenc.gov,http://www.ashevillenc.gov/parks,,,,False,False,False,False,,,False,False,,,false,false,"[""https://images.unsplash.com/photo-1574607774561-e645c79a2478?w=800&h=400&fit=crop""]","Archery range located in Asheville, NC.",Asheville,North Carolina
d0d5a3c8-e856-4fde-9e5c-a02ce4a8f663,Ashland Bowmen,ashland-bowmen-oh,volunteer_club,active,False,1930 County Road 1035,44805,40.7793834,-82.3260604,419-908-8331,hoytshooter88@gmail.com,http://acwcl.org,Office hours - 9:00am to 5:00pm - Monday through Friday - We are closed on all major holidays,,,False,False,False,False,,,False,False,,,false,false,"[""state-range-photos/ohio/Ashland Bowmen (Ashland).jpg""]","Archery range located in Ashland, OH.",Ashland,Ohio
7ea657aa-838f-4ab4-b474-61d8a93bffca,Aslan Archery,aslan-archery-co,hybrid,active,False,7207 E Mountain Brush Ln.,80130,,,,cdorow@msn.com,http://aslanarchery.com,,,,False,False,False,False,,,False,False,,,false,false,"[""state-range-photos/colorado/Aslan Archery (Highlands Ranch).jpg""]","USA Archery affiliated club. Programs: Junior Olympic Archery Development (JOAD), Adult Archery Program, 3D Archery, Field Archery",Highlands Ranch,Colorado
d4cd48c7-bce7-4609-9dcc-e77c9bb18a4a,At Home On The Range Archery,at-home-on-the-range-archery-tx,volunteer_club,active,False,350 Winding Way Drive East,77905,28.715736,-97.1466249,,folksyfarmstead@gmail.com,https://www.folksyfarmsteadvtx.com/home-on-the-range,,,,False,False,False,False,,,False,False,,,false,false,"[""state-range-photos/texas/At Home On The Range Archery (Victoria).jpg""]","Archery range located in Victoria, TX.",Victoria,Texas
0195ec40-a9d5-498f-a1b1-ce981dcbe74a,Athena Archery and Adaptive Sports,athena-archery-and-adaptive-sports-ga,volunteer_club,active,False,150 Fritz Mar Lane,30607,,,,erevbking@gmail.com,,,,,False,False,False,False,,,False,True,,,false,false,"[""state-range-photos/georgia/Athena Archery and Adaptive Sports (Athens).jpg""]","Archery range located in Athens, GA.",Athens,Georgia
aacd5f2b-b2b7-497e-a12e-603ddbc6df3f,Athens Area Archery,athens-area-archery-wi,club,active,False,,,,,,schneveis@msn.com,http://www.athensarch.com,,,,False,False,False,False,,,False,False,,,false,false,"[""state-range-photos/wisconsin/Athens Area Archery (Athens).jpg""]","Archery range located in Athens, WI.",Athens,Wisconsin
01c3d3b0-30ed-427b-a639-c7e6d08419cc,Atlanta Archery Club,atlanta-archery-club-ga,hybrid,active,False,4805 Tilly Mill Rd,30360,,,404-456-4214,info@atlantaarchery.club,http://atlantaarchery.club,,,,False,False,False,False,,,False,True,,,false,false,"[""https://lirp.cdn-website.com/015ef80a/dms3rep/multi/opt/KVP_4122-1920w.jpg""]","USA Archery affiliated club. Programs: Junior Olympic Archery Development (JOAD), Adult Archery Program, 3D Archery",Dunwoody,Georgia
712d7184-93e3-4b83-9f7e-f064059fe95b,Atlantic Archers,atlantic-archers-ia,club,active,False,"413 Chestnut Street Atlantic, IA 50022",,,,,,,,,,False,False,False,False,,,False,False,,,false,false,"[""state-range-photos/iowa/Atlantic Archers (Atlantic).jpg""]","Archery range located in Atlantic, IA.",Atlantic,Iowa
b9c9ada1-0d7f-4a7a-87cf-446a5800b52c,ATS Queo Archery,ats-queo-archery-ut,volunteer_club,active,False,1044 W 800 S,84720-3606,37.6636691,-113.0758683,,,,,,,False,False,False,False,,,False,False,,,false,false,"[""state-range-photos/utah/ATS Queo Archery (Cedar City).jpg""]","Archery range located in Cedar City, UT.",Cedar City,Utah
683e130b-e8fc-4cd3-b765-1002d6a51a53,ATS Queo Bowmen,ats-queo-bowmen-ut,club,active,False,,,,,,,http://www.atsqueobowmen.com/,,,,False,False,False,False,,,False,False,,,false,false,"[""state-range-photos/utah/ATS Queo Bowmen (unknown).jpg""]",,,Utah
2ca9b21a-cbda-4d2d-9b94-f2972ef03d9b,Attaboyz Archery,attaboyz-archery-oh,commercial,active,False,"9011 Heritage Drive, Plain City, OH 43064",43040,,,937-938-0425,attaboyzarchery@gmail.com,https://www.attaboyzarchery.com/,"Tuesday-Friday 10am-8pm, Saturday 10am-4pm, Sunday-Monday Closed",,,True,False,False,False,,,False,False,,,false,false,"[""https://s3-media0.fl.yelpcdn.com/bphoto/05_0N3JJB6xkZ3B3xsRY2A/l.jpg""]","Archery range located in Marysville, OH.",Marysville,Ohio
f1bd94a8-8bd5-45e6-9430-4e8aa591db15,Augusta Archers,augusta-archers-va,volunteer_club,active,False,129 Archery Lane,22980,38.0990233,-78.9691923,,augustaarchers@yahoo.com,https://www.augustaarchersva.com/,,,,False,False,False,False,,,False,False,,,false,false,"[""https://images.unsplash.com/photo-1574607774561-e645c79a2478?w=800&h=400&fit=crop""]","Archery range located in FISHERSVILLE, VA.",FISHERSVILLE,Virginia
09bb7ade-1233-4ea2-bc62-16804d2a28e5,Austin Archery Club,austin-archery-club-tx,volunteer_club,active,False,4095 City Park Rd,78730,30.3541498,-97.8325403,(512) 387-4551,board@austinarcheryclub.com,http://www.austinarcheryclub.com/,Member access to the club is restricted to daylight hours only: 30 minutes prior to sunrise and 30 minutes after sunset,,,False,True,True,True,$150/12mo or $90/6mo,,False,False,,,false,false,"[""state-range-photos/texas/Austin Archery Club (Austin).jpg""]","Archery range located in Austin, TX.",Austin,Texas
ef725fb2-e03c-46ae-831d-5213df50200c,Average Joes Archery,average-joes-archery-mn,commercial,active,False,1285 114th Ave NW Ste 100,55448,,,(763) 208-5717,,https://averagejoesarchery.com/,,,,False,False,False,False,,,False,True,,,false,false,"[""https://s3-media0.fl.yelpcdn.com/bphoto/RAu4bDB0Qhyhox9MExFLUQ/348s.jpg""]","Archery range located in Minneapolis, MN.",Minneapolis,Minnesota
9850f9a2-8c78-4f11-8bf2-726860047c01,Average Joes JOAD,average-joes-joad-mn,hybrid,active,False,"1285 114th Ave NW, 100",55448,45.1779903,-93.2986776,,averagejoesjoad@gmail.com,http://www.averagejoesjoad.org,,,,False,False,False,False,,,False,False,,,false,false,"[""https://s3-media0.fl.yelpcdn.com/bphoto/hiBfrvsC3OXUSX4g-D7juA/348s.jpg""]","USA Archery affiliated club. Programs: Junior Olympic Archery Development (JOAD), Adult Archery Program",Coon Rapids,Minnesota
45bf7ed2-50e2-4439-a77c-f70d6efd46c9,Avery Superstore,avery-superstore-tn,commercial,active,False,335 CUMBERLAND ST,38112,35.14406,-89.969706,+19014542567,erich@averyoutdoors.com,,,,,False,False,False,False,,,False,False,,,false,false,"[""state-range-photos/tennessee/Avery Superstore (Memphis).jpg""]","Archery range located in MEMPHIS, TN.",Memphis,Tennessee
4503935f-5550-467a-b299-97be9c499e16,AVGC Archery,avgc-archery-ca,hybrid,active,False,"16699 Stoddard Wells Road, Victorville CA 92395",92395,,,(760) 245-8702,brekkeso@gmail.com,http://applevalleygunclub.com,,,,False,False,False,False,,,False,False,,,false,false,"[""state-range-photos/california/AVGC Archery (Victorville).jpg""]","USA Archery affiliated club. Programs: Junior Olympic Archery Development (JOAD), Adult Archery Program, 3D Archery",Victorville,California
7931d02b-6fa8-4926-9db8-b62c3fee62b2,Avon Bowmen Inc,avon-bowmen-inc-ny,volunteer_club,active,False,2900 Pole Bridge Rd,14414,,,,mcmastereugene@yahoo.com,,,,,False,False,False,False,,,False,False,,,false,false,"[""state-range-photos/new-york/Avon Bowmen Inc (Avon).jpg""]",ASA-affiliated 3D archery club. Contact: Eugene McMaster.,Avon,New York
87a3a049-57fa-4d62-91c5-3e0bd4446fb8,Axis Archery LLC,axis-archery-llc-tx,volunteer_club,active,False,4296 Hwy 290 E,78659,,,(512) 629-2113,axisarcheryllc@gmail.com,https://www.axisarchery.com/,Sunday: Closed; Monday: Closed; Tuesday-Friday: 10am - 6pm; Saturday: By Appointment Only,,,True,False,False,False,,,False,False,,,false,false,"[""state-range-photos/texas/Axis Archery LLC (Paige).jpg""]",ASA-affiliated 3D archery club. Contact: Blake McPhaul.,Paige,Texas
1e3cdb6a-cc5d-471f-87ea-e9b2502b3c7e,B Pellegrino's Archery Hut LLC,b-pellegrino-s-archery-hut-llc-co,commercial,active,False,"6325 E Platte Ave, Colorado Springs, CO 80915",,,,,,http://www.thearcheryhut.com,,,,False,False,False,False,,,False,False,,,false,false,"[""state-range-photos/colorado/B Pellegrinos Archery Hut LLC (unknown).jpeg""]",,,Colorado
53cc3a7c-a981-42d0-887c-3567165f1a86,B.K-ARCHERY JOAD CLUB,b-k-archery-joad-club-va,hybrid,active,False,12506 Izaak Walton Dr,20136,,,,backje99@gmail.com,https://www.bkarcheryjoadclub.com,,,,False,False,False,False,,,False,False,,,false,false,"[""https://primary.jwwb.nl/public/l/m/b/temp-vptukmyhawmruyxuvogw/41k8k1/20210730_121137.jpg?enable-io=true&enable=upscale&fit=bounds&width=1200""]",USA Archery affiliated club. Programs: Junior Olympic Archery Development (JOAD),Bristow,Virginia
6a34ee00-d495-4635-9af9-6b4a7446d098,B&L Archery Pro Shop,b-l-archery-pro-shop-wi,commercial,active,False,"7578 Deerwood Rd, Sparta, WI 54656",,,,+16082723224,jstarr000@centurytel.net,,,,,False,False,False,False,,,False,False,,,false,false,"[""state-range-photos/wisconsin/BL Archery Pro Shop (Sparta).jpg""]","Archery range located in Sparta, WI.",Sparta,Wisconsin
db1e247b-c932-434b-81be-810b7b14b7fd,B&W Easy Pull LLC,b-w-easy-pull-llc-oh,commercial,active,False,,44807,,,+14194261044,cblum44807@gmail.com,,,,,False,False,False,False,,,False,False,,,false,false,"[""state-range-photos/ohio/BW Easy Pull LLC (Attic).jpg""]",IBO commercial range (IBO directory).,Attic,Ohio
b089a4b4-3481-48cc-8488-25f5f9a3fab6,BA Legend Archery,ba-legend-archery-co,commercial,active,False,9361 Lochwinnoch Ln,80908,,,+17199998777,info@balegend.com,https://balegend.com,,,,False,False,False,False,,,False,False,,,false,false,"[""state-range-photos/colorado/BA Legend Archery (Colorado Springs).jpg""]","Archery range located in Colorado Springs, CO.",Colorado Springs,Colorado
12243a32-0ccc-471d-9f29-0b663215beb9,Back 2 the Wild Archers,back-2-the-wild-archers-ut,hybrid,active,False,470 n. 1100 w.,84014,,,,Back2Backarchery@gmail.com,,,,,False,False,False,False,,,False,False,,,false,false,"[""state-range-photos/utah/Back 2 the Wild Archers (Centerville).jpg""]","USA Archery affiliated club. Programs: Junior Olympic Archery Development (JOAD), Adult Archery Program",Centerville,Utah
f35e2bc9-45e6-4c30-b91c-7e488d5714c2,Back 80 Bowshooters,back-80-bowshooters-ok,club,active,False,Hwy 11 & CR 650,73728,,,+15805966138,back80bowshooters@gmail.com,,,,,False,False,False,False,,,False,False,,,false,false,"[""state-range-photos/oklahoma/Back 80 Bowshooters (Cherokee).jpg""]","Archery range located in Cherokee, OK.",Cherokee,Oklahoma
084f721f-a12e-4e6a-b6e3-6bfeb47b5a28,Back Creek Bow Hunters,back-creek-bow-hunters-nc,club,active,False,"4300 Camp Chestnut Ridge Road, Efland, NC 27243",,,,336.684.9822,,,,,,False,False,False,False,,,False,False,,,false,false,"[""state-range-photos/north-carolina/Back Creek Bow Hunters (Efland).jpg""]","Archery range located in Efland, NC.",Efland,North Carolina
09a1fa49-12c1-40d0-b0d5-eb908e2b8f15,Back Room Archery Shop,back-room-archery-shop-ca,commercial,active,False,"3260 Santa Rosa Ave Suite B, Santa Rosa CA 95407",,,,707-575-3886,backroomarchery@yahoo.com,https://www.turrasbackroomarchery.com,,,11,True,False,False,False,,,False,True,,,false,false,"[""https://www.turrasbackroomarchery.com/wp-content/uploads/2025/09/IMG_0483-scaled.jpg""]",,,California
8d413de5-b2e4-425f-85fb-40888bea001c,Backwoods Archery,backwoods-archery-md,club,active,False,14810 Fairview Church Rd,,,,,,,,,,False,False,False,False,,,False,False,,,false,false,"[""state-range-photos/maryland/Backwoods Archery (Clear Spring).jpg""]","Archery range located in Clear Spring, MD.",Clear Spring,Maryland
5c3c6ec7-d93d-47fd-b929-388735cb18f2,Backwoods Bowhunters,backwoods-bowhunters-wv,club,active,False,3405 Pipestem Dr.,25979,,,+13049204433,lkade157@yahoo.com,,,,,False,False,False,False,,,False,False,,,false,false,"[""state-range-photos/west-virginia/Backwoods Bowhunters (Pipestem).jpg""]",ASA-affiliated archery club. Status: Expired 2025,Pipestem,West Virginia
9d16dc5b-f21e-4d34-ba1b-756eff2a5cde,Backwoods Bowhunters,backwoods-bowhunters-ok,volunteer_club,active,False,7400 E. Britton Rd,73036,,,+14059740518,osagebow8@gmail.com,,,,,False,False,False,False,,,False,False,,,false,false,"[""state-range-photos/oklahoma/Backwoods Bowhunters (El Reno).jpg""]",ASA-affiliated 3D archery club. Contact: Dan Becker.,El Reno,Oklahoma
17af6b6b-e726-4e54-aab3-3910f2b6ac28,Backwoods Sportsmen,backwoods-sportsmen-mo,volunteer_club,active,False,7355 SW Hwy DD,64744,,,+14178760234,backwoodssportsmen@hotmail.com,,,,,False,False,False,False,,,False,False,,,false,false,"[""https://eldoradospringsmo.com/wp-content/uploads/2025/07/archery-training-2cc.jpg""]",ASA-affiliated 3D archery club. Contact: Aaron Wosoba.,El Dorado Springs,Missouri
affee3ed-c18a-4334-a0a0-685a5266262a,Backyard Archers Joad,backyard-archers-joad-mo,hybrid,active,False,145 Hillside Trail,65051,,,+15736800575,backyardarchers@gmail.com,,,,,False,False,False,False,,,False,False,,,false,false,"[""state-range-photos/missouri/Backyard Archers Joad (Linn).jpg""]",USA Archery affiliated club. Programs: Junior Olympic Archery Development (JOAD),Linn,Missouri
c239f954-7b21-4e70-a43e-77797cba484f,Badass Archery,badass-archery-ut,commercial,active,False,548 West 9320 South,84070,,,(801) 900-6060,kelle@badassoutdoorgear.com,https://badassoutdoorgear.com/,"Monday-Friday: 11am-6pm, Saturday: 10am-4pm, Sunday: Closed",,,True,False,False,False,,,False,False,,,false,false,"[""https://images.unsplash.com/photo-1574607774561-e645c79a2478?w=800&h=400&fit=crop""]","Archery range located in Sandy, UT.",Sandy,Utah
8198ad55-fe36-4e7d-aa86-72c3ab32f974,Badger Archery,badger-archery-mt,commercial,active,False,41 East Glendale,59725,45.2166845,-112.637529,406-988-0035,badgerarchery1@aol.com,https://www.badgerarchery.com/,"Tuesday-Friday: 12pm-6pm, Saturday: 12pm-5pm, Closed Sunday & Monday",,,True,False,False,False,,,True,True,$30 group class; $50/hour private,,false,false,"[""state-range-photos/montana/Badger Archery (Dillon).png""]","Archery range located in Dillon, MT.",Dillon,Montana
e46cdaa8-b867-4020-8919-2abe11273ae1,BAKCOU JOAD Club,bakcou-joad-club-ut,hybrid,active,False,2840 F Ave,84401,,,,BakcouJOADClub@gmail.com,https://bakcoujoadclub.usarchery.org,,,,False,False,False,False,,,False,False,,,false,false,"[""state-range-photos/utah/BAKCOU JOAD Club (Ogden).jpg""]",USA Archery affiliated club. Programs: Junior Olympic Archery Development (JOAD),Ogden,Utah
60c0c73e-1d58-4690-b7ae-cae8e35c2dc8,Banana Bend Archery Club,banana-bend-archery-club-tx,club,active,False,"9719 Hadden Rd, Baytown, TX 77521",,,,,,,,,,False,False,False,False,,,False,False,,,false,false,"[""state-range-photos/texas/Banana Bend Archery Club (Baytown).jpg""]","Archery range located in Baytown, TX.",Baytown,Texas
d1860f12-9256-4ad4-90b9-6c75f2f4f2f6,Baraboo Bowmen,baraboo-bowmen-wi,club,active,False,E13016 Neuman Road,,,,,fulldraw@jvlnet.com,https://baraboobowmen.com/,Open as long as there is light to shoot!,,,False,True,False,True,,,False,False,,,false,false,"[""https://images.unsplash.com/photo-1574607774561-e645c79a2478?w=800&h=400&fit=crop""]","Archery range located in Baraboo, WI.",Baraboo,Wisconsin
b62a4680-d961-43dc-8844-9a4ccfc4872c,Barefoot Archery,barefoot-archery-nc,commercial,active,False,4410 Old Pineville Rd,28217,,,+17045271110,info@barefootarchery.com,https://barefootarchery.com/,,,,True,False,False,False,,,False,False,,,false,false,"[""https://images.unsplash.com/photo-1574607774561-e645c79a2478?w=800&h=400&fit=crop""]","Archery range located in Charlotte, NC.",Charlotte,North Carolina
15bb3f8c-ee50-4f47-80e4-499abd5356a0,Barefoot Traditional Archers,barefoot-traditional-archers-nc,club,active,False,,,,,+13366849822,,,,,,False,False,False,False,,,False,False,,,false,false,"[""state-range-photos/north-carolina/Barefoot Traditional Archers (Stokesdale).jpg""]","Archery range located in Stokesdale, NC.",Stokesdale,North Carolina
6d4904a5-5c6e-41fe-b284-dbd45d66a777,Barnett Outdoors,barnett-outdoors-fl,commercial,active,False,955 Live Oak St,34689,,,,,,,,,False,False,False,False,,,False,False,,,false,false,"[""state-range-photos/florida/Barnett Outdoors (Tarpon Springs).jpg""]","Archery range located in Tarpon Springs, FL.",Tarpon Springs,Florida
9f306f76-1328-4550-8c5d-c8954a69f9d7,Barr Lake Archery Range,barr-lake-archery-range-co,public,active,False,"13401 Picadilly Road, Brighton, CO 80603",,,,303-659-6005,dnr_barrlake.naturecenter@state.co.us,https://cpw.state.co.us/placestogo/parks/barrlake,,,,False,False,False,False,,,False,False,,,false,false,"[""state-range-photos/colorado/Barr Lake Archery Range (Commerce City).jpg""]","Archery range located in Commerce City, CO.",Commerce City,Colorado
eca8f9df-53b4-42e7-85ff-ebd121a326b6,Bartlesville Archery Club,bartlesville-archery-club-ok,volunteer_club,active,False,Hudson Lake,74006,36.8208393,-96.0454196,+19183389106,bvillearcheryclub@yahoo.com,,,,,False,False,False,False,,,False,False,,,false,false,"[""state-range-photos/oklahoma/Bartlesville Archery Club (Bartlesville).jpg""]","Archery range located in Bartlesville, OK.",Bartlesville,Oklahoma
6450d7cb-b6bf-4999-bf1b-5656e8719e86,Bass & Bucks Inc,bass-bucks-inc-in,commercial,active,False,5000 West Millcreek Pike Lot 1,46992,40.7720945,-85.8867,260-569-1853,bassandbucksinc@gmail.com,https://bassandbucks.com,,,,True,False,False,False,,,False,False,,,false,false,"[""state-range-photos/indiana/Bass  Bucks Inc (Wabash).jpg""]","Archery range located in Wabash, IN.",Wabash,Indiana
8f471dbb-aa53-4c87-9f2f-556531d585c8,Bates Farm 3D Archery Range,bates-farm-3d-archery-range-al,volunteer_club,active,False,343 Conway Rd,35603,,,256-221-4353,Elissa@bates-farm.com,https://www.bates-farm.com,,,6,False,True,False,False,,$20,True,True,$25 per hour,,false,false,"[""state-range-photos/alabama/Bates Farm 3D Archery Range (Decatur).png""]",ASA-affiliated 3D archery club. Contact: Wayne Bates.,Decatur,Alabama
3b454996-8626-464a-a562-894bbf1cdc58,Battle Creek Regional Park Archery Range,battle-creek-regional-park-archery-range-mn,public,active,False,1200 Warner Rd,55106,,,,,,,,,False,False,False,False,,,False,False,,,false,false,"[""state-range-photos/minnesota/Battle Creek Regional Park Archery Range (St Paul).jpg""]","Archery range located in St Paul, MN.",St Paul,Minnesota
c605cce9-6d2f-43eb-bf43-88425e363327,Bay City Bowmen Inc,bay-city-bowmen-inc-mi,volunteer_club,active,False,2245 8 Mile Road,48631,43.6748596,-84.0458007,989-684-3173,,https://www.baycitybowmen.com/,,,17,False,True,True,False,,,False,True,,,false,false,"[""https://static.wixstatic.com/media/fdf6c9_b07ef075b9854bb7a141eeede3c8665c~mv2.jpg/v1/fit/w_2500,h_1330,al_c/fdf6c9_b07ef075b9854bb7a141eeede3c8665c~mv2.jpg""]","Archery range located in Kawkawlin, MI.",Kawkawlin,Michigan
0171fb11-2e70-491b-96e6-d313d4cfe117,Bay Path Archers Inc.,bay-path-archers-inc-ma,hybrid,active,False,243 Guelphwood Road,01550,,,+15087659505,baypatharchersinc@yahoo.com,,,,,False,False,False,False,,,False,False,,,false,false,"[""https://experiencesturbridge.com/wp-content/uploads/2021/09/58383976_1105530779630328_1449410548817985536_n-1.jpg""]","USA Archery affiliated club. Programs: Junior Olympic Archery Development (JOAD), 3D Archery",Southbridge,Massachusetts
627277f6-c231-42b4-9465-2a94770ce079,Bayou Bowmen Archery Club,bayou-bowmen-archery-club-la,volunteer_club,active,False,5020 W Old Spanish Trl,70563,,,,jwp0820@gmail.com,https://bayoubowmenarchery.club/,,,,False,False,False,False,,,False,False,,,false,false,"[""state-range-photos/louisiana/Bayou Bowmen Archery Club (New Iberia).jpg""]",ASA-affiliated 3D archery club. Contact: Joshua Poindexter.,New Iberia,Louisiana
f16ae6e1-2c72-4945-9bd5-7dc3d6317592,BayState Archers Training Center,baystate-archers-training-center-ma,commercial,active,False,55 Boston Providence Turnpike Norwood MA 02062,02062,,,(781) 352-0643,contact@baystatearchers.com,https://www.baystatearchers.com/,"Wed-Thu 3:30pm-9pm, Fri 3:30pm-5pm, Sat 1:00pm-4:30pm, Sun 1:00pm-6pm",,,True,False,False,False,,,False,True,,"barebow, compound, olympic recurve",false,false,"[""https://thebostondaybook.com/wp-content/uploads/2024/09/BayState-Archers-Training-Center.jpg""]","Archery range located in Norwood, MA.",Norwood,Massachusetts
14816619-8537-49d6-bbd0-a27472786430,Baytown Archery Club,baytown-archery-club-tx,volunteer_club,active,False,Hadden Road in Harris County,77522,,,,bananabendbowbenders@yahoo.com,https://baytownarcheryclub.com/,Range is open daylight hours 7 days a week! Open today 07:00 am - 07:00 pm,,,False,False,False,False,,,False,False,,,false,false,"[""https://images.unsplash.com/photo-1574607774561-e645c79a2478?w=800&h=400&fit=crop""]",ASA-affiliated 3D archery club. Contact: Jack Ivy.,Baytown,Texas
77bfc6b8-de98-439b-a836-f63cf6c5f453,BCC Archery Pro Shop,bcc-archery-pro-shop-az,commercial,active,False,18975 E Thalhoffer Dr,85324,,,+16236966310,,,,,,False,False,False,False,,,False,False,,,false,false,"[""state-range-photos/arizona/BCC Archery Pro Shop (Black Canyon City).jpg""]","Archery range located in Black Canyon City, AZ.",Black Canyon City,Arizona
af0d267f-3970-4b5e-b120-43d39fe98443,Bear Arms Armory & Archery,bear-arms-armory-archery-oh,commercial,active,False,10306 Airport Hwy,43558,41.6007915,-83.7913528,+14198654713,armory@beararmstac.com,https://www.beararmstac.com,,,,False,False,False,False,,,False,False,,,false,false,"[""state-range-photos/ohio/Bear Arms Armory  Archery (Swanton).webp""]","Archery range located in Swanton, OH.",Swanton,Ohio
ff22d210-a066-420f-a4ff-5e655bd8c2db,Bear BowBenders,bear-bowbenders-sd,club,active,False,47777 330th St,57025,,,,,,,,,False,False,False,False,,,False,False,,,false,false,"[""state-range-photos/south-dakota/Bear BowBenders (ELK POINT).jpg""]","Archery range located in Elk Point, SD.",ELK POINT,South Dakota
f9b75315-ec03-4d88-ac10-3792c1e15569,Bear Creek Archery,bear-creek-archery-co,commercial,active,False,"3340 S Knox Ct, Englewood, CO 80110",,,,+13037818733,bearcreek@bearcreekarchery.com,https://www.bearcreekarchery.com/,,,,False,False,False,False,,,False,False,,,false,false,"[""https://images.unsplash.com/photo-1574607774561-e645c79a2478?w=800&h=400&fit=crop""]","Archery range located in Englewood, CO.",Englewood,Colorado
bd15ea4f-3d03-47a3-810f-d144ac8b3bf9,Bear Creek Archery,bear-creek-archery-ia,commercial,active,False,3432 33rd St,52207,42.0642338,-90.8577445,,bearcreek@bearcreekarchery.com,,,,,False,False,False,False,,,False,False,,,false,false,"[""https://tuba-archery.com/wp-content/uploads/2026/02/th-201.jpg""]","Archery range located in Baldwin, IA.",Baldwin,Iowa
bae160bc-719e-4af6-9a36-99cb6b0e176f,Bear Creek Archery (Colorado),bear-creek-archery-colorado-co,commercial,active,False,3340 S Knox Ct,80110,39.6563744,-105.0317699,+13037818733,bearcreek@bearcreekarchery.com,https://www.bearcreekarchery.com,,,,False,False,False,False,,,False,False,,,false,false,"[""https://images.unsplash.com/photo-1574607774561-e645c79a2478?w=800&h=400&fit=crop""]","Archery range located in Englewood, CO.",Englewood,Colorado
ade8b3ac-503a-49ce-82ac-6046d40f7cf3,Bear Creek Terrace Archery Range,bear-creek-terrace-archery-range-co,public,active,False,Argus Blvd,80906,,,,,,,,,False,False,False,False,,,False,False,,,false,false,"[""state-range-photos/colorado/Bear Creek Terrace Archery Range (Colorado Springs).jpg""]","Archery range located in Colorado Springs, CO.",Colorado Springs,Colorado
0d625a1b-4258-4e74-be39-f3cb3dae6e3a,Bear Creek Xtreme,bear-creek-xtreme-co,hybrid,active,False,3350 S Knox Ct,80110,,,,layelgrace@gmail.com,,,,,False,False,False,False,,,False,False,,,false,false,"[""https://s3-media0.fl.yelpcdn.com/bphoto/_XS5WxZExVossZ0xFZIB7g/348s.jpg""]",USA Archery affiliated club. Programs: Junior Olympic Archery Development (JOAD),Englewood,Colorado
19c5c2e7-df2a-4398-8985-3198f9d56f49,Bear Lake Rod and Gun Inc,bear-lake-rod-and-gun-inc-ny,volunteer_club,active,False,"4391 Cassadaga, Stockton Rd",14718,,,,rcabersold@gmail.com,,,,,False,False,False,False,,,False,False,,,false,false,"[""state-range-photos/new-york/Bear Lake Rod and Gun Inc (Stockton).jpg""]",ASA-affiliated 3D archery club. Contact: Rudy  Abersold.,Stockton,New York
87a0dc09-d929-4f48-80b4-76306f4ca898,Bear Mountain Mesa,bear-mountain-mesa-az,commercial,active,False,899 E Southern Ave,85204,,,(480) 926-7161,,https://bearmountainsports.com,"Tue-Fri 10:00 am-6:00 pm, Sat 10:00 am-4:00 pm, Sun-Mon Closed",,,True,False,False,False,,,False,False,,,false,false,"[""https://images.unsplash.com/photo-1574607774561-e645c79a2478?w=800&h=400&fit=crop""]","Archery range located in Mesa, AZ.",Mesa,Arizona
ecaf0c20-43f9-4724-bc21-04a59ab280ae,Bear Pac Archery Club,bear-pac-archery-club-ny,commercial,active,False,,12590,,,+13157711182,bearpacarchery@gmail.com,,,,,False,False,False,False,,,False,False,,,false,false,"[""state-range-photos/new-york/Bear Pac Archery Club (Watertown).jpg""]",IBO pro shop (IBO directory).,Watertown,New York
066a201a-14db-48be-9736-fb21807c8b3b,Bear Paw Bowmen,bear-paw-bowmen-mt,club,active,False,1030 14th Street W,59501,,,+14063900091,bkurtz24@yahoo.com,,,,,False,False,False,False,,,False,False,,,false,false,"[""state-range-photos/montana/Bear Paw Bowmen (Havre).jpg""]","Archery range located in Havre, MT.",Havre,Montana
3a22623d-6db1-4627-a80b-e4065259fb67,Bear River Archers,bear-river-archers-wa,volunteer_club,active,False,85th & Sandridge Road,98631,46.363546,-124.0283462,,bearriverarcherslbwa@gmail.com,https://bearriverarchers.wordpress.com/,,,,False,False,False,False,,,False,False,,,false,false,"[""state-range-photos/washington/Bear River Archers (Long Beach).jpg""]","Archery range located in Long Beach, WA.",Long Beach,Washington
adc004d7-2d85-4e2a-9c62-3f21d941ff50,Bear State Bowhunters,bear-state-bowhunters-ca,volunteer_club,active,False,23938 Del Amo Road,92065,33.0113878,-116.8107546,,cjohnson1948@hotmail.com,https://bearstatebowhunters.com,,,,False,False,False,False,,,False,False,,,false,false,"[""state-range-photos/california/Bear State Bowhunters (Ramona).jpg""]","Archery range located in Ramona, CA.",Ramona,California
576c4740-0793-4822-ba7d-d8721929c948,Beaufort County Archery Club,beaufort-county-archery-club-nc,club,active,False,,,,,,,,,,,False,False,False,False,,,False,False,,,false,false,"[""state-range-photos/north-carolina/Beaufort County Archery Club (Washington).jpg""]","Archery range located in Washington, NC.",Washington,North Carolina
ae03c6cd-3e61-4099-80a6-d89bacf5b8c3,Beaver Creek Archery Club,beaver-creek-archery-club-mn,volunteer_club,active,False,1945 Engebretson Ave,56151,43.9969169,-95.7656167,,bcarchery.mn@gmail.com,,,,,False,False,False,False,,,False,False,,,false,false,"[""https://static.wixstatic.com/media/820cf8_76136baf8d6f4b49aec2e8f435b2767f~mv2.jpg/v1/fill/w_960,h_720,al_c,q_85/Beavery+Creek+Archery+2.jpg""]","Archery range located in Slayton, MN.",Slayton,Minnesota
7cd0629f-8478-4df3-ba90-bb1204cf8281,Beaver Creek Archery Supply LLC,beaver-creek-archery-supply-llc-oh,commercial,active,False,5208 State Route 29,45822,40.5451511,-84.6014861,+15676441223,beavercreekarcherysupply@gmail.com,,,,,False,False,False,False,,,False,False,,,false,false,"[""state-range-photos/ohio/Beaver Creek Archery Supply LLC (Celina).jpg""]","Archery range located in Celina, OH.",Celina,Ohio
5cc8a0df-a074-4180-873b-5d14406bcba1,Beaver Valley Archers,beaver-valley-archers-pa,hybrid,active,False,227 Rothart Dr.,15066,,,,bvajoad@gmail.com,http://beavervalleyarchers.com,,,,False,False,False,False,,,False,False,,,false,false,"[""state-range-photos/pennsylvania/Beaver Valley Archers (New Brighton).jpg""]",USA Archery affiliated club. Programs: Junior Olympic Archery Development (JOAD),New Brighton,Pennsylvania
aa2300d9-9972-4c32-af1f-795a6dc8efd0,Beaver Valley Archery,beaver-valley-archery-pa,commercial,active,False,"2077 Rothhart Drive, New Brighton, PA 15066",15066,,,,,,,,,False,False,False,False,,,False,False,,,false,false,"[""https://images.unsplash.com/photo-1574607774561-e645c79a2478?w=800&h=400&fit=crop""]",IBO pro shop (IBO directory).,New Brighton,Pennsylvania
dc8948c6-0915-48bd-ab46-61be611bf9a7,Beaverhead Archery Club,beaverhead-archery-club-mt,club,active,False,P.O. Box 502,59725,,,,,,,,,False,False,False,False,,,False,False,,,false,false,"[""state-range-photos/montana/Beaverhead Archery Club (Dillon).jpg""]","Archery range located in Dillon, MT.",Dillon,Montana
d856d5ae-bd23-4195-ad0d-8285f3338fbd,Beckleys 3D Archery Range,beckleys-3d-archery-range-mi,commercial,active,False,106 M-65,48770,,,+19897563651,,,,,,False,False,False,False,,,False,False,,,false,false,"[""state-range-photos/michigan/Beckleys 3D Archery Range (Whittemore).jpg""]","Archery range located in Whittemore, MI.",Whittemore,Michigan
94bc6cd9-45b9-4fde-8792-10cbdfa8c926,Beehive-Wasatch Bowhunters,beehive-wasatch-bowhunters-ut,volunteer_club,active,False,PO Box 25476,84125,40.7,-111.94,,,http://www.beehive-wasatchbowhunters.com/,,,,False,True,False,True,,,False,False,,,false,false,"[""state-range-photos/utah/Beehive-Wasatch Bowhunters (Salt Lake City).jpg""]","Archery range located in Salt Lake City, UT.",Salt Lake City,Utah
128e4e93-0112-49a2-a71a-81fb0e228cfd,Believer Archery,believer-archery-nc,volunteer_club,active,False,2027 Iotla Church Rd,28734,,,+18285078518,believerarchery@yahoo.com,,,,,False,False,False,False,,,False,False,,,false,false,"[""state-range-photos/north-carolina/Believer Archery (Franklin).jpg""]",ASA-affiliated 3D archery club. Contact: Dennis Bishop.,Franklin,North Carolina
1b7f63b5-7dac-4294-a6fc-5cda20c1ed4b,Bellator Mentium,bellator-mentium-nv,hybrid,active,False,6323 Dean Martin Dr,89118,,,(310) 490-4251,jgaytan@tianguissapientiae.org,https://bellatormentium.usarchery.org/,,,,False,False,False,False,,,False,False,,,false,false,"[""state-range-photos/nevada/Bellator Mentium (Las Vegas).jpg""]","USA Archery affiliated club. Programs: Junior Olympic Archery Development (JOAD), Adult Archery Program",Las Vegas,Nevada
8fc3f1b3-1a24-4bb7-a44b-9480a2151fbd,Beloit Field Archers,beloit-field-archers-wi,volunteer_club,active,False,9243 West Cleophas Road,53511,42.553852,-89.182137,,ptpm@inwave.com,http://www.beloitfieldarchers.com,,,,False,False,True,True,,,False,False,,,false,false,"[""https://images.unsplash.com/photo-1574607774561-e645c79a2478?w=800&h=400&fit=crop""]","Archery range located in Beloit, WI.",Beloit,Wisconsin
e54f68fd-18e9-4458-8b34-cf5f6eb6a351,Belvoir Bowhunters,belvoir-bowhunters-va,commercial,active,False,,22060,,,,belvoirbowhunter@gmail.com,https://belvoirbowhunters.com/,,,,False,True,False,True,,,False,False,,,false,false,"[""https://images.unsplash.com/photo-1574607774561-e645c79a2478?w=800&h=400&fit=crop""]",IBO pro shop (IBO directory).,Ft. Belvoir,Virginia
1b136807-caab-4eb1-adde-71b648d8e994,Ben Avery Archery Range,ben-avery-archery-range-az,public,active,False,5060 W Skeet St,85086,,,+16234348119,,https://www.azgfd.com/shooting-sports/ben-avery-shooting-facility/archery-range/,,,,False,False,False,False,,,False,False,,,false,false,"[""https://archerylessons.info/ranges/wp-content/uploads/2024/09/Ben-Avery-Outdoor-Archery-Range7.jpg""]","Archery range located in Phoenix, AZ.",Phoenix,Arizona
db3931bd-e05e-4d17-abc9-1306a1774a46,Ben Avery Shooting Facility,ben-avery-shooting-facility-az,public,active,False,4044 W Black Canyon Blvd,85086,,,+16235828313,,https://www.azgfd.com/shooting-sports/ben-avery-shooting-facility/,,,,False,False,False,False,,,False,False,,,false,false,"[""https://media2.phoenixnewtimes.com/phx/imager/u/zoom/7307271/9222920.0.jpg?cb=1642622800""]","Archery range located in Phoenix, AZ.",Phoenix,Arizona
ddf073ed-d8b0-4c68-88ac-3cee007a4e62,Ben Avery Youth Education Archery Range,ben-avery-youth-education-archery-range-az,public,active,False,4044 W Black Canyon Blvd,85086,,,+14806981915,,https://www.azgfd.com/shooting-sports/ben-avery-shooting-facility/archery-range/,,,,False,False,False,False,,,False,False,,,false,false,"[""https://archerylessons.info/ranges/wp-content/uploads/2024/09/Ben-Avery-Outdoor-Archery-Range.jpg""]","Archery range located in Phoenix, AZ.",Phoenix,Arizona
df53c3e7-ea21-45cf-adc1-80daca1a5e4a,Ben R's Family Archery,ben-r-s-family-archery-in,club,active,False,1490 E Goens Rd,47170,,,+18128202805,bennybarger1984@gmail.com,,,,,False,False,False,False,,,False,False,,,false,false,"[""state-range-photos/indiana/Ben Rs Family Archery (Scottsburg).jpg""]",ASA-affiliated archery club. Status: Expired 2025,Scottsburg,Indiana
93c0ff76-7526-4a0b-9f1a-f3c1da154266,Bend Bowmen Archery Club,bend-bowmen-archery-club-or,hybrid,active,False,21140 Knott Road,97702,,,,bendbowmenarchery@gmail.com,https://bendbowmen.com/,,,,False,False,False,False,,,False,False,,,false,false,"[""https://images.unsplash.com/photo-1574607774561-e645c79a2478?w=800&h=400&fit=crop""]","USA Archery affiliated club. Programs: Adult Archery Program, 3D Archery",Bend,Oregon
7c273903-8f82-4e23-bea5-b10dbc5d1530,Bennett's Archery Wetumpka,bennett-s-archery-wetumpka-al,commercial,active,False,106 Kerri Ln,36092,,,+13345141286,travis@bennettsarchery.com,https://bennettsarchery.com,"Mon-Sat 10:00 am-5:00 pm, Sun Closed",,,False,False,False,False,,,False,False,,,false,false,"[""state-range-photos/alabama/Bennetts Archery Wetumpka (Wetumpka).jpg""]","Archery range located in Wetumpka, AL.",Wetumpka,Alabama
1a84b5da-c683-48af-b330-d269574db0ae,Bent Arrow Archery Range & Pro Shop,bent-arrow-archery-range-pro-shop-sd,commercial,active,False,1307 John Deere Circle,57042,34.6992579,-86.7483318,605 461 8506,archery@bentarrowarchery.com,https://bentarrowarchery.com,,,,False,False,False,False,,,False,False,,,false,false,"[""state-range-photos/south-dakota/Bent Arrow Archery Range  Pro Shop (Madison).jpg""]","Archery range located in Madison, SD.",Madison,South Dakota
a8e5d20e-d02a-4986-8fdc-48673a7fee2a,Benton County Archers,benton-county-archers-ia,club,active,False,7310 17th Ave. D,52209,,,,,,,,,False,False,False,False,,,False,False,,,false,false,"[""https://mybesthouston.com/wp-content/uploads/2024/06/AF1QipPNW24OPastQ1IPOO2kz6sKI5YSuQosaa_-OLn8w408-h306-k-no.jpg""]","Archery range located in Luzerne, IA.",Luzerne,Iowa
4a78a74a-f2aa-4576-90a1-b036cba8fec5,Beresford Archery Club,beresford-archery-club-sd,volunteer_club,active,False,"36 RC + GRG , 43.0913 -96.7779",57004,,,+16057775588,ssveeggen@gmail.com,,,,,False,False,False,False,,,False,False,,,false,false,"[""state-range-photos/south-dakota/Beresford Archery Club (Beresford).jpg""]",ASA-affiliated 3D archery club. Contact: Stuart Sveeggen.,Beresford,South Dakota
22b96646-932b-4f19-b881-fa5a001d0021,Bergey Jewelry & Archery,bergey-jewelry-archery-wi,commercial,active,False,209 S Main St,53538,,,+19205639229,,,,,,False,False,False,False,,,False,False,,,false,false,"[""state-range-photos/wisconsin/Bergey Jewelry  Archery (Fort Atkinson).jpg""]","Archery range located in Fort Atkinson, WI.",Fort Atkinson,Wisconsin
67d928f5-869b-4134-9552-dc38fcf71ee1,Bethel Archery Ministry,bethel-archery-ministry-fl,club,active,False,7417 Co Rd 393,32567,,,(850) 652-2806,bethelaoglh@gmail.com,https://bethelaog.org,,,,False,False,False,False,,,False,False,,,false,false,"[""state-range-photos/florida/Bethel Archery Ministry (Laurel Hill).png""]",ASA-affiliated archery club. Status: Expired 2025,Laurel Hill,Florida
52ac0d39-f93e-4c76-a949-060439abc531,BHOA Barb Hartnell Outback Adventures,bhoa-barb-hartnell-outback-adventures-or,commercial,active,False,"739 N. 2nd St. Lakeview, OR 97630",97630,,,,,,,,,False,False,False,False,,,False,False,,,false,false,"[""state-range-photos/oregon/BHOA Barb Hartnell Outback Adventures (Lakeview).jpg""]",IBO pro shop (IBO directory).,Lakeview,Oregon
d7144b45-74b8-47bc-b3b3-e3e03a57a883,Big Apple Archery Lanes & JOAD,big-apple-archery-lanes-joad-ny,hybrid,active,False,170-20 39th Avenue,11358,,,718-461-1756,queensarchery@bigapplearchery.com,http://www.archery-nyc.com,Closed Mon; Tue-Thu 4pm-10pm; Fri 6pm-11pm; Sat-Sun 10am-5pm,,,True,False,False,False,,$18/person/hour (own equipment); $35/person/hour (rental),True,True,,,false,false,"[""http://www.bigapplearchery.com/rangeview.jpg""]","USA Archery affiliated club. Programs: Junior Olympic Archery Development (JOAD), Adult Archery Program",Flushing,New York
b2083541-eb9f-4f8b-8d96-41a60766bfb5,Big Buck Archery Club,big-buck-archery-club-nc,club,active,False,,,,,+13365625789,,https://bigbuckarchers.weebly.com,Winter 3D League Shoots: Sunday Shoot 7AM - 12PM; Summer 3D Fun Shoots 7:00 AM to 2:00 PM,,,False,False,False,False,,,False,False,,,false,false,"[""https://archerycompass.com/wp-content/uploads/2024/02/Big-Buck-Archery-Club-Featured-Image-500x383@2x.jpg""]","Archery range located in Stoneville, NC.",Stoneville,North Carolina
6c56c560-8538-4a6a-84dd-28bd0f2b02c8,Big Creek 3D,big-creek-3d-ok,club,active,False,19539 St Hwy 28,74048,,,+19185592621,csmoufans@yahoo.com,,,,,False,False,False,False,,,False,False,,,false,false,"[""state-range-photos/oklahoma/Big Creek 3D (Nowata).jpg""]",ASA-affiliated archery club. Status: Expired 2025,Nowata,Oklahoma
3a6bfa0c-fa39-4782-8213-ef944bfc7ddb,Big Creek Archery Club,big-creek-archery-club-ga,volunteer_club,active,False,3056 Hwy 296,30823,,,+14784940198,arnoldj@jefferson.k12.ga.us,,,,,False,False,False,False,,,False,False,,,false,false,"[""state-range-photos/georgia/Big Creek Archery Club (Stapleton).jpg""]",ASA-affiliated 3D archery club. Contact: JB Arnold.,Stapleton,Georgia
63cf3f87-5b88-4576-ac93-02e5fa2d6a0c,Big Foot Archers,big-foot-archers-wi,club,active,False,"960 Hillside Rd, Lake Geneva, WI 53147",,,,+12622753889,rube6653@yahoo.com,https://bigfootarchers.com/,,,,False,True,True,True,,,False,False,,,false,false,"[""state-range-photos/wisconsin/Big Foot Archers (Lake Geneva).jpg""]","Archery range located in Lake Geneva, WI.",Lake Geneva,Wisconsin
4814f9c4-19f4-4b02-b299-02c86a8a5e61,Big Horn Bow Hunters,big-horn-bow-hunters-wy,volunteer_club,active,False,627 Spring View St,82443,43.6526069,-108.2085461,,,,,,,False,False,False,False,,,False,False,,,false,false,"[""state-range-photos/wyoming/Big Horn Bow Hunters (THERMOPOLIS).jpg""]","Archery range located in THERMOPOLIS, WY.",THERMOPOLIS,Wyoming
79f0d232-ef8e-44fa-bdf4-d1a45c1efc41,Big Oak Archery,big-oak-archery-nc,club,active,False,,,,,+17042022175,,http://www.bigoakarcheryclub.com/,,,,False,False,False,False,,,False,False,,,false,false,"[""state-range-photos/north-carolina/Big Oak Archery (Gold Hill).jpg""]","Archery range located in Gold Hill, NC.",Gold Hill,North Carolina
4175a770-efd7-4bd9-af4f-910181a4acbe,Big Oaks Archery Club,big-oaks-archery-club-va,volunteer_club,active,False,361 Old National Hwy,23927,,,+14347383350,maidmarian8659@yahoo.com,,,,,False,False,False,False,,,False,False,,,false,false,"[""state-range-photos/virginia/Big Oaks Archery Club (Clarksville).jpg""]",ASA-affiliated 3D archery club. Contact: Marian Corpus.,Clarksville,Virginia
dd175aa1-66ea-4f1d-8bb3-08709d3deb64,Big Rock Archery,big-rock-archery-mi,commercial,active,False,,,,,,,https://www.tgssinc.com/big-rock-archery/,,,,False,False,False,False,,,False,False,,,false,false,"[""state-range-photos/michigan/Big Rock Archery (Saline).jpg""]","Archery range located in Saline, MI.",Saline,Michigan
1e90123c-c90e-469b-ba20-664136c613b5,Big Sioux JOAD,big-sioux-joad-sd,hybrid,active,False,2810 22nd Avenue South,57006,,,,feuchtfamily5@gmail.com,http://bcoac.org/,,,,False,False,False,False,,,False,False,,,false,false,"[""https://www.momentumoutside.com/uploads/1/2/0/2/120207702/archery-range-big-sioux_orig.jpeg""]","USA Archery affiliated club. Programs: Junior Olympic Archery Development (JOAD), Adult Archery Program",Brookings,South Dakota
e5c3c4b5-03a8-497b-ae04-6a7d11cb17ab,Big Sky Archery,big-sky-archery-mt,commercial,active,False,77 Laura Louise Ln,59718,,,,,http://www.bigskyarchery.com,,,,False,False,False,False,,,False,False,,,false,false,"[""https://cdn.sanity.io/images/8ts88bij/big-sky/10109ebcc127470f39d622d15201e007b5c13f79-2100x1400.jpg?rect=350,0,1400,1400&w=1920&h=1920&q=70&fit=min&auto=format""]","Archery range located in Bozeman, MT.",Bozeman,Montana
98b807a6-b55a-44f1-b45b-b2766dbd1ce5,Big Woods Archery Academy,big-woods-archery-academy-ga,hybrid,active,False,350 Ronnel Road,30115,,,+16788800493,Archery@bigwoodsgoods.com,http://www.bigwoodsgoods.com/index.php/archery-classes,,,,False,False,False,False,,,False,False,,,false,false,"[""state-range-photos/georgia/Big Woods Archery Academy (Canton).jpg""]","USA Archery affiliated club. Programs: Junior Olympic Archery Development (JOAD), Adult Archery Program, 3D Archery",Canton,Georgia
d12cf706-0b11-412a-a505-a6b90482e2e9,Bigfoot Bullseye,bigfoot-bullseye-ky,volunteer_club,active,False,10699 US 60,41102,,,,jeremy@bigfootbullseye.org,http://www.BigfootBullseye.org,,,,False,False,False,False,,,False,False,,,false,false,"[""state-range-photos/kentucky/Bigfoot Bullseye (Ashland).jpg""]","Archery range located in Ashland, KY.",Ashland,Kentucky
357baeab-f582-4e20-a760-d40b72fcc528,Bill Jackson's Shop For Adventure,bill-jackson-s-shop-for-adventure-fl,commercial,active,False,9501 US Hwy 19 N,33782,,,727-576-4169,adventure@billjacksons.com,https://www.billjacksons.com/,,,,False,False,False,False,,,False,False,,,false,false,"[""https://www.billjacksons.com/wp-content/uploads/2020/08/IMG_0765.jpg""]","Archery range located in Pinellas Park, FL.",Pinellas Park,Florida
f7b2a865-6771-4a73-acf7-21aa662c6ed3,Bill Pellegrino's Archery Hut,bill-pellegrino-s-archery-hut-co,commercial,active,False,6325 E Platte Ave,80915,,,+17196380554,billincamo@aol.com,https://thearcheryhut.com,,,,False,False,False,False,,,False,False,,,false,false,"[""state-range-photos/colorado/Bill Pellegrinos Archery Hut (Colorado Springs).jpeg""]","Archery range located in Colorado Springs, CO.",Colorado Springs,Colorado
31e8fd96-f877-4c14-a7c9-38b4ee8c14d8,Billings Rod and Gun Club,billings-rod-and-gun-club-mt,club,active,False,P.O. Box 33,59103,,,,,http://billingsrodandgun.org/,,,,False,False,False,False,,,False,False,,,false,false,"[""state-range-photos/montana/Billings Rod and Gun Club (Billings).jpg""]","Archery range located in Billings, MT.",Billings,Montana
790bbca2-7b32-48e5-9aee-d4a4a7886124,BKIII Archery,bkiii-archery-wi,commercial,active,False,7627 S Loomis Rd,53185,,,+12628950141,,,,,,False,False,False,False,,,False,False,,,false,false,"[""state-range-photos/wisconsin/BKIII Archery (Wind Lake).jpg""]","Archery range located in Wind Lake, WI.",Wind Lake,Wisconsin
48f09e64-3c1e-4166-b95b-9af5ad3e0297,Black Canyon Archers,black-canyon-archers-co,volunteer_club,active,False,2566 Pheasant Ridge Rd,81416,,,+19709019713,johnd2115@icloud.com,,,,,False,False,False,False,,,False,False,,,false,false,"[""state-range-photos/colorado/Black Canyon Archers (Delta).jpg""]",ASA-affiliated 3D archery club. Contact: John Boyer.,Delta,Colorado
cefe5ec0-5e09-4d68-a92e-54d0593b72f3,Black Canyon Bowmen,black-canyon-bowmen-id,club,active,False,P.O. Box 234,83617,,,,,http://www.blackcanyonbowmen.com/,,,,False,False,False,False,,,False,False,,,false,false,"[""state-range-photos/idaho/Black Canyon Bowmen (Emmett).jpg""]","Archery range located in Emmett, ID.",Emmett,Idaho
614bac2d-3f79-43f0-bc0f-0fa2d972f1a6,"Black Diamond Archery, LLC",black-diamond-archery-llc-il,volunteer_club,active,False,19709 E County Road 21,61520,,,(309) 231-2600,colin@blackdiamondarchery.com,https://www.blackdiamondarchery.com,,,,False,False,False,False,,,False,False,,,false,false,"[""state-range-photos/illinois/Black Diamond Archery LLC (Canton).jpg""]",ASA-affiliated 3D archery club. Contact: Colin Adams.,Canton,Illinois
99783614-eb0e-4caf-9e32-82052e0d5974,Black Eagle Bowman,black-eagle-bowman-pa,commercial,active,False,"750 Nittany Ridge Rd #3848, Howard, PA 16841",17745,,,,,,,,,False,False,False,False,,,False,False,,,false,false,"[""https://i.ytimg.com/vi/eQjeharCr9w/maxresdefault.jpg""]",IBO pro shop (IBO directory).,Howard,Pennsylvania
35c7ffcd-48d8-417d-b6db-9fdf71ec5275,Black Hills Archery,black-hills-archery-sd,commercial,active,False,2091 RAND RD,57702,44.1046379,-103.2656823,,airbudt@comcast.net,,,,,False,False,False,False,,,False,False,,,false,false,"[""state-range-photos/south-dakota/Black Hills Archery (RAPID CITY).jpg""]","Archery range located in RAPID CITY, SD.",RAPID CITY,South Dakota
802d776a-72e0-42b6-b5ce-45fbbd907115,Black Knight Bowbenders Inc,black-knight-bowbenders-inc-nj,volunteer_club,active,False,656 Perrineville Rd,08527,40.137436,-74.421347,(732) 833-1100,,https://www.blackknightbowbenders.com,Thursday Night Open Shooting for prospective or non-members,,,False,True,True,True,$120/yr + $100 initiation + $100 land assessment,,False,False,,,false,false,"[""state-range-photos/new-jersey/Black Knight Bowbenders Inc (Jackson).jpg""]","Archery range located in Jackson, NJ.",Jackson,New Jersey
c59d33e1-d8c8-473e-8c04-04427c1d8d55,Black Mountain Bowmen,black-mountain-bowmen-ca,volunteer_club,active,False,"Black Mountain Bowmen (BMB), Avenida Espana",95139,37.2180789,-121.7677335,+1 (408) 982-7414,blackmountainbowmen@gmail.com,https://blackmountainbowmen.net,"The range is open daily, 8:00 AM to sunset",,,False,False,True,False,$80 per year (new); $75 per year (renewal),,False,True,,,false,false,"[""https://www.sanjose.org/sites/default/files/styles/listing_detail_image/public/bowmanarchery_15c4c55a-e572-2af8-95834313cb2d2c70.jpg.webp?itok=X9z3a11l""]","Archery range located in San Jose, CA.",San Jose,California
039ca0c6-9de2-45fd-abd4-d471e6519d14,Black River Archery,black-river-archery-oh,commercial,active,False,"114 Kenwood St, Elyria, OH 44035",,,,+14404530494,blackriverarchery1@yahoo.com,,,,,False,False,False,False,,,False,False,,,false,false,"[""state-range-photos/ohio/Black River Archery (Elyria).jpg""]","Archery range located in Elyria, OH.",Elyria,Ohio
13178e20-7ef4-4535-9a31-026b4e33cf7b,Black Rose Traditional Archers,black-rose-traditional-archers-or,club,active,False,,,,,,,,,,,False,False,False,False,,,False,False,,,false,false,"[""state-range-photos/oregon/Black Rose Traditional Archers (PORTLAND).jpg""]","Archery range located in Portland, OR.",PORTLAND,Oregon
9c899f95-9ddc-4510-941f-0f9cdfdac14f,Black Sheep Bowmen,black-sheep-bowmen-ak,club,active,False,"P.O. Box 6075, Joint Base Elmendorf Richardson, AK 99506",99506-,61.2464751,-149.810681,,,https://www.blacksheeparchery.com/,,,,False,True,False,False,$120 single / $150 family,,False,False,,,false,false,"[""https://storage2.snappages.site/0xteq247bz/assets/images/10834369_3024x4032_500.jpg""]",NFAA-affiliated archery club listed in the NFAA Club/Range Finder.,JBER,Alaska
f126821c-88a1-4e7b-8d3f-3af641a8afae,Black Swan Archery Tucson,black-swan-archery-tucson-az,commercial,active,False,420 S Freeman Rd,,,,+15202413655,blackswanarchery@gmail.com,https://blackswanarchery.com,,,,False,False,False,False,,,False,False,,,false,false,"[""state-range-photos/arizona/Black Swan Archery Tucson (Tucson).png""]","Archery range located in Tucson, AZ.",Tucson,Arizona
267856a2-84a7-44e4-b721-7a594d76d49c,Blackfoot River Bowmen,blackfoot-river-bowmen-id,volunteer_club,active,False,"365 Archery Range Rd, Rose, ID 83221",83221,,,,brbtreasury@gmail.com,https://www.blackfootriverbowmen.com/,,,,False,True,False,False,$30.00 per year (individual),,False,False,,,false,false,"[""https://images.unsplash.com/photo-1574607774561-e645c79a2478?w=800&h=400&fit=crop""]",ASA-affiliated 3D archery club. Contact: Teresa Reynolds.,Blackfoot,Idaho
47e7ea05-67f4-4821-9fef-f39d16e59342,Blackhawk Archers,blackhawk-archers-ia,club,active,False,235 Hawley St.,50648,,,,,,,,,False,False,False,False,,,False,False,,,false,false,"[""state-range-photos/iowa/Blackhawk Archers (Jesup).jpg""]","Archery range located in Jesup, IA.",Jesup,Iowa
4ea3a7ef-09fb-4c99-a3d1-50f324547939,Blackhawk Archers Inc.,blackhawk-archers-inc-wi,volunteer_club,active,False,7840 County Road Z,54423,44.57,-89.3943,,rickreynolds543@gmail.com,,,,,False,False,False,False,,,False,False,,,false,false,"[""state-range-photos/wisconsin/Blackhawk Archers Inc (Custer).jpg""]","Archery range located in Custer, WI.",Custer,Wisconsin
cd3ba984-4a45-41f5-ab89-8c31ab447d44,Blackhawk Archers of La Crosse,blackhawk-archers-of-la-crosse-wi,volunteer_club,active,False,N 5120 MOOS RD,54669,43.9072364,-91.1486382,608-317-3933,info@blackhawkarchers.com,https://www.blackhawkarchers.com/,,,,False,True,True,True,$50 single adult / $60 family annually,,False,False,,,false,false,"[""state-range-photos/wisconsin/Blackhawk Archers of La Crosse (WEST SALEM).jpg""]","Archery range located in WEST SALEM, WI.",WEST SALEM,Wisconsin
23b3296f-de82-47ad-ac7c-c01312e384a8,Blackhawk Bowhunters,blackhawk-bowhunters-in,volunteer_club,active,False,6211 S Yankeetown Rd,47601,,,,gregashley66@gmail.com,https://blackhawkbowhunters.org,Club members have access to the club facilities at any time; monthly shoots on the second Sunday of each month generally run from March to September,,14,False,True,True,False,,,False,False,,,false,false,"[""https://images.unsplash.com/photo-1574607774561-e645c79a2478?w=800&h=400&fit=crop""]",ASA-affiliated 3D archery club. Contact: Greg Ashley.,Boonville,Indiana
d94e21cd-b5e6-4365-bb07-33b741243f40,Blackhawk Bowhunters Archery Club,blackhawk-bowhunters-archery-club-wi,volunteer_club,active,False,2103 County Road PB,53593,42.9696625,-89.5174783,+16088453960,bhawkbowhunters@gmail.com,https://www.blackhawkbowhunters.com/,,,16,False,True,True,True,$65 single working / $160 single non-working per year,,False,False,,,false,false,"[""state-range-photos/wisconsin/Blackhawk Bowhunters Archery Club (Verona).jpg""]","Archery range located in Verona, WI.",Verona,Wisconsin
8032dcc7-1a93-4d5e-a3fe-61227f6848e2,Blackhawk Field Archers Inc,blackhawk-field-archers-inc-il,volunteer_club,active,False,10086 Forest Preserve Rd,61072,,,,clinsko33@msn.com,https://www.bhfail.org,,,,False,False,False,False,,,False,False,,,false,false,"[""https://blackhawkarchers.com/Documents/Photos/100_0258.jpg""]",ASA-affiliated 3D archery club. Contact: Cody Insko.,Rockton,Illinois
0f4e2be5-7cd4-42c5-8f02-6eae181763d8,BlackOvis,blackovis-ut,commercial,active,False,2291 Commerce Center Dr Ste 100,84120,,,,,,,,,False,False,False,False,,,False,False,,,false,false,"[""state-range-photos/utah/BlackOvis (West Valley City).jpg""]","Archery range located in West Valley City, UT.",West Valley City,Utah
a2febeb6-4e86-433b-9822-e7fff7673ac2,Blackstone Valley Archery,blackstone-valley-archery-ma,hybrid,active,False,"Bellingham Sportsman's Club, 360 Lake St",02019,,,,dazevedo@blackstonevalleyarchery.org,https://blackstonevalleyarchery.usarchery.org,,,,False,False,False,False,,,False,False,,,false,false,"[""state-range-photos/massachusetts/Blackstone Valley Archery (Bellingham).jpg""]",USA Archery affiliated club. Programs: Junior Olympic Archery Development (JOAD),Bellingham,Massachusetts
b11a23c4-e938-4cd9-863a-36cc7497ae02,Blaze Sports Archery,blaze-sports-archery-ga,hybrid,active,False,"2275 Marietta Blvd NW, Suite 270",30066,,,404-270-2000,ctack545@gmail.com,http://BlazeSports.org,,,,False,False,False,False,,,False,False,,,false,false,"[""state-range-photos/georgia/Blaze Sports Archery (Marietta).png""]",USA Archery affiliated club. Programs: Adult Archery Program,Marietta,Georgia
161e125d-7912-4ebf-88b6-47892455c845,Blazin Arrows Archery Club,blazin-arrows-archery-club-wi,volunteer_club,active,False,W9473 County Road JJ,54944,44.3387544,-88.6646546,,blazinarrows@gmail.com,https://www.blazinarrows.org/,,,,False,False,False,True,,,False,True,,,false,false,"[""https://images.unsplash.com/photo-1574607774561-e645c79a2478?w=800&h=400&fit=crop""]","Archery range located in Hortonville, WI.",Hortonville,Wisconsin
799e186e-9838-4166-a485-b6a156a016a1,Blessed Archery Doral,blessed-archery-doral-fl,commercial,active,False,8880 NW 20th St Unit F,33172,,,305.474.2988,,https://www.blessedarchery.com/,,,,False,False,False,False,,,False,False,,,false,false,"[""https://s3-media0.fl.yelpcdn.com/bphoto/zIv2Rm3TUKfMfOEjaW8Y1w/o.jpg""]","Archery range located in Doral, FL.",Doral,Florida
5bc95e89-0d97-4367-9d7a-2e8f98751cd3,Blind Pig Archery,blind-pig-archery-nv,hybrid,active,False,10355 Aldebaran Dr,89508-8139,,,,Blindpigarchery@gmail.com,,,,,False,False,False,False,,,False,False,,,false,false,"[""state-range-photos/nevada/Blind Pig Archery (Reno).jpg""]","USA Archery affiliated club. Programs: Junior Olympic Archery Development (JOAD), Adult Archery Program, 3D Archery, Field Archery",Reno,Nevada
e0ff2720-5ffa-40f3-a025-a9bc8eabeb69,Bloomer Rod & Gun,bloomer-rod-gun-wi,volunteer_club,active,False,17821 60th Street,54724,45.099173,-91.5496008,(715) 568-2203,bloomerrodandgun.president@gmail.com,https://www.bloomerrodandgun.org/,,,,False,True,False,True,$30 annual (family membership incl. children under 19),,False,False,,,false,false,"[""state-range-photos/wisconsin/Bloomer Rod  Gun (Bloomer).jpg""]","Archery range located in Bloomer, WI.",Bloomer,Wisconsin
c7ad7b45-99b5-410c-a6a4-bffc1d80f8fd,Bloomfield Archers,bloomfield-archers-nj,hybrid,active,False,W Circuit Dr.,07043,,,,bloomfieldarchers@gmail.com,http://www.bloomfieldarchers.org,"Weekday 1PM-7PM, Weekend 9AM-7PM (April-October seasonal)",,,False,False,False,True,$210 individual / $310 family,,True,True,,,false,false,"[""state-range-photos/new-jersey/Bloomfield Archers (Montclair).jpg""]",USA Archery affiliated club. Programs: Adult Archery Program,Montclair,New Jersey
11c84022-0d75-43a3-bb83-79b8c8ad66d4,Bloomington Archery Club,bloomington-archery-club-in,commercial,active,False,5960 W May Rd,47403,,,(812) 754-0072,bloomingtonarcheryclub@gmail.com,https://bloomingtonarchery.com,,,,False,True,False,False,,,False,False,,,false,false,"[""https://bloomingtonarchery.com/wp-content/uploads/2026/02/Traditional-shooters.webp""]",IBO pro shop (IBO directory).,Bloomington,Indiana
fb5a5acb-0da5-47ef-9ba0-ebff2f078441,Blount County Bowhunters,blount-county-bowhunters-al,volunteer_club,active,False,316 Rocking H Trail,35133,,,+12059366054,coltonwatkins95@gmail.com,,,,,False,False,False,False,,,False,False,,,false,false,"[""state-range-photos/alabama/Blount County Bowhunters (Remlap).jpg""]",ASA-affiliated 3D archery club. Contact: Colton Watkins.,Remlap,Alabama
bce39e41-5713-4470-bffc-76c80bf956cc,Blue Feather Archery,blue-feather-archery-nc,club,active,False,,,,,,,,,,,False,False,False,False,,,False,False,,,false,false,"[""state-range-photos/north-carolina/Blue Feather Archery (Mint Hill).jpg""]","Archery range located in Mint Hill, NC.",Mint Hill,North Carolina
279403a8-49f0-4486-b92c-c88af9ea7e07,Blue Ridge Bowhunters,blue-ridge-bowhunters-nc,volunteer_club,active,False,Sluder Branch Rd,28748,,,,cecilhall64@gmail.com,http://blueridgebowhunters.org/,,,,False,False,False,False,,,False,False,,,false,false,"[""https://images.unsplash.com/photo-1574607774561-e645c79a2478?w=800&h=400&fit=crop""]",ASA-affiliated 3D archery club. Contact: Cecil Hall.,Leicester,North Carolina
8b6d5e81-70be-4a24-bb87-5f339f7ada10,Blue Trail Range Jr Rifle Club,blue-trail-range-jr-rifle-club-ct,club,active,False,316 N. Branford Rd,06492,,,+12032693280,shoot@bluetrailrange.com,https://www.bluetrailrange.com,"Open 7 Days a Week: 9am-5pm Oct 1 – Apr 30, 9am-6pm May 1 – Sept 30 (Sun-Sat)",,,False,False,False,False,,,False,False,,,false,false,"[""state-range-photos/connecticut/Blue Trail Range Jr Rifle Club (Wallingford).png""]","Archery range located in Wallingford, CT.",Wallingford,Connecticut
ac4938a6-2d91-4209-858a-5069e5ed0c66,Bluegrass Sportsman League Archery,bluegrass-sportsman-league-archery-ky,volunteer_club,active,False,2500 Handys Bend Rd,40390,,,859-885-9789,jdonsmallwood@gmail.com,https://www.bluegrasssportsman.com,,,,False,True,False,True,,,False,False,,,false,false,"[""state-range-photos/kentucky/Bluegrass Sportsman League Archery (Wilmore).jpg""]",ASA-affiliated 3D archery club. Contact: Don Smallwood.,Wilmore,Kentucky
aa7012e0-c0d9-43fe-b001-633966291604,Bob & AJ's Archery World,bob-aj-s-archery-world-nj,commercial,active,False,,,,,,,,,,,False,False,False,False,,,False,False,,,false,false,"[""state-range-photos/new-jersey/Bob  AJs Archery World (New Jersey).jpg""]","Archery range located in New Jersey, NJ.",New Jersey,New Jersey
dbf8a431-18fb-416e-b509-f382a1202a89,Bob White Club,bob-white-club-ky,volunteer_club,active,False,10446 S. Licking Pike,41001,,,859-635-9066,buemi@aol.com,https://www.bobwhiteclub.org,,,,False,True,False,False,,,False,False,,,false,false,"[""https://s3-media0.fl.yelpcdn.com/bphoto/FBsqALOveslqCvJ-VSSCnQ/o.jpg""]",ASA-affiliated 3D archery club. Contact: Joe Buemi.,Alexandria,Kentucky
19177c91-b57d-4c34-8633-aed6eca9b87f,Boneyard JOAD,boneyard-joad-nc,hybrid,active,False,184 Old Covered Bridge Road,27025,,,336-908-0732,guyhutcherson@yahoo.com,https://boneyardarchery.com/,,,,False,False,False,False,,,False,False,,,false,false,"[""https://s3-media0.fl.yelpcdn.com/bphoto/eoeQMeZg1uTV2Xs3jmjzew/348s.jpg""]","USA Archery affiliated club. Programs: Junior Olympic Archery Development (JOAD), Adult Archery Program, 3D Archery",Madison,North Carolina
929d6648-d025-4091-94c0-aaae30489884,Boondocks Archery Range,boondocks-archery-range-ia,volunteer_club,active,False,2732 194th Ave,52619,,,+13197952541,jbrecount95@gmail.com,,,,,False,False,False,False,,,False,False,,,false,false,"[""state-range-photos/iowa/Boondocks Archery Range (Argyle).jpg""]",ASA-affiliated 3D archery club. Contact: Jaime Brecount.,Argyle,Iowa
973c4343-f59d-474a-a9ab-3bfc2fa6df2a,Boone County Bowhunters,boone-county-bowhunters-ky,volunteer_club,active,False,1444 Southfork Church Rd,41022,,,+18598018704,archer1aec@gmail.com,,,,,False,False,False,False,,,False,False,,,false,false,"[""https://i.ytimg.com/vi/ciH75AvHo0g/maxresdefault.jpg""]",ASA-affiliated 3D archery club. Contact: Al  Carson.,Verona,Kentucky
d40f3e61-7914-430b-910f-173006c2ad32,Boones Bow Shop,boones-bow-shop-wv,commercial,active,False,"1545 Larkmead Rd, Parkersburg, WV 26101",26101,,,,,,,,,False,False,False,False,,,False,False,,,false,false,"[""state-range-photos/west-virginia/Boones Bow Shop (Parkersburg).jpg""]",IBO pro shop (IBO directory).,Parkersburg,West Virginia
d929f123-62fc-4b56-b0a8-ecd81c1ace0d,Boones Outdoor Supply,boones-outdoor-supply-ga,commercial,active,False,59 Rock Hill School Rd,30286,,,+17069380373,,,,,,False,False,False,False,,,False,False,,,false,false,"[""state-range-photos/georgia/Boones Outdoor Supply (Thomaston).jpg""]","Archery range located in Thomaston, GA.",Thomaston,Georgia
a8ba15b6-0afe-4522-b68e-8282304fb96a,"BOPA, Inc.",bopa-inc-mi,commercial,active,False,"944 Eckford Dr, Troy, MI 48085",48085,,,+12482891229,,,,,,False,False,False,False,,,False,False,,,false,false,"[""state-range-photos/michigan/BOPA Inc (Troy).jpg""]",IBO pro shop (IBO directory).,Troy,Michigan
68311b54-bea3-4497-aec8-abc7490521f3,Border Brigade Archery,border-brigade-archery-ia,volunteer_club,active,False,1990 310th Street,50599,42.600291,-93.777658,,thebbaclub@gmail.com,https://bbaclub.wixsite.com/borderbrigade,,,,False,False,False,False,,,False,False,,,false,false,"[""https://static.wixstatic.com/media/8449e4_b5413efed3f546348bdddbbb7f58571e~mv2.jpg/v1/fill/w_547,h_600,al_c,q_80,usm_0.66_1.00_0.01,enc_avif,quality_auto/8449e4_b5413efed3f546348bdddbbb7f58571e~mv2.jpg""]","Archery range located in Woolstock, IA.",Woolstock,Iowa
b80065c9-72cb-423b-85fd-903ae6d00113,Borkholder Archery,borkholder-archery-in,commercial,active,False,1772 W 1350 N,46542,41.428249,-85.881854,,borkholderarchery@gmail.com,https://borkholderarchery.com,,,,False,False,False,False,,,False,False,,,false,false,"[""https://s3-media0.fl.yelpcdn.com/bphoto/nQvbgSttTxJ8aQAd1GluHw/l.jpg""]","Archery range located in Milford, IN.",Milford,Indiana
b2147ce9-abb0-47ea-99bb-ce6ebc9f4990,Bounce Archery,bounce-archery-oh,commercial,active,False,5676 Manchester Rd,44319,40.9504488,-81.5682054,(330) 882-6060,bouncearchery@gmail.com,https://www.bouncearchery.com,"Tuesday-Friday 12pm-7pm, Saturday 12pm-4pm",,16,True,False,False,False,,,True,True,$60 per half-hour session,,false,false,"[""https://lirp.cdn-website.com/ef34563f/dms3rep/multi/opt/Bounce-Archery-Bows-72dcedbe-610h.jpg""]","Archery range located in Akron, OH.",Akron,Ohio
ae93799e-2e3b-4b97-ad4f-1b5b950f5a9f,Bow Bending Believers of CBA,bow-bending-believers-of-cba-ny,volunteer_club,active,False,306 Pearl St,14103,,,585-765-2839,mfred2@hughes.net,https://www.christianbowhunters.org/,,,,False,False,False,False,,,False,False,,,false,false,"[""https://www.christianbowhunters.org/uploads/5/9/6/3/59634577/6040518_orig.jpg""]",ASA-affiliated 3D archery club. Contact: Merle Fredericks.,Medina,New York
285840b4-3039-4290-a49c-022ce7cf160a,Bow N Arrow Shop,bow-n-arrow-shop-ca,commercial,active,False,"9748 Los Coches Rd, Lakeside, CA 92040",,,,+16194435488,,https://bownarrowshop.com,,,,False,False,False,False,,,False,False,,,false,false,"[""https://s3-media0.fl.yelpcdn.com/bphoto/6kLknCGDj131l4hISKVTcg/l.jpg""]","Archery range located in Lakeside, CA.",Lakeside,California
e9cf9930-91e0-427c-a2b3-326c9ec94ccc,Bow Pros Archery & Outdoors,bow-pros-archery-outdoors-tx,commercial,active,False,14887 US-290,78671,,,+18309972697,,https://bowprosfbg.com,,,,False,False,False,False,,,False,False,,,false,false,"[""state-range-photos/texas/Bow Pros Archery  Outdoors (Stonewall).jpg""]","Archery range located in Stonewall, TX.",Stonewall,Texas
42892b46-dfad-45cb-be3c-558b0e2e8a96,Bow Rack,bow-rack-or,commercial,active,False,"392 Q Street, Springfield, Oregon 97477",,,,(541) 746-9711,lisaendicott27@gmail.com,http://thebowrack.com,,,,True,False,False,False,,,False,False,,,false,false,"[""state-range-photos/oregon/Bow Rack (unknown).png""]",,,Oregon
d55125d0-70c5-48f9-883c-432562e39afb,BowDoc Archery,bowdoc-archery-il,commercial,active,False,"18815 Wolf Road Unit 4, Mokena, IL 60448",60448,41.5473523,-87.8862647,708-995-7391,info@bowdoc.com,https://bowdoc.com,,,,False,False,False,False,,,False,False,,,false,false,"[""https://i.ytimg.com/vi/iYEfBmNv2qA/maxresdefault.jpg""]","Archery range located in Mokena, IL.",Mokena,Illinois
7b246a79-4699-44df-befe-9c1fa865dd46,Bowhunters Club,bowhunters-club-tn,volunteer_club,active,False,1419 W Lamar Alex Parkway,37801,,,865-984-6111,bowhuntersproshop@att.net,https://www.bowhuntersproshop.com/,,,,True,False,False,False,,,False,True,,,false,false,"[""https://le-cdn.hibuwebsites.com/3bbdc8212ace49ecafabdfc159b00ec7/dms3rep/multi/opt/bowhunters-pro-shop-hero-home-46bb80e6-1920w.jpg""]",ASA-affiliated 3D archery club. Contact: Jeff Ledbetter.,Maryville,Tennessee
659bb1ac-2d24-40f7-b7f0-3a2bb7d1ea36,Bowhunters Edge Archery,bowhunters-edge-archery-co,commercial,active,False,3812 E Pikes Peak Ave #100,80909,,,(719)321-7760,Bowhuntersedge1@gmail.com,https://www.bowhuntersedge.com/,,,,False,False,False,False,,,False,False,,,false,false,"[""state-range-photos/colorado/Bowhunters Edge Archery (Colorado Springs).jpg""]","Archery range located in Colorado Springs, CO.",Colorado Springs,Colorado
3ba0f777-daf5-41c5-8541-87da31e57a45,Bowhunters of Rockingham,bowhunters-of-rockingham-va,volunteer_club,active,False,"Longbow Road, State Route 833",22832,38.409915,-78.798693,,price0720@verizon.net,http://bowhuntersofrockingham.com/,,,,False,True,True,False,,,False,False,,,false,false,"[""state-range-photos/virginia/Bowhunters of Rockingham (Keezletown).jpg""]","Archery range located in Keezletown, VA.",Keezletown,Virginia
72990dfd-ef3f-4606-903f-b35bd633b714,Bowhunters Unlimited,bowhunters-unlimited-ca,volunteer_club,active,False,Stevens Creek County Park,95014,37.3043165,-122.072954,,dgolzen@att.net,https://bhuarchers.org,,,,False,False,False,False,,,False,False,,,false,false,"[""https://s3-media0.fl.yelpcdn.com/bphoto/EZSqKR7aJpDOouSRhayTPA/l.jpg""]","Archery range located in Cupertino, CA.",Cupertino,California
393683d1-b710-4ded-8cc6-16f476868cf1,Bowie Outfitters Lake Charles,bowie-outfitters-lake-charles-la,commercial,active,False,3405 Gerstner Memorial Blvd,70607,,,(337) 240-5387,,https://www.bowieoutfitters.com/,,,6,True,False,False,False,,$10/hr or $200/yr,False,False,,,false,false,"[""state-range-photos/louisiana/Bowie Outfitters Lake Charles (Lake Charles).jpg""]","Archery range located in Lake Charles, LA.",Lake Charles,Louisiana
cd5dca0b-fb0a-4701-8e8b-7d5d48bd6735,BowTown,bowtown-ok,volunteer_club,active,False,1/1 mile NE of Hwy 390 Mac Arthur Ave,73010,,,+14056410549,carldshipley@gmail.com,,,,,False,False,False,False,,,False,False,,,false,false,"[""state-range-photos/oklahoma/BowTown (Blanchard).jpg""]",ASA-affiliated 3D archery club. Contact: Carl Shipley.,Blanchard,Oklahoma
bc9ba838-efd4-4313-9a48-b60740b78790,Box Butte Archery,box-butte-archery-ne,hybrid,active,False,"Valor Hardware Basement, 800 Box Butte Ave",69348,,,+13086297041,knute@bbc.net,,,,,False,False,False,False,,,False,False,,,false,false,"[""state-range-photos/nebraska/Box Butte Archery (Hemingford).jpg""]","USA Archery affiliated club. Programs: Junior Olympic Archery Development (JOAD), 3D Archery",Hemingford,Nebraska
a4fb65a5-5ecd-40af-9697-24c025fec396,Boyle County Fish & Game Club,boyle-county-fish-game-club-ky,volunteer_club,active,False,893 Phillips Lane,40484,,,,mwhenson63@gmail.com,https://boylecountyfishandgame.com,,,,False,True,False,True,,,False,False,,,false,false,"[""state-range-photos/kentucky/Boyle County Fish  Game Club (Stanford).jpg""]",ASA-affiliated 3D archery club. Contact: Billy Henson.,Stanford,Kentucky
06c3f042-bb3d-4586-b9ec-4607f995a175,Brandon High Ledge Archery,brandon-high-ledge-archery-vt,club,active,False,755 Burr Pond Rd,,,,,,,,,,False,False,False,False,,,False,False,,,false,false,"[""state-range-photos/vermont/Brandon High Ledge Archery (Brandon).jpg""]","Archery range located in Brandon, VT.",Brandon,Vermont
1f657f74-72b1-43bc-a882-5a02b0fb6bdd,Brattleboro Sportsmen Inc,brattleboro-sportsmen-inc-vt,club,active,False,"70 Landmark Hill Drive, Brattleboro, VT 05301",,,,,,,,,,False,False,False,False,,,False,False,,,false,false,"[""state-range-photos/vermont/Brattleboro Sportsmen Inc (Brattleboro).jpg""]","Archery range located in Brattleboro, VT.",Brattleboro,Vermont
a32bae43-151e-474d-a21e-e318b06ba5f0,Brazos County Archery Club,brazos-county-archery-club-tx,volunteer_club,active,False,1715 Louis Street,77803,,,,sadler76520@gmail.com,http://www.brazoscountyarchery.com/,,,,False,True,False,True,,$20,False,False,,,false,false,"[""https://static.wixstatic.com/media/04eaf0_f23b6eab985e443f89bcf0fd10f354d1~mv2.jpg/v1/fill/w_812,h_609,al_c,q_85,usm_0.66_1.00_0.01,enc_auto/04eaf0_f23b6eab985e443f89bcf0fd10f354d1~mv2.jpg""]",ASA-affiliated 3D archery club. Contact: Tracey Sadler.,Bryan,Texas
b7184eb3-fdbc-4b16-b448-c72c3dec261d,Break The Barriers,break-the-barriers-ca,volunteer_club,active,False,8555 N. CEDAR AVE,93720,36.8601723,-119.7573523,,jared@breakthebarriers.org,https://breakthebarriers.org,,,,False,False,False,False,,,False,False,,,false,false,"[""https://breakthebarriers.org/wp-content/uploads/2022/10/IMG_2683-1536x1148.jpg""]","Archery range located in FRESNO, CA.",Fresno,California
581e4795-18e2-4da7-870e-ad3d4d855a70,Breitling Firearms,breitling-firearms-ct,commercial,active,False,146 Danbury Rd.,06766,,,,,,,,,False,False,False,False,,,False,False,,,false,false,"[""state-range-photos/connecticut/Breitling Firearms (New Milford).jpg""]","Archery range located in New Milford, CT.",New Milford,Connecticut
5ac78be6-6e2c-4b24-83a0-32d2fef9d84f,Brevard Archers,brevard-archers-fl,club,active,False,"2500 Parkway Dr, Melbourne, FL 32935",32936,,,,joeloureiro@yahoo.com,https://www.brevardarchers.com/,,,,False,True,False,False,,,False,False,,,false,false,"[""https://images.squarespace-cdn.com/content/v1/67f4796887184a3eb354047f/de18e80c-8fe2-447d-877e-eab6533f0797/BREVARDARCHERS-39.jpg?format=2500w""]","Archery range located in Melbourne, FL.",Melbourne,Florida
59a7b45f-371e-4453-98e2-8e538c760aaf,Brigham Bowmen,brigham-bowmen-ut,club,active,False,"720 W Forest St, Brigham City, UT 84302",,,,+14353390418,secretarybrighambowmen@gmail.com,http://brighambowmen.com/,Outdoor: Monday-Sunday Dawn to Dusk; Indoor: Monday-Sunday 6AM-11PM,,,False,True,False,False,,$7,False,False,,,false,false,"[""https://archerylessons.info/ranges/wp-content/uploads/2024/09/IMG_3089.jpg""]","Archery range located in Brigham City, UT.",Brigham City,Utah
6215cbd6-23b5-4aef-8bba-a8c0c154f6d4,Brighton Archery - SELCRA,brighton-archery-selcra-mi,hybrid,active,False,"7540 Whitmore Lake Road, Brighton, MI 48116",48116,,,,crosyter@selcra.com,http://www.selcra.com,,,,False,False,False,False,,,False,False,,,false,false,"[""state-range-photos/michigan/Brighton Archery - SELCRA (Brighton).jpg""]","USA Archery affiliated club. Programs: Junior Olympic Archery Development (JOAD), Adult Archery Program",Brighton,Michigan
a830f62b-9956-4da8-9cd0-b86d35c85b2b,Briones Archers,briones-archers-ca,volunteer_club,active,False,1294  Bear Creek Road,94553,37.9398518,-122.1869694,,info@brionesarchery.org,https://brionesarchery.org,"Monday Nights Weekly 3D Shoot: Rolling start between 3pm-6pm (open to the public, running through summer)",,,False,True,True,False,$100 per year (new); $75 per year (renewal),,False,True,,,false,false,"[""state-range-photos/california/Briones Archers (Briones).webp""]","Archery range located in Briones, CA.",Briones,California
8727deba-c593-4b68-b043-6772b93c25ff,Bristlecone Bowmen,bristlecone-bowmen-nv,volunteer_club,active,False,PO BOX 1256,89318-1256,39.4049384,-114.7786281,,,,,,,False,False,False,False,,,False,False,,,false,false,"[""state-range-photos/nevada/Bristlecone Bowmen (MC GILL).jpg""]","Archery range located in MC GILL, NV.",MC GILL,Nevada
6a8b19d7-1bfc-41d6-b82a-0d67ee880d2b,Bristol Fish & Game,bristol-fish-game-ct,club,active,False,700 Beecher Rd,06716,,,,,https://bristolfishandgame.com/,,,,False,True,False,True,$680 first year; $280/year renewal,,False,False,,,false,false,"[""https://bristolfishandgame.com/wp-content/uploads/2020/06/archery-target.jpg""]","Archery range located in Wolcott, CT.",Wolcott,Connecticut
56c793ac-a54f-43f1-b45d-b27bff8350ed,Britton's Archery Supplies-Range,britton-s-archery-supplies-range-fl,commercial,active,False,1743 S Pinellas Ave,34689,,,(727) 488-8699,geobrittonarchery@gmail.com,https://brittonsarchery.com,,,10,True,False,False,False,,$12 adult/$10 youth per hour (BYOB),True,True,,,false,false,"[""https://archerydirectory.com/wp-content/uploads/2025/08/Brittons-Archery-Supplies-Range.png""]","Archery range located in Tarpon Springs, FL.",Tarpon Springs,Florida
0aa30987-21a6-4c63-92ef-e735c3c268e0,Broadwater Rod & Gun Club,broadwater-rod-gun-club-mt,volunteer_club,active,False,"96 Canton Lane, 330 Indian Creek",59644,46.3390259,-111.499906,406-209-8651,tlrinc@icloud.com,https://www.broadwaterrodandgun.com/,,,,False,False,False,False,$75,,False,False,,,false,false,"[""state-range-photos/montana/Broadwater Rod  Gun Club (Townsend).jpg""]","Archery range located in Townsend, MT.",Townsend,Montana
f0c93adb-825a-45fb-8828-be3d30aa144a,Broken Arrow 3-D Course,broken-arrow-3-d-course-il,volunteer_club,active,False,2000 N County Road 2200 E,61920,,,+12172765276,hilltopguns@gmail.com,,,,,False,False,False,False,,,False,False,,,false,false,"[""https://archerylessons.info/ranges/wp-content/uploads/2024/09/Nancys-Broken-Arrow3.jpg""]",ASA-affiliated 3D archery club. Contact: Garry Nicholson.,Charleston,Illinois
5280b8b4-5b66-4bfc-9f37-8e7d22913fee,Broken Arrow Archery,broken-arrow-archery-ky,volunteer_club,active,False,207 Harry Cherry Rd,42101,,,+12707909460,brokenarrowarchery52@yahoo.com,,,,,False,False,False,False,,,False,False,,,false,false,"[""state-range-photos/kentucky/Broken Arrow Archery (Bowling Green).jpg""]",ASA-affiliated 3D archery club. Contact: Mallory Duvall.,Bowling Green,Kentucky
5e20e8d7-ff4d-46b4-9312-98a4d3079dfe,Broken Arrow Archery Club,broken-arrow-archery-club-mn,volunteer_club,active,False,600 Main St,56044,,,,ljbender56@hotmail.com,,,,,False,False,False,False,,,False,False,,,false,false,"[""state-range-photos/minnesota/Broken Arrow Archery Club (Henderson).jpg""]",ASA-affiliated 3D archery club. Contact: Tom Bender.,Henderson,Minnesota
67272cb1-93d3-48b2-9569-4b7433fbb665,Broken Arrow Archery Club,broken-arrow-archery-club-tn,club,active,False,,,,,,,,,,,False,False,False,False,,,False,False,,,false,false,"[""state-range-photos/tennessee/Broken Arrow Archery Club (Nashville).jpg""]","Archery range located in Nashville, TN.",Nashville,Tennessee
4563993d-bf7d-49d5-a10f-4533d5f80c27,Broken Arrow Archery Club,broken-arrow-archery-club-nc,volunteer_club,active,False,821 Carter Mill Rd,28621,,,+13366554525,settingsun24@gmail.com,,,,,False,False,False,False,,,False,False,,,false,false,"[""state-range-photos/north-carolina/Broken Arrow Archery Club (Elkin).jpg""]",ASA-affiliated 3D archery club. Contact: Melissa Long.,Elkin,North Carolina
3e5abb63-411a-4f78-9c52-02d734455396,Broken Arrow Archery Club,broken-arrow-archery-club-in,volunteer_club,active,False,"Beaver Lake, CR 325 E",47546,,,+18124826825,kcbrames@gmail.com,,,,,False,False,False,False,,,False,False,,,false,false,"[""state-range-photos/indiana/Broken Arrow Archery Club (Jasper).jpg""]",ASA-affiliated 3D archery club. Contact: Cliff Fleck.,Jasper,Indiana
2c8b3337-ee6c-4ea1-9682-ef7f70b62869,Broken Arrow Archery Inc,broken-arrow-archery-inc-or,commercial,active,False,2044 SE Adams St,97222,,,503-654-8012,brokenarrowarchery@gmail.com,https://brokenarrowarchery.com,"Mon-Fri: 10:00 AM - 7:00 PM, Sat: 10:00 AM - 6:00 PM, Sun: 10:00 AM - 6:00 PM",,15,True,False,False,False,,,False,False,,,false,false,"[""https://d3uw6f38ocgirn.cloudfront.net/media/up/689/740a8113377ebc5ce54cce3a82a2ab75_BrokenArrowArcheryMilwaukiwe2.JPG""]","Archery range located in Milwaukie, OR.",Milwaukie,Oregon
dc2b4319-5e5d-4f27-bcea-e79faad56459,Broken Arrow Archery of Colleton County,broken-arrow-archery-of-colleton-county-sc,club,active,False,12878 Augusta Hwy,29488,,,843-908-1489,dsblank1961@gmail.com,http://www.brokenarrowarcheryclub.org/,,,,False,False,False,False,,,False,False,,,false,false,"[""state-range-photos/south-carolina/Broken Arrow Archery of Colleton County (Walterboro).jpg""]",ASA-affiliated archery club. Status: Expired 2025,Walterboro,South Carolina
0be7f7e1-2866-4a25-93ed-8365e6f5cb40,Broken Arrows Archery Club,broken-arrows-archery-club-ca,hybrid,active,False,11750 Cholla Dr.,92240,,,,scouterkoda@gmail.com,,,,,False,False,False,False,,,False,False,,,false,false,"[""state-range-photos/california/Broken Arrows Archery Club (Desert Hot Springs).jpg""]","USA Archery affiliated club. Programs: Junior Olympic Archery Development (JOAD), Adult Archery Program",Desert Hot Springs,California
fa8ee4e7-58c6-43bd-b7fa-6b3ee8e9d441,Broken Trail Bowmen,broken-trail-bowmen-id,volunteer_club,active,False,PO BOX 253,83833,47.4537045,-116.7872887,,,,,,,False,False,False,False,,,False,False,,,false,false,"[""state-range-photos/idaho/Broken Trail Bowmen (HARRISON).jpg""]","Archery range located in HARRISON, ID.",HARRISON,Idaho
19da71ea-2608-4173-8563-cd208f3387d6,Brown Creek Archers,brown-creek-archers-nc,club,active,False,,,,,+19102451640,,,,,,False,False,False,False,,,False,False,,,false,false,"[""state-range-photos/north-carolina/Brown Creek Archers (Cameron).jpg""]","Archery range located in Cameron, NC.",Cameron,North Carolina
2c86ed09-bcd4-4730-bea3-f3bcdf784044,Browns Canyon Bowhunters,browns-canyon-bowhunters-co,club,active,False,North Highway 285,81201,,,+17192072523,brownscanyon@gmail.com,,,,,False,False,False,False,,,False,False,,,false,false,"[""state-range-photos/colorado/Browns Canyon Bowhunters (Salida).jpg""]",ASA-affiliated archery club. Status: Expired 2025,Salida,Colorado
cc0a34fc-5168-4693-b98c-54602c6ec098,Brownwood Bowhunters Assoc,brownwood-bowhunters-assoc-tx,volunteer_club,active,False,7340 FM 45 South,76801,,,+13256425373,rporterins@gmail.com,,,,,False,False,False,False,,,False,False,,,false,false,"[""state-range-photos/texas/Brownwood Bowhunters Assoc (Brownwood).jpg""]",ASA-affiliated 3D archery club. Contact: Richard Porter.,Brownwood,Texas
d471086c-3038-43e7-a679-53809bd24f3d,Brushy Mountain Archery Club,brushy-mountain-archery-club-nc,volunteer_club,active,False,6706 Cheatham Ford Rd,28636,,,+18284081651,lossiah22@yahoo.com,,,,,False,False,False,False,,,False,False,,,false,false,"[""state-range-photos/north-carolina/Brushy Mountain Archery Club (Hiddenite).jpg""]",ASA-affiliated 3D archery club. Contact: Frank Lossiah.,Hiddenite,North Carolina
fa429fe2-8431-41eb-b3a1-12103d4df0ea,Buck & Doe's Mercantile,buck-doe-s-mercantile-tx,commercial,active,False,"24250 US-281, San Antonio, TX 78258",,,,830-980-3637,,https://buckdoes.com/,,,10,True,False,False,False,,,False,True,,,false,false,"[""state-range-photos/texas/Buck  Does Mercantile (San Antonio).webp""]","Archery range located in San Antonio, TX.",San Antonio,Texas
1afdc318-c4b6-40ec-b620-4b3ad43e2793,Buck Branch Archery Club,buck-branch-archery-club-tx,volunteer_club,active,False,2155 CR 459,78959,,,,kendavis6388@gmail.com,https://buckbrancharcheryclub.org/,,,,False,True,False,True,,,False,False,,,false,false,"[""state-range-photos/texas/Buck Branch Archery Club (Waelder).jpg""]",ASA-affiliated 3D archery club. Contact: Kenneth  Davis.,Waelder,Texas
4e25d051-fed8-4951-abf5-e64d28c70abc,Buck Hollow Bowhunters,buck-hollow-bowhunters-tn,volunteer_club,active,False,1695 Old Sylvia Rd,37055,,,+16152189671,d_spann@metrican.com,,,,,False,False,False,False,,,False,False,,,false,false,"[""state-range-photos/tennessee/Buck Hollow Bowhunters (Dickson).jpg""]",ASA-affiliated 3D archery club. Contact: Dewayne Spann.,Dickson,Tennessee
b4b8b8d9-4811-4ac3-92a0-3e732877dbcd,Buck Rub Outfitters,buck-rub-outfitters-wi,commercial,active,False,N13 W28400 Silvernail Rd,53072,,,(262) 547-0535,,https://www.buckrubarchery.com/,Mon/Wed/Fri 10am-6pm; Tue/Thu 10am-8pm; Sat 10am-4pm; Sun Closed,,,True,False,False,False,,,False,True,,,false,false,"[""state-range-photos/wisconsin/Buck Rub Outfitters (Pewaukee).jpg""]","Archery range located in Pewaukee, WI.",Pewaukee,Wisconsin
89d9f816-6953-40df-9048-164c0aa2b1be,Buck Trail Archers,buck-trail-archers-wi,club,active,False,32622 Yahnke Road,53105,,,,,http://www.bucktrailarchers.net,,,,False,False,False,False,,,False,False,,,false,false,"[""state-range-photos/wisconsin/Buck Trail Archers (Burlington).jpg""]","Archery range located in Burlington, WI.",Burlington,Wisconsin
4e070b43-0451-4d68-aecb-22c31b76ca0c,Bucks 2 Beards Archery,bucks-2-beards-archery-tn,volunteer_club,active,False,1500 No Bucks Pocket Rd,37362,,,+14237156488,marc.beard@vw.com,,,,,False,False,False,False,,,False,False,,,false,false,"[""state-range-photos/tennessee/Bucks 2 Beards Archery (Old Fort).jpg""]",ASA-affiliated 3D archery club. Contact: Marc Beard.,Old Fort,Tennessee
6b6e03de-07ff-407f-822f-4c8442ff1d41,Buckskin Bow Club,buckskin-bow-club-ky,volunteer_club,active,False,3905 Appletree Ln,41091,,,+18593932145,steve.bayer1968@gmail.com,,,,,False,False,False,False,,,False,False,,,false,false,"[""https://i.ytimg.com/vi/bD8RnpfBCsI/maxresdefault.jpg""]",ASA-affiliated 3D archery club. Contact: Steve Bayer.,Union,Kentucky
24ac2e0e-3a35-4f94-a701-831127b96883,Buckskin Bowmen,buckskin-bowmen-ny,club,active,False,853 Waterloo Geneva Road,13165,,,,,,,,,False,False,False,False,,,False,False,,,false,false,"[""state-range-photos/new-york/Buckskin Bowmen (Waterloo).jpg""]","Archery range located in Waterloo, NY.",Waterloo,New York
7e8b2916-4006-4ec6-8767-91693a69c366,Buckskin Bowmen Archery Club - MI,buckskin-bowmen-archery-club-mi-mi,volunteer_club,active,False,165 N Maple st,49841,46.2811665,-87.4429981,,tammyjo1970@gmail.com,,,,,False,False,False,False,,,False,False,,,false,false,"[""state-range-photos/michigan/Buckskin Bowmen Archery Club - MI (Gwinn).jpg""]","Archery range located in Gwinn, MI.",Gwinn,Michigan
89b6c5bf-f690-4170-9cb6-013394068633,Bucktail Archers,bucktail-archers-pa,commercial,active,False,,15857,,,,,,,,,False,False,False,False,,,False,False,,,false,false,"[""https://bucktrailarchers.com/wp-content/uploads/2024/01/32919660_1320712668028416_6994020312123703296_n.jpeg""]",IBO pro shop (IBO directory).,St Marys,Pennsylvania
3453e388-4ea1-4761-8830-8b614be158df,Buffalo Field Archery Club,buffalo-field-archery-club-tx,volunteer_club,active,False,13155 Clay Rd,77094,29.8315462,-95.5864124,+1 (713) 489-6307,buffalofieldarcheryclub@gmail.com,https://buffalofield.org/,"Practice range available to membership from sunrise to sunset, almost every day of the year",,,False,True,True,True,,,False,True,,,false,false,"[""state-range-photos/texas/Buffalo Field Archery Club (Houston).jpg""]","Archery range located in Houston, TX.",Houston,Texas
7639b351-a1ef-42b2-b791-daa972a32ce2,Buffalo Ridge Archery,buffalo-ridge-archery-tn,commercial,active,False,,,,,,,,,,,False,False,False,False,,,False,False,,,false,false,"[""state-range-photos/tennessee/Buffalo Ridge Archery (Goodlettsville).jpg""]","Archery range located in Goodlettsville, TN.",Goodlettsville,Tennessee
a4d9e0d5-090a-473f-85dc-053c59ea0d9d,Buffalo Valley Sportsmens Club Association,buffalo-valley-sportsmens-club-association-pa,volunteer_club,active,False,950 Sportsmens Club Rd,17844,,,(570) 966-1619,ssampsell22@gmail.com,https://bvsportsman.org/,,,,False,True,False,False,,,False,False,,,false,false,"[""http://www.bvsportsman.org/rc_images/bvsa_sign_web2.jpg""]",ASA-affiliated 3D archery club. Contact: Scott Sampsell.,Mifflinburg,Pennsylvania
c1bd5abb-4b51-4eff-beb4-a476c0574a9f,Build A Bowtique,build-a-bowtique-fl,commercial,active,False,8900 N Armenia Ave #312,33604,,,+18134840484,hello@buildabow.com,,,,,False,False,False,False,,,False,False,,,false,false,"[""state-range-photos/florida/Build A Bowtique (Tampa).jpg""]","Archery range located in Tampa, FL.",Tampa,Florida
fa6d5718-5f1e-4dff-86c8-a4f6f42650b4,Bullock's Archery,bullock-s-archery-ca,commercial,active,False,4587 Telephone Rd #104,93003,34.2566486,-119.2354966,+18058508202,bullocksarchery@gmail.com,,,,,False,False,False,False,,,False,False,,,false,false,"[""state-range-photos/california/Bullocks Archery (Ventura).jpg""]","Archery range located in Ventura, CA.",Ventura,California
d0993fd6-d489-4e6a-ac9f-27e56207d3c2,Bullseye Archery,bullseye-archery-mi,volunteer_club,active,False,23093 Junction Rd,49021,,,+15172041956,bowranger12@gmail.com,,,,,False,False,False,False,,,False,False,,,false,false,"[""state-range-photos/michigan/Bullseye Archery (Bellevue).jpg""]",ASA-affiliated 3D archery club. Contact: Matt Knoll.,Bellevue,Michigan
b71473b7-3766-48ff-878d-cac4f5c27d0c,Bullseye Archery Range,bullseye-archery-range-ga,volunteer_club,active,False,6190 Parkway North Drive,31604,,,678-965-5504,soloarchery2@yahoo.com,https://www.bullseyemarksman.net/,Monday-Saturday: 10am-8pm; Sunday: 1pm-6pm,,5,False,False,False,False,,$20,False,False,,,false,false,"[""state-range-photos/georgia/Bullseye Archery Range (Valdosta).jpg""]",ASA-affiliated 3D archery club. Contact: Jeremie Wallace.,Valdosta,Georgia
46918a34-a346-4a5b-8bf2-ac385af587d1,Bullseye Jim's Archery,bullseye-jim-s-archery-ny,commercial,active,False,517 Columbia Turnpike,12061,42.6046038,-73.7165709,518-477-2697,jdespart@gmail.com,https://bullseyejimsarchery.com/,Tue-Thu 10am-6pm; Fri 10am-8pm; Sat 9am-4pm,,,True,False,False,False,,,False,True,,,false,false,"[""https://cdn.businessyab.com/assets/uploads2/992c107f22f3af00847ee7c266403d73_-united-states-new-york-rensselaer-county-east-greenbush-bullseye-jims-archery-inc.jpg""]","Archery range located in East Greenbush, NY.",East Greenbush,New York
e5061ca3-2e35-4888-8088-efafff988f2d,Bushmen Archers,bushmen-archers-or,club,active,False,Amyette Drive,97051,,,,,,,,,False,False,False,False,,,False,False,,,false,false,"[""state-range-photos/oregon/Bushmen Archers (St Helens).jpg""]","Archery range located in St Helens, OR.",St Helens,Oregon
618b1fe0-a1ae-48ab-b959-b4d5dc7f96c0,Bushwhackers Archery Club,bushwhackers-archery-club-hi,club,active,False,,,,,+18083481672,bushwackersarchery@gmail.com,https://www.bushwackersarcheryclub.com/,"Saturdays & Sundays, 9:00 AM - 3:00 PM (open to the public)",,,False,True,False,False,,,False,True,,,false,false,"[""state-range-photos/hawaii/Bushwhackers Archery Club (Kapolei).jpg""]","Archery range located in Kapolei, HI.",Kapolei,Hawaii
0fb3dc40-b54a-436b-8a7c-581cc2472c12,Buzzard's Ridge Archery,buzzard-s-ridge-archery-mo,volunteer_club,active,False,1766 SE Offutt Rd,64469,,,+18162949929,adamandkareng99@gmail.com,,,,,False,False,False,False,,,False,False,,,false,false,"[""state-range-photos/missouri/Buzzards Ridge Archery (Maysville).jpg""]",ASA-affiliated 3D archery club. Contact: Adam Grimes.,Maysville,Missouri
80dae2da-da29-417b-a037-d56c4a543a45,Bwana Archery,bwana-archery-mn,commercial,active,False,3015 Country Dr,55117,,,+16514829866,bwanaarchery@gmail.com,https://www.bwanaarchery.com/,Mon-Fri 10am-8pm / Sat 10am-4pm / Sun 10am-4pm,,,False,False,False,False,,,False,False,,,false,false,"[""https://images.unsplash.com/photo-1574607774561-e645c79a2478?w=800&h=400&fit=crop""]","Archery range located in Minneapolis, MN.",Minneapolis,Minnesota
61f6c09f-b42f-4387-af95-aebcc18038ac,Byron Center-Grandville Archery Club,byron-center-grandville-archery-club-mi,volunteer_club,active,False,3385 Oconto Court SW,49418,,,+16168028455,gvscience@gmail.com,,,,,False,False,False,False,,,False,False,,,false,false,"[""state-range-photos/michigan/Byron Center-Grandville Archery Club (Grandville).jpg""]","Archery range located in Grandville, MI.",Grandville,Michigan
a825629f-05f8-4d9f-87ec-74a90bf28cd8,C&C Archery and Sporting Goods,c-c-archery-and-sporting-goods-ny,commercial,active,False,7149 W. Main Rd,14482,42.9789203,-78.0095047,(585) 768-6637,ccarchery1@frontier.com,https://www.candcarcherysportinggoods.com/,Mon-Thu 11am-5pm; Fri 11am-4pm; Sat 8am-12pm; Sun Closed,,,True,False,False,False,,,False,True,,,false,false,"[""https://s3-media0.fl.yelpcdn.com/bphoto/egr_ZeyPYwzreAbcic9cYw/l.jpg""]","Archery range located in LeRoy, NY.",LeRoy,New York
96b1d598-a1a1-40b9-b80b-b22a1c4b641f,Cache Archers,cache-archers-ut,club,active,False,,,,,,,http://www.cachearchers.net/,,,,False,False,False,False,,,False,False,,,false,false,"[""state-range-photos/utah/Cache Archers (Logan).jpg""]","Archery range located in Logan, UT.",Logan,Utah
332e0ab9-f766-494f-b47c-8a15a80b3909,Cadillac Area Archers,cadillac-area-archers-mi,volunteer_club,active,False,"7545 E34 Rd, Cadillac",49601,44.2817438,-85.4265147,+12317793772,,,,,,False,False,False,False,,,False,False,,,false,false,"[""state-range-photos/michigan/Cadillac Area Archers (CADILLAC).jpg""]","Archery range located in CADILLAC, MI.",CADILLAC,Michigan
d3db6243-870e-4111-acf3-54dcee10b5f2,Cajah Mountain Archery Club,cajah-mountain-archery-club-nc,volunteer_club,active,False,2025 Craig Rd,28645,,,+18287296031,johnhoneycutt0204@gmail.com,,,,,False,False,False,False,,,False,False,,,false,false,"[""state-range-photos/north-carolina/Cajah Mountain Archery Club (Lenoir).jpg""]",ASA-affiliated 3D archery club. Contact: John Honeycutt.,Lenoir,North Carolina
48e63567-f1eb-4881-b1ff-b5f178c5e9eb,Cal Poly Humboldt,cal-poly-humboldt-ca,volunteer_club,active,False,1 Harpst Street,95521,,,,archers@humboldt.edu,https://www.humboldt.edu/campus-recreation/recreational-sports/clubs/archery,,,,False,False,False,False,,,False,False,,,false,false,"[""state-range-photos/california/Cal Poly Humboldt (Arcata).jpg""]","Archery range located in Arcata, CA.",Arcata,California
f44579cd-ee48-4348-85ae-c824b3f774ca,Calhoun Outdoor Public Archery Range,calhoun-outdoor-public-archery-range-mn,public,active,False,3763 Richfield Rd,55410,,,,,,,,,False,False,False,False,,,False,False,,,false,false,"[""state-range-photos/minnesota/Calhoun Outdoor Public Archery Range (Minneapolis).jpg""]","Archery range located in Minneapolis, MN.",Minneapolis,Minnesota
a043f7f8-846c-44d5-8204-1f80734369c3,California Archery Center,california-archery-center-ca,hybrid,active,False,440 Marathon Ave,95008,,,408-210-2655,danielgtibbetts1@gmail.com,http://calfencingacademy.com,,,,False,False,False,False,,,False,False,,,false,false,"[""state-range-photos/california/California Archery Center (Campbell).jpg""]","USA Archery affiliated club. Programs: Junior Olympic Archery Development (JOAD), Adult Archery Program",Campbell,California
02affa77-2c6c-4f24-a49d-88ad63e3e8b4,California Indoor Archers,california-indoor-archers-ca,hybrid,active,False,"1300 Kingsdale Avenue, Redondo Beach CA 90278",90278,,,(855) 467-2260,contact@southbayarcherylessons.com,http://southbayarcherylessons.com,,,,False,False,False,False,,,False,True,,,false,false,"[""https://www.southbayarcherylessons.com/wp-content/uploads/2017/05/20170527_0932170-wp.jpg""]","USA Archery affiliated club. Programs: Junior Olympic Archery Development (JOAD), Adult Archery Program, Field Archery",Redondo Beach,California
46d56ded-1a77-42a0-8bea-b7fe0326b43e,Camas Prairie Bowmen,camas-prairie-bowmen-id,volunteer_club,active,False,"Camas Prairie Bowmen, Idaho 83530",83530-0102,45.8857185,-116.1122168,,camasprairiebowmen@gmail.com,,,,,False,False,False,False,,,False,False,,,false,false,"[""state-range-photos/idaho/Camas Prairie Bowmen (GRANGEVILLE).jpg""]","Archery range located in GRANGEVILLE, ID.",GRANGEVILLE,Idaho
aa82af5e-0fdc-4ece-a603-375b4e7d8b7f,Cambria Bowhunters,cambria-bowhunters-wy,volunteer_club,active,False,35 Castle Creek Rd,82701,44.0909836,-104.0694673,,cambriabowhunters@hotmail.com,https://www.cambriabowhunters.com/,,,,False,False,False,False,,,False,False,,,false,false,"[""state-range-photos/wyoming/Cambria Bowhunters (Newcastle).jpg""]","Archery range located in Newcastle, WY.",Newcastle,Wyoming
1719647a-b67a-490f-8b3e-7b6a14208044,Canadian River Archery & Gun Club,canadian-river-archery-gun-club-tx,club,active,False,10001 OLD STINNETT HWY,79007,,,+18062735243,jmartinezconsult@gmail.com,,,,,False,False,False,False,,,False,False,,,false,false,"[""https://s3-media0.fl.yelpcdn.com/bphoto/HqWt422zlM8KxI3JF720Sw/1000s.jpg""]",ASA-affiliated archery club. Status: Expired 2025,Borger,Texas
55f96ac5-7c18-4218-9610-c3c87cc324d1,Cape Fear Bowhunters,cape-fear-bowhunters-nc,club,active,False,,,,,+19102853356,,,,,,False,False,False,False,,,False,False,,,false,false,"[""state-range-photos/north-carolina/Cape Fear Bowhunters (Watha).jpg""]","Archery range located in Watha, NC.",Watha,North Carolina
914f81af-9d0b-4373-9372-72e282699614,Capital Area Sportsmen's League,capital-area-sportsmen-s-league-mi,volunteer_club,active,False,7534 OLD RIVER TRAIL,48917,42.7596738,-84.6608086,(517) 627-6982,info.capitalarea@gmail.com,https://www.micasl.org/,Indoor archery 24/7 members only,,,False,False,False,False,$225/yr + $75 initiation,,False,False,,,false,false,"[""state-range-photos/michigan/Capital Area Sportsmens League (Lansing).jpg""]","Archery range located in LANSING, MI.",Lansing,Michigan
163546ba-a5c6-473a-943e-92a3ab4ea223,Capitol City Bowmen,capitol-city-bowmen-wa,volunteer_club,active,False,14318 Littlerock Rd SW,98579,46.8788657,-123.0202889,+13603578238,info@capcitybowmen.org,https://www.ccbclub.org/,,,,False,False,False,False,,,False,False,,,false,false,"[""state-range-photos/washington/Capitol City Bowmen (Rochester).jpg""]","Archery range located in Rochester, WA.",Rochester,Washington
967e0dc0-d77e-423c-94f7-b4088a7d5853,Carbon Tech Arrows,carbon-tech-arrows-az,commercial,active,False,549 E Silver Creek Rd,85296,,,,rick@carbontecharrows.com,https://www.carbontecharrows.com,,,,False,False,False,False,,,False,False,,,false,false,"[""https://images.unsplash.com/photo-1574607774561-e645c79a2478?w=800&h=400&fit=crop""]","Archery range located in Gilbert, AZ.",Gilbert,Arizona
96ff9ff5-0322-44ad-a417-83b8d773d0fd,Carolina Bullseyes,carolina-bullseyes-nc,hybrid,active,False,"7711 Welborn St, Unit 109",27615,,,(919) 977-6299,john@lifetimearchery.com,http://www.lifetimearchery.com,,,,False,False,False,False,,,True,True,,,false,false,"[""https://images.unsplash.com/photo-1574607774561-e645c79a2478?w=800&h=400&fit=crop""]","USA Archery affiliated club. Programs: Junior Olympic Archery Development (JOAD), Adult Archery Program",Raleigh,North Carolina
bfbe4ad6-e11f-4a71-9231-bfee09aa8dca,Carolina Traditional Archers,carolina-traditional-archers-nc,club,active,False,,,,,,,https://thecta.org/,,,,False,True,False,False,,,False,False,,,false,false,"[""state-range-photos/north-carolina/Carolina Traditional Archers (Cherryville).jpg""]","Archery range located in Cherryville, NC.",Cherryville,North Carolina
94e1fe25-a181-49e6-9ded-e34e376d761c,Carroll County Bowhunters,carroll-county-bowhunters-mo,volunteer_club,active,False,12 S Monroe St.,64633,,,+13145187986,julgriggs@gmail.com,,,,,False,False,False,False,,,False,False,,,false,false,"[""state-range-photos/missouri/Carroll County Bowhunters (Carrollton).jpg""]",ASA-affiliated 3D archery club. Contact: Julie Griggs.,Carrollton,Missouri
f29f3307-45b0-4a49-bc43-65b28bbe9b80,Carter Park Spring,carter-park-spring-tx,public,active,False,7221 Treaschwig Rd,77373,,,+17132740930,,,,,,False,False,False,False,,,False,False,,,false,false,"[""https://archerydirectory.com/wp-content/uploads/2025/07/Carter-Park-Spring-TX-768x545.png""]","Archery range located in Spring, TX.",Spring,Texas
7d01da22-0f08-447d-8073-5f58da33136b,Carter's Country Pasadena,carter-s-country-pasadena-tx,commercial,active,False,2120 Shaver St,77502,,,+17134752222,,https://carterscountry.com,,,,False,False,False,False,,,False,False,,,false,false,"[""https://cdn.businessyab.com/assets/uploads/8e7f509b8321e6415154ca18d3fa9cc6_-united-states-texas-harris-county-pasadena-shaver-street-2120-carters-country.jpg""]","Archery range located in Pasadena, TX.",Pasadena,Texas
66d9ca37-ff4d-4af6-ae20-041e65312426,Carter's Country Spring,carter-s-country-spring-tx,commercial,active,False,6231 Treaschwig Rd,77373,,,281-443-8393,,https://carterscountry.com/,,,,False,False,False,False,,,False,False,,,false,false,"[""https://archerydirectory.com/wp-content/uploads/2025/07/Carters-Country-Spring-TX.png""]","Archery range located in Spring, TX.",Spring,Texas
685496a2-b075-46eb-b01c-c26567f6706e,Carteret County Parks and Recreation,carteret-county-parks-and-recreation-nc,volunteer_club,active,False,1702 Live Oak St.,28516,,,,mable.worthington@carteretcountync.gov,http://carteretcountync.gov,,,,False,False,False,False,,,False,False,,,false,false,"[""https://images.unsplash.com/photo-1574607774561-e645c79a2478?w=800&h=400&fit=crop""]","Archery range located in Beaufort, NC.",Beaufort,North Carolina
bfca05d1-a64a-41c7-b4ed-9a16894cec1c,Cary Archery,cary-archery-nc,hybrid,active,False,801 High House Road,27513,,,+19194623970,christopher.hill@carync.gov,,,,,False,False,False,False,,,False,False,,,false,false,"[""state-range-photos/north-carolina/Cary Archery (Cary).jpg""]","USA Archery affiliated club. Programs: Junior Olympic Archery Development (JOAD), Adult Archery Program",Cary,North Carolina
64602166-6bcc-4011-9625-fa033fff9b46,Cascadian Bowmen,cascadian-bowmen-or,volunteer_club,active,False,91714 Poodle Creek Rd,97461,44.1456019,-123.434223,(541) 998-3871,membership@cascadianbowmen.org,,,,,False,True,True,True,,,False,False,,,"Wheelchair accessible: flush toilet bathroom, indoor range ramp, level outdoor practice range, Cougar Trail accessible for battery-powered wheelchair",false,"[""state-range-photos/oregon/Cascadian Bowmen (Noti).jpg""]","Archery range located in Noti, OR.",Noti,Oregon
6db66af4-af72-4d98-b6d0-0199785fabe4,Catamount Bowhunters,catamount-bowhunters-vt,commercial,active,False,"112 Fuller Rd West, Bennington, VT 05201",05201,,,,,,,,,False,False,False,False,,,False,False,,,false,false,"[""state-range-photos/vermont/Catamount Bowhunters (Bennington).jpg""]",IBO pro shop (IBO directory).,Bennington,Vermont
5f417d66-c8ea-4dd6-9eec-a8b17eda7688,Catoosa County Explore Archery,catoosa-county-explore-archery-ga,volunteer_club,active,False,749 Pine Grove Rd,30736,,,(706) 891-4199,Parkandrec@catoosacountyga.gov,http://www.catoosarec.com,,,,False,False,False,False,,,False,False,,,false,false,"[""state-range-photos/georgia/Catoosa County Explore Archery (Ringgold).jpg""]","Archery range located in Ringgold, GA.",Ringgold,Georgia
15f02866-055f-40f6-899c-6f3a89b3f433,Cedar River Bowmen,cedar-river-bowmen-wa,commercial,active,False,"37892 Enumclaw Franklin Road SE Enumclaw, WA. 98022",98022,,,,contact@cedarriverbowmen.org,https://cedarriverbowmen.org/,,,,False,False,False,False,,,False,False,,,false,false,"[""state-range-photos/washington/Cedar River Bowmen (Enumclaw).jpg""]",IBO pro shop (IBO directory).,Enumclaw,Washington
255d88d0-cee7-4ca3-b5db-ce81b8402ab8,Center 5 Outdoors,center-5-outdoors-va,club,active,False,13564 Jefferson Ave,23603,,,+17578103398,center5outdoors@gmail.com,,,,,False,False,False,False,,,False,False,,,false,false,"[""state-range-photos/virginia/Center 5 Outdoors (Newport News).jpg""]",ASA-affiliated archery club. Status: Expired 2025,Newport News,Virginia
4a4e8e01-9759-4cf2-8d0d-9e29a5ef8962,Center Shot Archers,center-shot-archers-ny,hybrid,active,False,"1144 Sterling Place, 1st",11213,,,,rfurtick@optonline.net,http://www.centershotarchers.org,,,,False,False,False,False,,,False,False,,,false,false,"[""https://centershotarchers.org/wp-content/uploads/2022/06/20220415_190656.jpg?w=640""]","USA Archery affiliated club. Programs: Junior Olympic Archery Development (JOAD), Adult Archery Program",BROOKLYN,New York
1d7a7c55-3743-4c94-8b0d-bd98b5940fd3,Center Sports Outfitters,center-sports-outfitters-ct,volunteer_club,active,False,3 Orlando Dr RT 66,06237,41.7136573,-72.2868724,,,,,,,False,False,False,False,,,False,False,,,false,false,"[""https://d14tal8bchn59o.cloudfront.net/MHF4tq92KYd6RLRT0h9D1Cg5CNWYAIwGSV_g8tkgKeE/rs:fill:1400:933:1/plain/https://02f0a56ef46d93f03c90-22ac5f107621879d5667e0d7ed595bdb.ssl.cf2.rackcdn.com/sites/85430/photos/21204669/r3_static_range_original.png""]","Archery range located in Columbia, CT.",Columbia,Connecticut
0e2a6d14-79e9-477b-86bd-8db356a35652,Central Arkansas Bowhunters,central-arkansas-bowhunters-ar,volunteer_club,active,False,331 Clinton Road,72032,,,+15012315128,cabark1976@gmail.com,,,,,False,False,False,False,,,False,False,,,false,false,"[""state-range-photos/arkansas/Central Arkansas Bowhunters (Conway).jpg""]",ASA-affiliated 3D archery club. Contact: Roy Richards.,Conway,Arkansas
d65107c5-13be-45bb-8a19-ed0a42fb6fcc,Central Coast Archery,central-coast-archery-ca,volunteer_club,active,False,12334 Los Osos Valley Rd,93405,,,,scottw500@gmail.com,https://centralcoastarchery.com,"Monday 10-4, Tuesday 10-4, Wednesday 10-6, Thursday 10-6, Friday 10-4, Saturday 10-4, Sunday Closed",,,True,False,False,False,,,True,True,,,false,false,"[""https://archerylessons.info/ranges/wp-content/uploads/2024/09/2024-11-01-3-1024x683.jpg""]","Archery range located in San Luis Obispo, CA.",San Luis Obispo,California
718fb5a3-7c58-443a-9e10-53c301236d82,Central Florida Archers,central-florida-archers-fl,volunteer_club,active,False,5990 Hwy 17 South,00000,27.7224451,-81.8018742,,H.Bauloc@gmail.com,http://www.centralfloridaarchers.com,,,,False,False,False,False,,,False,False,,,false,false,"[""state-range-photos/florida/Central Florida Archers (Ft Meade).jpg""]","Archery range located in Ft Meade, FL.",Ft Meade,Florida
d70c0bb9-3fec-4ba9-baf2-6fcfc07cad4d,Central Kentucky JOAD,central-kentucky-joad-ky,hybrid,active,False,Georgetown,40324,,,,fortuosity@hotmail.com,http://CKyJOAD.com,,,,False,False,False,False,,,False,False,,,false,false,"[""state-range-photos/kentucky/Central Kentucky JOAD (Georgetown).jpg""]",USA Archery affiliated club. Programs: Junior Olympic Archery Development (JOAD),Georgetown,Kentucky
f9b279b3-e276-4f71-86a3-ae1c8e341062,Central Michigan Sportsman Club,central-michigan-sportsman-club-mi,volunteer_club,active,False,4391 E. Stanton Rd,48888,,,,CentralMichiganSportsmanClub@gmail.com,https://www.centralmichigansportsmansclub.org/,,,,False,False,False,False,,,False,False,,,false,false,"[""state-range-photos/michigan/Central Michigan Sportsman Club (Stanton).jpg""]",ASA-affiliated 3D archery club. Contact: Terry Doolittle.,Stanton,Michigan
703eb47e-8be6-435d-8624-0d3b61d55cdc,Central Mississippi Archery,central-mississippi-archery-ms,club,active,False,,,,,,,,,,,False,False,False,False,,,False,False,,,false,false,"[""state-range-photos/mississippi/Central Mississippi Archery (Jackson).jpg""]","Archery range located in Jackson, MS.",Jackson,Mississippi
5384da93-70fc-44e7-a365-ccfa84f59a4f,Central Oahu Archers,central-oahu-archers-hi,volunteer_club,active,False,94 Kamehameha Hwy,96797,21.4159484,-158.0075087,,centraloahu23@gmail.com,https://www.centraloahuarchers.com/,,,,False,False,True,False,,,False,False,,,false,false,"[""state-range-photos/hawaii/Central Oahu Archers (Waipahu).jpg""]","Archery range located in Waipahu, HI.",Waipahu,Hawaii
e47b8a39-5ae4-4db3-9bd1-df7a658116ad,Central Texas Archery,central-texas-archery-tx,commercial,active,False,5400 E. Howard Lane,78653,,,+15124313318,kat@centraltexasarchery.org,https://centraltexasarchery.org/,,,,False,False,False,False,,,False,False,,,false,false,"[""https://s3-media0.fl.yelpcdn.com/bphoto/D-7z7-2kaEiWvCx7jS3sag/o.jpg""]","Archery range located in Manor, TX.",Manor,Texas
d25c2ad3-04ba-4220-93af-1d5354672671,Central Texas Archery Austin,central-texas-archery-austin-tx,commercial,active,False,12420 Hewitt Ln,78748,,,+15124313318,info@centraltexasarchery.org,,,,,False,False,False,False,,,False,False,,,false,false,"[""https://i.ytimg.com/vi/_sDkPsJ2om4/maxresdefault.jpg""]","Archery range located in Austin, TX.",Austin,Texas
05a1e102-e7c0-47b1-a2b4-250a283e4a85,Central Texas Archery of Austin,central-texas-archery-of-austin-tx,hybrid,active,False,5400 E Howard Lane,78653,,,,Info@CentralTexasArchery.org,http://www.centraltexasarchery.org,,,,False,False,False,False,,,False,False,,,false,false,"[""https://dynamic-media-cdn.tripadvisor.com/media/photo-o/1a/80/da/dc/4p-first-timer-class.jpg?w=1200&h=1200&s=1""]","USA Archery affiliated club. Programs: Junior Olympic Archery Development (JOAD), Adult Archery Program",Manor,Texas
1ba21f7f-507e-46e1-b77f-0c971bf7c663,Champaign Archery,champaign-archery-il,hybrid,active,False,1816 Glenn Park Dr,61821-2400,,,(217) 355-9229,grace@kokushimidwest.com,https://champaignarchery.com,,,,True,False,False,False,,,False,True,,,false,false,"[""state-range-photos/illinois/Champaign Archery (Champaign).jpg""]",USA Archery affiliated club. Programs: Junior Olympic Archery Development (JOAD),Champaign,Illinois
6e2c5cff-27f7-40c8-a0c3-93156c4a2010,Champaign County Shooting Academy,champaign-county-shooting-academy-oh,volunteer_club,active,False,2506 South U.S. Highway 68,43078,,,,champaignshootingacademy@gmail.com,http://champaignshootingacademy.org,,,,False,True,False,False,,,False,False,,,false,false,"[""state-range-photos/ohio/Champaign County Shooting Academy (Urbana).jpg""]","Archery range located in Urbana, OH.",Urbana,Ohio
de23928a-94ad-4352-8664-86708f3d3456,Champion Archery & Shooting Club,champion-archery-shooting-club-wa,volunteer_club,active,False,10854 117th Pl NE,98033-5051,47.698271,-122.1843953,(425) 900-9487,championarcheryshooting@gmail.com,https://www.championarcheryshootingclub.com,"Mon/Wed-Fri 2pm-9pm, Tue 6pm-9pm (members only), Sat 11am-7pm, Sun 11am-6pm",,,False,False,False,False,,,False,True,,,false,false,"[""https://static.wixstatic.com/media/3c8efa_548e65cdbc1c4d05bed17a5cc5e4c00e~mv2.png/v1/fill/w_980,h_735,al_c,q_90,usm_0.66_1.00_0.01,enc_avif,quality_auto/3c8efa_548e65cdbc1c4d05bed17a5cc5e4c00e~mv2.png""]","Archery range located in Kirkland, WA.",Kirkland,Washington
d200e245-feae-4b0f-8587-c50cddd5249c,Charleroi Archery Club,charleroi-archery-club-pa,volunteer_club,active,False,194 FREMONT RD,15022,40.1408836,-79.9181552,+17244894777,,,,,,False,False,False,False,,,False,False,,,false,false,"[""state-range-photos/pennsylvania/Charleroi Archery Club (CHARLEROI).jpg""]","Archery range located in CHARLEROI, PA.",CHARLEROI,Pennsylvania
0ef194d7-fff5-4a76-be40-0dac1fe866fe,Chelsea Archery Club,chelsea-archery-club-al,volunteer_club,active,False,11101 Hwy 47,35043,,,,philcarter713@yahoo.com,https://www.cityofchelsea.com/356/Archery,,,,False,True,False,False,,,False,True,$125 for an eight-week course,,false,false,"[""https://images.unsplash.com/photo-1574607774561-e645c79a2478?w=800&h=400&fit=crop""]",ASA-affiliated 3D archery club. Contact: Phil  Carter.,Chelsea,Alabama
57904d51-b0a1-4672-a2a5-335a93c44c6c,Chequamegon Archery Club,chequamegon-archery-club-wi,volunteer_club,active,False,3501 McDonald Rd,54806,46.600476,-90.8250429,715-816-4476,chequamegonarcheryclub@gmail.com,https://cacashland.weebly.com/,,,,False,True,True,True,$20 single / $30 family annual,,False,False,,,false,false,"[""state-range-photos/wisconsin/Chequamegon Archery Club (Ashland).jpg""]","Archery range located in Ashland, WI.",Ashland,Wisconsin
411a1867-7306-4369-b5ab-a652c8fd2c1f,Cherokee Bowhunters,cherokee-bowhunters-mo,volunteer_club,active,False,18050 Parrot Rd,64850,,,+12515977213,jcowart1181@gmail.com,,,,,False,False,False,False,,,False,False,,,false,false,"[""state-range-photos/missouri/Cherokee Bowhunters (Neosho).jpg""]",ASA-affiliated 3D archery club. Contact: Jon Cowart.,Neosho,Missouri
8f681e71-92d1-4fb8-8dc9-888c4611cd13,Cherokee Bowhunters Club,cherokee-bowhunters-club-tn,commercial,active,False,,37683,,,+14232133730,nthnwinters@yahoo.com,,,,,False,False,False,False,,,False,False,,,false,false,"[""https://images.unsplash.com/photo-1574607774561-e645c79a2478?w=800&h=400&fit=crop""]",IBO pro shop (IBO directory).,Mountain City,Tennessee
749adf51-c90a-419d-9238-a58785fbdf3e,"Cherokee Bowhunters Club, Inc",cherokee-bowhunters-club-inc-tn,volunteer_club,active,False,394 Trout Run Rd,37680,,,+14232912414,nthnwinters@yahoo.com,,,,,False,False,False,False,,,False,False,,,false,false,"[""https://i.ytimg.com/vi/QOjlTBucUr4/maxresdefault.jpg""]",ASA-affiliated 3D archery club. Contact: Nathan Winters.,Laurel Bloomery,Tennessee
ba3d714c-c8da-44ad-ad1d-314289374014,Cherokee Strip Archers,cherokee-strip-archers-ok,club,active,False,1201 W. Willow Rd,73703,,,+15804217273,,,,,,False,False,False,False,,,False,False,,,false,false,"[""state-range-photos/oklahoma/Cherokee Strip Archers (Enid).jpg""]","Archery range located in Enid, OK.",Enid,Oklahoma
d4f44340-9001-471c-ab1b-f393f721fdd9,Cherry Valley Bowhunters,cherry-valley-bowhunters-ca,volunteer_club,active,False,38061 Kehl Canyon Rd.,92223,,,,msmswagner@verizon.net,https://cherryvalleybowhunters.com,,,,False,False,False,False,,,False,False,,,false,false,"[""https://i.ytimg.com/vi/tS1GgmMFnUQ/maxresdefault.jpg""]","Archery range located in Cherry Valley, CA.",Cherry Valley,California
c14769aa-a5a8-4668-8b35-e546621ac7c9,Cherry Valley Bowhunters Inc,cherry-valley-bowhunters-inc-ca,volunteer_club,active,False,"9610 Kehl Canyon Rd, Cherry Valley CA 92223",92223,33.9797551,-116.994417,909.810.6738,jkgriep@yahoo.com,http://www.cherryvalleybowhunters.com,,,,False,True,False,False,"$150 (new individual, first year); $175 (new family, first year)",,False,True,,,false,false,"[""https://i.ytimg.com/vi/tS1GgmMFnUQ/maxresdefault.jpg""]","Archery range located in Cherry Valley, CA.",Cherry Valley,California
1e6eecf4-ffa6-4813-aeec-2c0239db050c,Cheshire County Shooting Sports Education Foundation,cheshire-county-shooting-sports-education-foundation-nh,club,active,False,268 Ferry Brook Rd,,,,(603) 352-8563,gm@ccssef.org,https://www.ccssef.org/,Outdoor shooting: 8AM to sundown (half hour after sunset). Office Mon/Wed/Fri 10am-3pm.,,,False,True,False,True,$175 regular (incl spouse and children under 18); Archery Only $80; Senior $125,,False,False,,,false,false,"[""state-range-photos/new-hampshire/Cheshire County Shooting Sports Education Foundation (Sullivan).png""]","Archery range located in Sullivan, NH.",Sullivan,New Hampshire
be2eec74-471f-4e74-b4a0-905cc51542d8,Chester Bowhunters Club,chester-bowhunters-club-oh,club,active,False,"44781 Pomeroy Pike, Racine, OH 45771",,,,740-516-4103,,http://www.chesterbowhunters.com,,,,False,True,True,False,,,False,True,,,false,false,"[""https://www.ohioarchers.com/clubs/chester2.jpg""]","Archery range located in Racine, OH.",Racine,Ohio
62e484eb-047e-4371-86b7-79b444397e62,Chesterfield fish and game club,chesterfield-fish-and-game-club-ny,hybrid,active,False,359 Green Street,12944,,,518-645-6391,jeffgavaletz@hotmail.com,http://www.chesterfieldrange.com,,,,False,True,False,False,$70/year (individual or family),,False,True,,,false,false,"[""http://chesterfieldrange.com/resources/club-welcome.jpg""]",USA Archery affiliated club. Programs: Junior Olympic Archery Development (JOAD),Keeseville,New York
c588b581-8235-416b-8f67-fa485d3ead40,Chestnut Hill Field Archers,chestnut-hill-field-archers-pa,commercial,active,False,,19543,,,,,,,,,False,False,False,False,,,False,False,,,false,false,"[""https://archerycompass.com/wp-content/uploads/2023/12/Chestnut-Hill-Archery-Club-Featured-image.jpg""]",IBO pro shop (IBO directory).,Morgantown,Pennsylvania
f95e0094-e5fb-49be-bb21-3ad37f776d2e,Cheyenne Field Archers,cheyenne-field-archers-wy,volunteer_club,active,False,7415 Archies Rd,82001,41.1461667,-104.7196015,,cheyennefieldarchers@yahoo.com,https://cheyennefieldarchers.com/,,,,False,False,False,True,,,False,False,,,false,false,"[""state-range-photos/wyoming/Cheyenne Field Archers (Cheyenne).jpg""]","Archery range located in Cheyenne, WY.",Cheyenne,Wyoming
a7558686-bc96-4864-9e09-cdc6bcaa1935,Chia Archery,chia-archery-ca,hybrid,active,False,25762 Cloverfield Court,94552,,,,chia.archery@gmail.com,http://chiaarchery.com,,,,False,False,False,False,,,False,False,,,false,false,"[""state-range-photos/california/Chia Archery (Castro Valley).jpg""]",USA Archery affiliated club. Programs: Junior Olympic Archery Development (JOAD),Castro Valley,California
73a256ec-1fdc-4ddc-ab49-ec0c64933fd5,Chicago Archery,chicago-archery-il,commercial,active,False,"530 S. Milwaukee Ave, Wheeling, IL 60090",,,,(847) 777-1006,info@chicagoarchery.com,https://chicagoarchery.com/,,,,False,False,False,False,,,False,True,,,false,false,"[""https://dynamic-media-cdn.tripadvisor.com/media/photo-o/1a/88/fd/cf/group-lessons.jpg?w=1200&h=1200&s=1""]","Archery range located in Wood Dale, IL.",Wood Dale,Illinois
875a58bd-9d89-4aa1-891e-97e692908847,Chicago Archery Club,chicago-archery-club-il,hybrid,active,False,"OUTDOORS: A Field in Washington Park, (CPD) at East 58th Street (Extended), between Payne Drive and South Cottage Grove Boulevard, Chicago, Illinois 60637, INDOORS: The Basement of Hamilton Park, (CPD) at 513 West 72nd Street / 72nd Normal, Chicago, Illinois 60621",60637,,,,info@chicagoarcheryclub.org,http://www.chicagoarcheryclub.org/,,,,False,False,False,False,,,False,False,,,false,false,"[""https://www.chicagoarcheryclub.org/s/cc_images/teaserbox_954177210.jpg?t=1539059665""]","USA Archery affiliated club. Programs: Junior Olympic Archery Development (JOAD), Adult Archery Program",Chicago,Illinois
a779c65d-3434-434b-a8e1-a9061095a18e,Chicago Bow Hunters Target Archery,chicago-bow-hunters-target-archery-il,hybrid,active,False,320 Charlestown Dr.,60440,,,(630) 759-8770,chicagobowhuntersinc@gmail.com,http://www.chicagobowhunters.com,,,,False,False,False,False,,,False,False,,,false,false,"[""state-range-photos/illinois/Chicago Bow Hunters Target Archery (Bolingbrook).jpg""]","USA Archery affiliated club. Programs: Junior Olympic Archery Development (JOAD), Adult Archery Program, 3D Archery, Field Archery",Bolingbrook,Illinois
1b71018c-ee59-4a1e-ba39-2f2c3032ebf3,Chickasaw Archery Club,chickasaw-archery-club-ky,volunteer_club,active,False,800 Pitts Point Road,40165,37.9918283,-85.757352,502-921-3007,rkjeffries76@gmail.com,https://chickasawarcheryclub.com,,,,False,True,True,False,,,False,False,,,false,false,"[""https://chickasawarchery.com/uplimg/gallery_lg/0EC51465-7D1F-465D-8147-B5ACACF7679B.jpg""]","Archery range located in Shepherdsville, KY.",Shepherdsville,Kentucky
0c8aa110-ee6d-4c80-9e47-f0bcda60ee0b,Chief Logan Archers,chief-logan-archers-pa,club,active,False,1171 Decker Hollow Rd,16686,,,+18149340391,sarahdick20@outlook.com,,,,,False,False,False,False,,,False,False,,,false,false,"[""state-range-photos/pennsylvania/Chief Logan Archers (Tyrone).jpg""]",ASA-affiliated archery club. Status: Expired 2025,Tyrone,Pennsylvania
5efaf3a5-9b7a-492f-b1e5-b0b2e6ea699a,Chieftain Archery Club,chieftain-archery-club-pa,volunteer_club,active,False,4711 Leechburg Rd,15068,40.6152815,-79.662267,(724) 335-7135,contact@chieftainarchery.org,https://www.chieftainarchery.org/,Mon JOAD 6:00-8:00 PM; Tue Flint Round 6:00-8:00 PM; Tue Troop 501 Scouts 7:00-8:30 PM; Thu Open Shoot 6:00-8:00 PM; Fri Youth Shoot 6:00-9:00 PM; Jan-Mar season,,,False,False,False,False,,,False,False,,,false,false,"[""https://images.unsplash.com/photo-1574607774561-e645c79a2478?w=800&h=400&fit=crop""]","Archery range located in New Kensington, PA.",New Kensington,Pennsylvania
0689025c-c8d3-40ea-ab59-c06f81de7538,Chinook Archers,chinook-archers-wa,volunteer_club,active,False,18821 NE Fourth Plain Rd,98682,45.66494,-122.481875,,,https://chinookarchers.net/,,,,False,False,False,False,,,False,False,,,false,false,"[""https://chinookarchers.net/wp-content/uploads/2025/10/ca-hero-img-2a.jpg""]","Archery range located in Vancouver, WA.",Vancouver,Washington
051ffd94-cc77-47e5-ad9a-cf7643901f2f,Chippewa Bowhunters Club,chippewa-bowhunters-club-wi,club,active,False,3181 180th St,,,,,,http://www.chippewabowhunters.com,,,,False,True,True,True,,,False,False,,,false,false,"[""https://images.unsplash.com/photo-1574607774561-e645c79a2478?w=800&h=400&fit=crop""]",,,Wisconsin
2e8d808a-61aa-403e-9ba7-2420051f5b62,Christian Archers of Kentucky,christian-archers-of-kentucky-ky,club,active,False,,,,,+18593512060,,,,,,False,False,False,False,,,False,False,,,false,false,"[""state-range-photos/kentucky/Christian Archers of Kentucky (unknown).jpg""]",,,Kentucky
ed77406c-fc34-495a-93e0-611afc4f9dfc,Cincinnati Jr Olympians,cincinnati-jr-olympians-oh,hybrid,active,False,5327 Bethany Rd,45040,,,(513) 383-8220,cincyjrolympians@aol.com,http://www.cincyjrolympians.com,,,,False,False,False,False,,,False,False,,,false,false,"[""state-range-photos/ohio/Cincinnati Jr Olympians (Mason).jpg""]","USA Archery affiliated club. Programs: Junior Olympic Archery Development (JOAD), Adult Archery Program, 3D Archery, Field Archery",Mason,Ohio
141d264d-bae4-4e4a-a2a8-721d7fd7d882,Cinnamon Creek Ranch,cinnamon-creek-ranch-tx,volunteer_club,active,False,13794 Old Denton Rd,76262,32.978553,-97.2955947,(817) 491-9330,nola@cinnamoncreekranch.com,https://www.cinnamoncreekranch.com/,Open daily; see website for seasonal hours,,,True,True,True,False,,,True,True,,,false,false,"[""https://static.wixstatic.com/media/39ce8a_447c7bec785b45b39282cbf39544e958~mv2.jpg/v1/fill/w_490,h_327,al_c,q_80,usm_0.66_1.00_0.01,enc_avif,quality_auto/39ce8a_447c7bec785b45b39282cbf39544e958~mv2.jpg""]","Archery range located in Roanoke, TX.",Roanoke,Texas
474ef34e-e551-481f-b794-546af14392c2,Citrus Archery Club,citrus-archery-club-fl,club,active,False,14097 Irving Street,34609,,,,citrusarchery@yahoo.com,http://www.citrusarchery.com,"Mon Closed, Tue-Sun 09:00 am-06:00 pm (Members & Guests only; range closed during events)",,,False,False,False,False,,,False,False,,,false,false,"[""https://s7d2.scene7.com/is/image/TWCNews/DSC_0019-1""]","Archery range located in Spring Hill, FL.",Spring Hill,Florida
40e9bb65-7ef6-441e-8ad9-99c5e968dadc,City of Carrollton Parks & Rec Department,city-of-carrollton-parks-rec-department-tx,volunteer_club,active,False,1610 E Crosby,75006,,,,grant.carver@cityofcarrollton.com,http://www.cityofcarrollton.com,,,,False,False,False,False,,,False,False,,,false,false,"[""state-range-photos/texas/City of Carrollton Parks  Rec Department (Carrollton).jpg""]","Archery range located in Carrollton, TX.",Carrollton,Texas
649b2942-a9be-4fe9-b405-d1a600959eb2,City of Wetumpka Sports Complex,city-of-wetumpka-sports-complex-al,public,active,False,2350 Coosa River Pkwy,36092,,,334-731-8475,,https://www.wetumpkaal.gov/parks-recreation,,,,False,False,False,False,,,False,False,,,false,false,"[""https://images.unsplash.com/photo-1574607774561-e645c79a2478?w=800&h=400&fit=crop""]","Archery range located in Wetumpka, AL.",Wetumpka,Alabama
6adde808-726e-4b2a-8c9e-1cff1b5c50a1,CJ ARCHERY ACADEMY,cj-archery-academy-tx,volunteer_club,active,False,"720 S Bell Blvd, Unit 1B",78613-7667,,,949-536-4413,cjarcheryacademy@gmail.com,http://www.cjarcheryacademy.com,"Tue-Fri 3pm-8pm, Sat 10am-6pm, Sun 12pm-5pm",,,False,False,False,False,,,False,True,,,false,false,"[""https://s3-media0.fl.yelpcdn.com/bphoto/b0u7fMLTPP__hIONeTrWoA/o.jpg""]","Archery range located in Cedar Park, TX.",Cedar Park,Texas
1f3bd7e5-b5fc-4632-9b79-15d823197c98,Clairton Joad,clairton-joad-pa,hybrid,active,False,1614 Mohrbach Street,15207,,,,ram32092@comcast.net,http://Clairtonsc.org,,,,False,False,False,False,,,False,False,,,false,false,"[""state-range-photos/pennsylvania/Clairton Joad (Pittsburgh).jpg""]","USA Archery affiliated club. Programs: Junior Olympic Archery Development (JOAD), Adult Archery Program",Pittsburgh,Pennsylvania
a2b28d76-4537-4eb8-ae80-02a8e1a5db32,Clark County Shooting Complex Archery Range,clark-county-shooting-complex-archery-range-nv,public,active,False,"3150 Paradise Road Las Vegas, NV 89109",,,,,,https://www.clarkcountynv.gov/government/departments/parks___recreation/shooting_complex/,,,,False,False,False,False,,,False,False,,,false,false,"[""state-range-photos/nevada/Clark County Shooting Complex Archery Range (Las Vegas).jpg""]","Archery range located in Las Vegas, NV.",Las Vegas,Nevada
b4c28d32-1734-4c8f-8655-11a4c48e3dd5,Clear Creek Bowmen,clear-creek-bowmen-nv,volunteer_club,active,False,Centennial Drive @ Hwy 50 East,89701,39.1947253,-119.6959439,,,,,,,False,False,False,False,,,False,False,,,false,false,"[""state-range-photos/nevada/Clear Creek Bowmen (CARSON CITY).jpg""]","Archery range located in CARSON CITY, NV.",CARSON CITY,Nevada
f39de16c-4e4b-4f5d-be62-ce3d22c82f27,Clearwater Archers,clearwater-archers-id,volunteer_club,active,False,PO BOX 2254,83544-2254,46.479347,-116.2551395,,denlane@cpcinternet.com,,,,,False,False,False,False,,,False,False,,,false,false,"[""state-range-photos/idaho/Clearwater Archers (OROFINO).jpg""]","Archery range located in OROFINO, ID.",OROFINO,Idaho
df331bc8-8433-4cbf-bbaf-2b9dd7894f61,Clinton County Farmers and Sportsmen Association,clinton-county-farmers-and-sportsmen-association-oh,club,active,False,"301 Batson Rd, Wilmington, OH 45177",,,,+19372609500,president@ccfsa.net,http://ccfsa.net/,,,,False,True,False,True,,,False,False,,,false,false,"[""state-range-photos/ohio/Clinton County Farmers and Sportsmen Association (Wilmington).jpg""]","Archery range located in Wilmington, OH.",Wilmington,Ohio
f2b1aa14-1324-4147-8571-9e530b4ef0e9,Clover Leaf JOAD Archery Club,clover-leaf-joad-archery-club-pa,hybrid,active,False,2080 Umbreit Road,18935,,,,cloverleafarcheryclub@verizon.net,http://www.cloverleafarcheryclub.com,,,16,False,True,False,False,,,False,True,,,false,false,"[""http://cloverleafarcheryclub.com/wp-content/uploads/2018/11/family2-1-300x247.jpg""]",USA Archery affiliated club. Programs: Junior Olympic Archery Development (JOAD),Milford,Pennsylvania
82dd438c-7b12-43b8-9376-5718889f0dd8,Clovis Bowhunters,clovis-bowhunters-nm,volunteer_club,active,False,"SR 209, Ned Houk Park (North Side)",88101,,,+18505820816,Eskach69@yahoo.com,,,,,False,False,False,False,,,False,False,,,false,false,"[""state-range-photos/new-mexico/Clovis Bowhunters (Clovis).jpg""]",ASA-affiliated 3D archery club. Contact: Edward Skach.,Clovis,New Mexico
0be57cfc-0675-4e6c-a057-4e8546a60cfd,Club Archery at UGA,club-archery-at-uga-ga,volunteer_club,active,False,330 River Rd,30602,,,,redandblackarchery@gmail.com,https://clubarcheryatuga.usarchery.org/,,,,False,False,False,True,,,False,False,,,false,false,"[""state-range-photos/georgia/Club Archery at UGA (Athens).jpg""]","Archery range located in Athens, GA.",Athens,Georgia
79540ecb-7856-4eab-8436-73b4c39172e4,CMP Talladega Marksmanship Park,cmp-talladega-marksmanship-park-al,volunteer_club,active,False,4387 Turner Mill Rd,35160,,,(256) 474-4408,cmptalladega@thecmp.org,https://tmp.thecmp.org,,,,True,True,False,False,,,False,True,,,false,false,"[""https://static.wixstatic.com/media/72fcdc_e4f6c084f60c4cb18c40d5b4fc1ce532~mv2.jpg/v1/fill/w_980,h_654,al_c,q_85,usm_0.66_1.00_0.01,enc_auto/72fcdc_e4f6c084f60c4cb18c40d5b4fc1ce532~mv2.jpg""]",ASA-affiliated 3D archery club. Contact: William  Chapman.,Talladega,Alabama
ab7783d4-377a-4a32-9aef-04fd0c8402d3,Coast Rifle & Pistol Club,coast-rifle-pistol-club-ms,club,active,False,16706 MS-67 N,39532,,,228-224-0833,reneeroberts@bellsouth.net,https://crpcms.com,,,,False,True,False,False,,,False,False,,,false,false,"[""https://images.unsplash.com/photo-1574607774561-e645c79a2478?w=800&h=400&fit=crop""]",ASA-affiliated archery club. Status: Expired 2025,Biloxi,Mississippi
f546f77b-2161-4cf6-811f-4c93f6160e61,Coastal Empire Archers,coastal-empire-archers-ga,club,active,False,803 Kilkenry Rd,31324,,,+19124331463,dewayneh2@outlook.com,,,,,False,False,False,False,,,False,False,,,false,false,"[""state-range-photos/georgia/Coastal Empire Archers (Richmond Hill).jpg""]",ASA-affiliated archery club. Status: Expired 2025,Richmond Hill,Georgia
3a547261-99a8-4eae-8f68-c89b70e5e103,Cody Archery Club,cody-archery-club-wy,volunteer_club,active,False,PO BOX 3095,82414,44.5263422,-109.0565308,,codywyarcheryclub@gmail.com,http://codyarcheryclub.com/,,,,False,True,False,True,,,False,False,,,false,false,"[""state-range-photos/wyoming/Cody Archery Club (CODY).jpg""]","Archery range located in CODY, WY.",CODY,Wyoming
926010ea-26e3-401b-baf7-9f6c5adc0c91,Collin Co Bowhunters Assoc,collin-co-bowhunters-assoc-tx,volunteer_club,active,False,5621 County Road 1042,75424,,,+12146490510,e4txbigdog@yahoo.com,,,,,False,False,False,False,,,False,False,,,false,false,"[""state-range-photos/texas/Collin Co Bowhunters Assoc (Blue Ridge).jpg""]",ASA-affiliated 3D archery club. Contact: Scott Powell.,Blue Ridge,Texas
1dbe4f38-3dd5-4169-894b-f6a12ec85e73,Colorado Gold,colorado-gold-co,hybrid,active,False,4298 Kipling St.  Unit B,80033,,,,Coloradogoldjoad@yahoo.com,,,,,False,False,False,False,,,False,False,,,false,false,"[""state-range-photos/colorado/Colorado Gold (Wheat Ridge).jpg""]",USA Archery affiliated club. Programs: Junior Olympic Archery Development (JOAD),Wheat Ridge,Colorado
92f26abf-5970-4f80-940f-b6196efaf57e,Colorado Springs JOAD,colorado-springs-joad-co,hybrid,active,False,2110 Busch Ave.,80904,,,,bockrmr@aol.com,http://archeryschooloftherockies.com,,,,False,False,False,False,,,False,False,,,false,false,"[""https://images.unsplash.com/photo-1574607774561-e645c79a2478?w=800&h=400&fit=crop""]","USA Archery affiliated club. Programs: Junior Olympic Archery Development (JOAD), Adult Archery Program, 3D Archery",Colorado Springs,Colorado
87c5f69b-5d08-498e-afcb-c3519f94d9ca,Columbia Basin Archers,columbia-basin-archers-wa,volunteer_club,active,False,650 Marksman Street SE,98823,47.3129586,-119.5545018,,columbiabasinarchers@gmail.com,,,,,False,False,False,False,,,False,False,,,false,false,"[""state-range-photos/washington/Columbia Basin Archers (Ephrata).jpg""]","Archery range located in Ephrata, WA.",Ephrata,Washington
f9ed5766-27ad-4fe3-a5fd-43082730fab6,Columbiana County Archers,columbiana-county-archers-oh,volunteer_club,active,False,36499 Kelch Rd,44432,,,+13306922041,chewster6657@gmail.com,,,,,False,False,False,False,,,False,False,,,false,false,"[""state-range-photos/ohio/Columbiana County Archers (Lisbon).jpg""]",ASA-affiliated 3D archery club. Contact: Jim Chuy.,Lisbon,Ohio
9047fac2-8fa9-4f03-a615-5842a042958e,Columbine Bowmen,columbine-bowmen-co,volunteer_club,active,False,159 State Highway 67,80135,,,303-525-5713,info@columbinebowmen.com,https://www.columbinebowmen.com/,,,,False,True,True,False,$75,$5.00 per day,False,False,,,false,false,"[""state-range-photos/colorado/Columbine Bowmen (Sedalia).jpg""]",ASA-affiliated 3D archery club. Contact: Katie Luth.,Sedalia,Colorado
31e74bb9-8f5a-45a9-95ed-5f21d262453d,Colyak Bowhunters Archery,colyak-bowhunters-archery-wa,volunteer_club,active,False,PO BOX 6344,99336-0344,46.2138054,-119.161041,(509) 572-7268,Colyakbowhunters@gmail.com,http://www.colyakbowhunters.com/,,,,False,True,False,True,,,False,False,,,false,false,"[""https://archerylessons.info/ranges/wp-content/uploads/2024/09/Colyak-Bowhunters1.jpg""]","Archery range located in KENNEWICK, WA.",KENNEWICK,Washington
2111bddd-edfe-4142-80b9-20f60d2278e7,Comstock Township Parks and Rec,comstock-township-parks-and-rec-mi,volunteer_club,active,False,"Green Meadow Park, 5510 East Cork Street",49048,,,(269) 343-8212,parks@comstockmi.gov,https://comstockmi.gov/parks-recreation/,,,,False,False,False,False,,,False,False,,,false,false,"[""state-range-photos/michigan/Comstock Township Parks and Rec (Kalamazoo).jpg""]","Archery range located in Kalamazoo, MI.",Kalamazoo,Michigan
06fa668f-70fa-4473-9905-f5a9949dad95,Conejo Valley Archers,conejo-valley-archers-ca,hybrid,active,False,"4651 Tapo Canyon Rd, Simi Valley CA 93063",93063,,,(805) 328-4721,info@cvarchers.com,http://www.cvarchers.com,,,,False,True,True,False,,$10 per person (max $20 nuclear family) - Saturday public sessions,False,True,,,false,false,"[""state-range-photos/california/Conejo Valley Archers (Simi Valley).jpg""]","USA Archery affiliated club. Programs: Junior Olympic Archery Development (JOAD), Adult Archery Program, 3D Archery, Field Archery",Simi Valley,California
c4a8c17b-eae5-4e97-9270-b61d4c44e344,Conocoheague Archers at Greencastle Sportsman’s Association,conocoheague-archers-at-greencastle-sportsman-s-association-pa,commercial,active,False,"3260 Sportsmans Rd., Greencastle PA, 17225",17225,,,+17175979966,info@greencastlesportsman.com,https://greencastlesportsman.com/,8AM - 8PM M - F / 8AM - 5PM Sat / 8AM - 11AM Sun,,,False,False,False,False,,,False,False,,,false,false,"[""state-range-photos/pennsylvania/Conocoheague Archers at Greencastle Sportsmans Association (Greencastle).jpg""]",IBO pro shop (IBO directory).,Greencastle,Pennsylvania
7a0b18aa-7f65-4aeb-bc19-06877631e0a0,Cook Inlet Archers,cook-inlet-archers-ak,commercial,active,False,,99654,,,,,https://www.cookinletarchers.com/,,,,False,True,False,False,,,False,False,,,false,false,"[""state-range-photos/alaska/Cook Inlet Archers (WASILLA).jpg""]",IBO pro shop (IBO directory).,WASILLA,Alaska
b09fa655-c2a4-4676-b8a3-cec33b20c261,"Copendero Indoor Archery, Pistol & Rifle Range",copendero-indoor-archery-pistol-rifle-range-tx,commercial,active,False,28075 Robinson Rd,77385,,,,,https://www.copenderorange.com/,,,,False,False,False,False,,,False,False,,,false,false,"[""https://archerydirectory.com/wp-content/uploads/2025/07/Copendero-Indoor-Archery-Pistol-Rifle-Range-Conroe-TX.png""]","Archery range located in Conroe, TX.",Conroe,Texas
9d9e3e10-fa3b-4eda-9cb5-fba5fda3a472,Coraopolis Disrict Sportsmens Association,coraopolis-disrict-sportsmens-association-pa,hybrid,active,False,106 Coketown Road,15108,,,(412) 264-9920,Secretary@cdsa.biz,http://cdsa.biz,,,,False,False,False,False,"$100.00 (Adult 18-64, initiation fee $125 first year)",,False,False,,,false,false,"[""state-range-photos/pennsylvania/Coraopolis Disrict Sportsmens Association (Coraopolis).jpg""]",USA Archery affiliated club. Programs: Junior Olympic Archery Development (JOAD),Coraopolis,Pennsylvania
80b24c29-ad00-42b7-8847-8b2a597f82c9,Corner Archery,corner-archery-az,volunteer_club,active,False,5008 W Northern Ave #8,85301,33.553854,-112.166948,623-842-3337,cornerarch@aol.com,http://www.cornerarchery.com,,,,True,False,False,False,,,False,True,,,false,false,"[""state-range-photos/arizona/Corner Archery (Glendale).jpg""]","Archery range located in Glendale, AZ.",Glendale,Arizona
d9fcb9c4-e7e0-478e-baca-1fcdb203f46e,Corner Kidz Az Jr Olympians,corner-kidz-az-jr-olympians-az,hybrid,active,False,"5008 W Northern Ave, #8",85301,,,623-842-3337,cornerarchery@gmail.com,http://www.cornerarchery.com,,,,False,False,False,False,,,False,False,,,false,false,"[""state-range-photos/arizona/Corner Kidz Az Jr Olympians (Glendale).jpg""]","USA Archery affiliated club. Programs: Junior Olympic Archery Development (JOAD), Adult Archery Program",Glendale,Arizona
da7c5f0c-9688-47c1-847d-4da99d65dd10,Cornerstone Archery Club,cornerstone-archery-club-nc,volunteer_club,active,False,505 Barry Oak Rd,28625,,,+17046579371,rrhunts@yahoo.com,,,,,False,False,False,False,,,False,False,,,false,false,"[""state-range-photos/north-carolina/Cornerstone Archery Club (Statesville).jpg""]",ASA-affiliated 3D archery club. Contact: Robert Griffith.,Statesville,North Carolina
f4fb9c0d-47ed-4722-83b4-5a4df732dcfc,Corning Fish and Game,corning-fish-and-game-ny,club,active,False,3472 Dyke Road,14830,,,+16073775203,contact@cfgclub.org,,,,,False,False,False,False,,,False,False,,,false,false,"[""state-range-photos/new-york/Corning Fish and Game (Corning).jpg""]","Archery range located in Corning, NY.",Corning,New York
22271fb1-833e-474f-bdfd-b8e07cbebda4,Cos Cob Archers,cos-cob-archers-ct,club,active,False,205 Bible Street,06807,,,,jeffcoscobarchers@gmail.com,https://www.coscobarchers.com/,,,,False,True,True,True,,,False,True,,,false,false,"[""state-range-photos/connecticut/Cos Cob Archers (Cos Cob).jpg""]","Archery range located in Cos Cob, CT.",Cos Cob,Connecticut
9f8352d8-d1c1-4bd8-836f-eac14a7ff2fe,Cottonwood Archery Club,cottonwood-archery-club-ne,hybrid,active,False,Prairie Lake Archery Range,68955,40.683891,-98.384206,,cottonwoodarcheryclub@gmail.com,http://cottonwoodarcheryclub.com,,,,False,False,False,False,,,False,False,,,false,false,"[""state-range-photos/nebraska/Cottonwood Archery Club (Juniata).jpg""]",USA Archery affiliated club. Programs: Junior Olympic Archery Development (JOAD),Juniata,Nebraska
826084df-8ddd-4d3b-a544-96dc9b90aefb,Cougar Mountain Archers,cougar-mountain-archers-ca,volunteer_club,active,False,"14717 Mosswood Lane, Grass Valley CA 95945",95945,,,,jclawson74@gmail.com,https://cougarmountainarchers.com,,,,False,False,True,False,,,False,False,,,false,false,"[""state-range-photos/california/Cougar Mountain Archers (Grass Valley).jpg""]","Archery range located in Grass Valley, CA.",Grass Valley,California
6c9513ce-6359-40f3-b412-6c22afb167d8,Cowtown Bowmen,cowtown-bowmen-tx,club,active,False,9900 Watercress Drive,76108,,,817-239-7562,Kevin.hubbard@graybar.com,http://www.cowtownbowmen.com/,,,,False,True,False,True,$50/year individual,,False,False,,,false,false,"[""https://images.unsplash.com/photo-1574607774561-e645c79a2478?w=800&h=400&fit=crop""]","Archery range located in Fort Worth, TX.",FORT WORTH,Texas
a6c67a83-e3d8-42ba-b31a-226fd28cb99b,Coyote Creek Archery,coyote-creek-archery-nh,commercial,active,False,26 Farmington Rd,03867,43.3218687,-70.9987399,603-335-2222,joshmorris3006@gmail.com,https://coyote-creek-archery.com/,,,,False,False,False,False,,,False,False,,,false,false,"[""state-range-photos/new-hampshire/Coyote Creek Archery (Rochester).png""]","Archery range located in Rochester, NH.",Rochester,New Hampshire
8aa9e4fb-6bf5-4ed5-b305-f95b2a411f72,Craig Outdoors,craig-outdoors-az,commercial,active,False,200 N Tomahawk Rd,85119,,,+14807497275,,https://craigoutdoors.com,"Mon-Fri 9:00 am-7:00 pm, Sat 7:30 am-7:30 pm, Sun Closed",,,False,False,False,False,,,False,False,,,false,false,"[""https://images.unsplash.com/photo-1574607774561-e645c79a2478?w=800&h=400&fit=crop""]","Archery range located in Apache Junction, AZ.",Apache Junction,Arizona
8376b7e0-58d0-4f08-9ed2-714af8106983,Crawford County Bowhunters,crawford-county-bowhunters-il,club,active,False,2690 E 950th Ave,62449,,,,dlsutton@mchsi.com,https://www.crawfordcountybowhunters.com,,,,False,False,False,False,,,False,False,,,false,false,"[""state-range-photos/illinois/Crawford County Bowhunters (Oblong).jpg""]",ASA-affiliated archery club. Status: Expired 2025,Oblong,Illinois
509409b8-dc11-402b-9d64-ce2348ce9ac0,Crazy Mountain Ranch,crazy-mountain-ranch-mt,commercial,active,False,515 Rock Creek Rd,59047,,,,info@crazymountainranch.com,https://crazymountainranch.com,,,,False,False,False,False,,,False,False,,,false,false,"[""state-range-photos/montana/Crazy Mountain Ranch (Livingston).jpg""]","Archery range located in Livingston, MT.",Livingston,Montana
1f65da1e-6ffe-4396-b736-80c8bf9faf00,Crenshaw County's Big Head Archery,crenshaw-county-s-big-head-archery-al,club,active,False,444 Sumerlin Lane,36041,,,,waggonerwildernessoutfitters@gmail.com,,,,,False,False,False,False,,,False,False,,,false,false,"[""https://i.ytimg.com/vi/NFxMS3Sqg-g/maxresdefault.jpg""]",ASA-affiliated archery club. Status: Expired 2025,Highland Home,Alabama
3689d10d-490f-4877-9736-75795baec997,Crew 50,crew-50-ny,hybrid,active,False,2320 Brighton Henrietta TL Rd,14623,,,585-703-3198,info@crew50.mytroop.us,https://crew50.org,,,,False,False,False,False,,,False,False,,,false,false,"[""https://images.unsplash.com/photo-1574607774561-e645c79a2478?w=800&h=400&fit=crop""]","USA Archery affiliated club. Programs: Junior Olympic Archery Development (JOAD), Adult Archery Program, Field Archery",Rochester,New York
6fc7d318-4fa1-48c5-a331-50e620f38ebd,Crooked River Archers,crooked-river-archers-oh,volunteer_club,active,False,"Valley Pkwy, North Royalton, OH 44133",44136,41.3114258,-81.8189749,,info@crookedriverarchers.net,https://crookedriverarchers.net,,,,False,False,False,False,"$100/year individual, $200/year family; plus $10/session adults, $5/session children",,False,False,,,false,false,"[""https://s3-media0.fl.yelpcdn.com/bphoto/tPY5252lrEGBicdNcORTPQ/o.jpg""]","Archery range located in Strongsville, OH.",Strongsville,Ohio
9efbdc27-3b92-49bc-b0e9-ea848dafad05,Cross Timbers Archery Club,cross-timbers-archery-club-tx,volunteer_club,active,False,1 1/2 miles W Ringling Lake Rd,76448,,,+12544880892,nhoneycutt@eastlandcountytexas.gov,,,,,False,False,False,False,,,False,False,,,false,false,"[""state-range-photos/texas/Cross Timbers Archery Club (Eastland).jpg""]",ASA-affiliated 3D archery club. Contact: Nathan Honeycutt.,Eastland,Texas
c02e14fd-f29b-46fe-b02c-aa9f5061b7fa,Crossed Arrows Archery Club,crossed-arrows-archery-club-ar,hybrid,active,False,"6400 Baucum Pike, North Little Rock, Arkansas 72117",72202,,,,brian@crossedarrowsarchery.org,https://crossedarrowsarchery.org,,,,False,False,False,True,,,False,True,,,false,false,"[""state-range-photos/arkansas/Crossed Arrows Archery Club (Little Rock).png""]","USA Archery affiliated club. Programs: Junior Olympic Archery Development (JOAD), Adult Archery Program",Little Rock,Arkansas
ebbb7375-3c0a-4ea2-96f3-608d8b970b15,Crossroads 3D Archery,crossroads-3d-archery-mo,volunteer_club,active,False,3683 W Farm Road 92,65803,,,+14178517024,darryellzittle@gmail.com,,,,,False,False,False,False,,,False,False,,,false,false,"[""state-range-photos/missouri/Crossroads 3D Archery (Springfield).jpg""]",ASA-affiliated 3D archery club. Contact: Darryell Zittle.,Springfield,Missouri
478fc479-76a2-4628-a6ca-ba4c7e5780e7,Crowder Lake Archery Club,crowder-lake-archery-club-ok,volunteer_club,active,False,11096 N County Road 2410,73096,,,+15808191720,merkeyp@yahoo.com,,,,,False,False,False,False,,,False,False,,,false,false,"[""state-range-photos/oklahoma/Crowder Lake Archery Club (Weatherford).jpg""]",ASA-affiliated 3D archery club. Contact: Paul Merkey.,Weatherford,Oklahoma
05493944-4abf-40ba-a488-a90ef08e2aef,Crowfoot Rod & Gun,crowfoot-rod-gun-pa,hybrid,active,False,"4497 Crowfoot Road, PO Box 319, Murrysville, 15668",15668,,,412-719-9311,crowfootjoad@gmail.com,https://crowfootjoad.usarchery.org/,,,,False,False,False,False,,,False,False,,,false,false,"[""state-range-photos/pennsylvania/Crowfoot Rod  Gun (Murrysville).jpg""]",USA Archery affiliated club. Programs: Junior Olympic Archery Development (JOAD),Murrysville,Pennsylvania
5635bdb7-3eec-4676-967d-93cc5c9528cb,Crystal Lake Archery Club,crystal-lake-archery-club-ok,club,active,False,,,,,,,,,,,False,False,False,False,,,False,False,,,false,false,"[""state-range-photos/oklahoma/Crystal Lake Archery Club (Del City).jpg""]","Archery range located in Del City, OK.",Del City,Oklahoma
7726f2a6-25c6-4ac7-953f-01645f13892e,Cub Run Archers of Arlington-Fairfax IWLA,cub-run-archers-of-arlington-fairfax-iwla-va,hybrid,active,False,14708 Mt. Olive Road,20121-2517,,,+17036314498,Gauntneriwla201@gmail.com,http://www.cubrunarchers.org,,,,False,False,False,False,,,False,False,,,false,false,"[""state-range-photos/virginia/Cub Run Archers of Arlington-Fairfax IWLA (Centreville).jpg""]","USA Archery affiliated club. Programs: Adult Archery Program, Field Archery",Centreville,Virginia
d0d890f6-54ee-416e-b9dc-d525a0dfeaf8,Cuchara Valley Archery,cuchara-valley-archery-co,volunteer_club,active,False,1234 Panadero Ave,81055,,,,cucharavalleyarchery@gmail.com,https://www.cucharavalleyarchery.com/,,,,False,True,False,False,,,False,False,,,false,false,"[""state-range-photos/colorado/Cuchara Valley Archery (LaVeta).jpg""]",ASA-affiliated 3D archery club. Contact: Dylan Thomsen.,LaVeta,Colorado
e28234f4-5354-4ee7-8776-60ae1c4501ec,Cuddy Creek Outfitters,cuddy-creek-outfitters-ok,volunteer_club,active,False,East CR 39,73852,,,+15802162104,cuddycreekoutfitters@gmail.com,,,,,False,False,False,False,,,False,False,,,false,false,"[""state-range-photos/oklahoma/Cuddy Creek Outfitters (Moreland).jpg""]",ASA-affiliated 3D archery club. Contact: Dale Ramsey.,Moreland,Oklahoma
e6fd2469-e74f-496f-a43a-5420a8ae5ac2,Cumberland Bowhunters,cumberland-bowhunters-md,club,active,False,13000 Valley Rd NE,21502,,,,,,,,,False,False,False,False,,,False,False,,,false,false,"[""state-range-photos/maryland/Cumberland Bowhunters (Cumberland).jpg""]","Archery range located in Cumberland, MD.",Cumberland,Maryland
0c7de074-b700-4b63-8945-88166b99769d,Cumberland River Straight Shooter,cumberland-river-straight-shooter-ky,volunteer_club,active,False,112 Tower Rd,40447,,,+18595828086,mlrcox@live.com,,,,,False,False,False,False,,,False,False,,,false,false,"[""state-range-photos/kentucky/Cumberland River Straight Shooter (Mc Kee).jpg""]",ASA-affiliated 3D archery club. Contact: Robert Cox.,Mc Kee,Kentucky
bfe7e60d-f24a-46bc-8a52-74d2bfe7d2fc,Custom Archery 3D,custom-archery-3d-al,volunteer_club,active,False,293 Ditto Landing Rd SE,35803,,,+12566835015,customarchery555@msn.com,,,,,False,False,False,False,,,False,False,,,false,false,"[""https://assets.simpleviewinc.com/simpleview/image/upload/c_limit,h_1200,q_75,w_1200/v1/crm/huntsville/custom-archery-center_c0c449de-5056-a36a-08320080c3060abb.jpg""]",ASA-affiliated 3D archery club. Contact: Steve Williams.,Huntsville,Alabama
47ff6cd9-ac4f-4be6-b8d4-3f1312c4789d,Custom Archery Center,custom-archery-center-al,commercial,active,False,11305 Memorial Pkwy SW,35803,,,,,,,,,False,False,False,False,,,False,False,,,false,false,"[""https://images.unsplash.com/photo-1574607774561-e645c79a2478?w=800&h=400&fit=crop""]","Archery range located in Huntsville, AL.",Huntsville,Alabama
b02db285-1e27-483d-b8fb-93705eb11984,Cutting Edge Sporting Goods,cutting-edge-sporting-goods-in,volunteer_club,active,False,1305 N Lincoln St,47240,,,+18125604208,tom.cuttingedge@etczone.com,,,,,False,False,False,False,,,False,False,,,false,false,"[""https://assets.simpleviewinc.com/simpleview/image/upload/c_fill,h_455,q_75,w_700/v1/clients/decaturcountyin/586229713_1662923228378595_5366013808767005963_n_997e774a-ec44-4cd5-b2e7-ea91fb78cbda.jpg""]",ASA-affiliated 3D archery club. Contact: Tom Stricker.,Greensburg,Indiana
d76e85f5-2e60-4056-8b6f-068f4b30fab9,Cutting Edge Sporting Goods Inc,cutting-edge-sporting-goods-inc-in,commercial,active,False,1305 N Lincoln St,47240,39.3501502,-85.4804976,+18125604208,tom.cuttingedge@etczone.com,,,,,False,False,False,False,,,False,False,,,false,false,"[""https://assets.simpleviewinc.com/simpleview/image/upload/c_fill,h_455,q_75,w_700/v1/clients/decaturcountyin/586229713_1662923228378595_5366013808767005963_n_997e774a-ec44-4cd5-b2e7-ea91fb78cbda.jpg""]","Archery range located in Greensburg, IN.",Greensburg,Indiana
fcc03c0a-7d33-43f2-b272-33cf5883a5c4,Cyclones,cyclones-ks,hybrid,active,False,2577 Idaho Rd,66067-9007,,,,jfranks@gardnerkansas.gov,,,,,False,False,False,False,,,False,False,,,false,false,"[""state-range-photos/kansas/Cyclones (Ottawa).jpg""]","USA Archery affiliated club. Programs: Junior Olympic Archery Development (JOAD), Adult Archery Program, 3D Archery, Field Archery",Ottawa,Kansas
3e3fe9d0-875a-4336-8a2e-5f34f2dc64b8,D R Enterprises,d-r-enterprises-oh,volunteer_club,active,False,6990 N Hampton Rd,45502,,,+19375461429,kodygregg@gmail.com,,,,,False,False,False,False,,,False,False,,,false,false,"[""state-range-photos/ohio/D R Enterprises (Springfield).jpg""]",ASA-affiliated 3D archery club. Contact: Kody Gregg.,Springfield,Ohio
24cf8f20-3ce7-4eae-9ed3-686879f37f58,Dadtz Archery LLC,dadtz-archery-llc-wi,commercial,active,False,W7733 Territorial Rd,53115,,,+16082085956,,,,,,False,False,False,False,,,False,False,,,false,false,"[""https://tuba-archery.com/wp-content/uploads/2026/02/th-47.jpg""]","Archery range located in Delavan, WI.",Delavan,Wisconsin
69ae38af-72ed-4b62-9cd8-54a0a073c96e,Dakota Archery & Outdoor Sports,dakota-archery-outdoor-sports-sd,commercial,active,False,2305 E Hwy 50,57078,,,,,https://www.dakotarchery.com,,,,True,False,False,False,,,False,False,,,false,false,"[""state-range-photos/south-dakota/Dakota Archery  Outdoor Sports (Yankton).jpg""]","Archery range located in Yankton, SD.",Yankton,South Dakota
b5635233-ee60-4bc8-88c7-408600752806,Dalhart Bowhunters,dalhart-bowhunters-tx,club,active,False,"1300 US-87, Dalhart, TX 79022",79022,,,,barry76@yahoo.com,,,,,False,False,False,False,,,False,False,,,false,false,"[""state-range-photos/texas/Dalhart Bowhunters (Dalhart).jpg""]","Archery range located in Dalhart, TX.",Dalhart,Texas
4232718d-5daa-4fc8-b8d1-8cc0923db4ab,Dark Horse Archery,dark-horse-archery-tx,commercial,active,False,215 Co Rd 351,78372,,,+13614904200,,https://darkhorse-archery.com/,,,,False,False,False,False,,,False,False,,,false,false,"[""https://images.squarespace-cdn.com/content/v1/679ab427cbdc4567300939de/aa2f291e-4d51-4e71-bd07-810ec590446c/IMG_6643.jpeg""]","Archery range located in Orange Grove, TX.",Orange Grove,Texas
2d9fabb2-547b-4fef-a161-80fc19dd81dc,Darkhorse Archery Bow Shop & Range,darkhorse-archery-bow-shop-range-tx,commercial,active,False,301 S cr 351,78372,27.9526683,-97.9341192,(361) 490-4200,carrie@darkhorse-archery.com,https://darkhorse-archery.com,"Tue-Fri 10am-6pm, Sat 9am-5pm",,,False,False,False,False,,,False,False,,,false,false,"[""https://images.unsplash.com/photo-1574607774561-e645c79a2478?w=800&h=400&fit=crop""]","Archery range located in Orange Grove, TX.",Orange Grove,Texas
d33834da-839d-4ddb-8953-f6facb1ea6e7,Darrington Archers,darrington-archers-wa,volunteer_club,active,False,300 Sauk Avenue,98241,48.2429777,-121.604363,(425) 308-0003,darringtonarchers79@gmail.com,https://www.darringtonarchery.com/,,,,False,False,False,False,,,False,False,,,false,false,"[""https://playeasy.com/cdn-cgi/image/width=1200,fit=scale-down,format=auto,quality=85/https://storage.playeasy.com/facility-mgmt/14a5e39b-a5d5-4be0-9f70-b48a43acc851""]","Archery range located in DARRINGTON, WA.",DARRINGTON,Washington
7028064e-be1e-4563-aa3b-43458f5fa1db,Datus Archery Club,datus-archery-club-ut,club,active,False,"7998 S 1300th W, West Jordan, UT 84088",,,,,,http://datusarcheryclub.com/,,,,False,False,False,False,,,False,False,,,false,false,"[""https://archerylessons.info/ranges/wp-content/uploads/2024/09/Datus-Archery-Club-2-1.jpg""]",,,Utah
00127b5c-5a79-4639-b519-ad7482f402d4,Datus Nock Offs JOAD,datus-nock-offs-joad-ut,hybrid,active,False,1261 Edenbrook Drive,84094,,,(801) 652-2617,steve.mckenna15@gmail.com,,,,,False,False,False,False,,,False,False,,,false,false,"[""state-range-photos/utah/Datus Nock Offs JOAD (Sandy).jpg""]",USA Archery affiliated club. Programs: Junior Olympic Archery Development (JOAD),Sandy,Utah
0d2ae19a-61f7-41bd-a4b2-65052261df40,Davenport Valley Archers,davenport-valley-archers-ia,volunteer_club,active,False,15535 270th Street,52756,41.695954,-90.595997,,president@davenportvalleyarchers.com,https://davenportvalleyarchers.com,,,,False,False,False,False,,,False,False,,,false,false,"[""https://images.unsplash.com/photo-1574607774561-e645c79a2478?w=800&h=400&fit=crop""]","Archery range located in Long Grove, IA.",Long Grove,Iowa
3bd77b70-c975-4c40-8ba3-415fee8de89f,Daytona Archers,daytona-archers-fl,volunteer_club,active,False,4031 Pioneer Trail,32141,,,+18136503441,dougbrown7277@gmail.com,https://daytonaarchersinc.com,,,,False,False,False,False,,,False,False,,,false,false,"[""state-range-photos/florida/Daytona Archers (Port Orange).jpg""]",ASA-affiliated 3D archery club. Contact: Doug Brown.,Port Orange,Florida
ae02ed23-d814-4efd-b4bc-c4aa79e70b82,Deep River Bowmen Archery Club,deep-river-bowmen-archery-club-in,club,active,False,,,,,(219) 771-5374,drbptg149@gmail.com,https://www.deepriverbowmen.com,,,17,False,False,False,False,,$15,False,False,$30,,false,false,"[""https://static.wixstatic.com/media/f74ac0_b9156cadd9a84929b75e7942e6648121~mv2.jpg/v1/fill/w_600,h_450,al_c,q_80,usm_0.66_1.00_0.01,enc_avif,quality_auto/20220205_085315.jpg""]",,,Indiana
1daab8f6-19bb-42ab-a427-0e5dde4fdfe5,Deer Creek Archery,deer-creek-archery-md,club,active,False,3021 Churchville Rd,,,,,,,,,,False,False,False,False,,,False,False,,,false,false,"[""state-range-photos/maryland/Deer Creek Archery (Churchville).jpg""]","Archery range located in Churchville, MD.",Churchville,Maryland
4af08dc8-c099-44a2-aa3b-7b42ce60db5d,Deer Slayers Bowmans Association,deer-slayers-bowmans-association-ny,club,active,False,8100 State Route 104,13126,,,,jaquinjon@gmail.com,,,,,False,False,False,False,,,False,False,,,false,false,"[""state-range-photos/new-york/Deer Slayers Bowmans Association (Oswego).jpg""]",ASA-affiliated archery club. Status: Expired 2025,Oswego,New York
ae2fbcc4-600a-42ac-a348-a6850d9cbb71,Deer Track Archery Pro Shop,deer-track-archery-pro-shop-in,commercial,active,False,648 W. 500 S.,46013,40.0339383,-85.6857412,765-643-6847,deertrackarchery@comcast.net,https://deertrackarchery.com,"Aug-Apr: Mon/Tue/Thu/Sat 11am-8pm, Fri 1pm-6pm, closed Wed & Sun. May-Jul: Tue/Thu/Sat 11am-6pm, Fri 1pm-6pm, closed Sun/Mon/Wed.",,,True,False,False,False,,,False,False,,,false,false,"[""https://s3-media0.fl.yelpcdn.com/bphoto/RpgWzysEJkXZIr4ntQ_yYA/o.jpg""]","Archery range located in ANDERSON, IN.",ANDERSON,Indiana
c6f16d26-710e-4c6f-a51d-bd80fba525b2,Deertrack Bowhunters Inc,deertrack-bowhunters-inc-mi,volunteer_club,active,False,PO BOX 657,49855,46.5477714,-87.3956241,+19062289708,info@deertrackbowhunters.com,,,,,False,False,False,False,,,False,False,,,false,false,"[""state-range-photos/michigan/Deertrack Bowhunters Inc (MARQUETTE).jpg""]","Archery range located in MARQUETTE, MI.",MARQUETTE,Michigan
d414ffee-f981-4313-b157-dd51f8ec8e18,Del Norte Archery,del-norte-archery-nm,volunteer_club,active,False,208 Torcido Rd NW,87144,,,+15055033293,ldostart@yahoo.com,,,,,False,False,False,False,,,False,False,,,false,false,"[""state-range-photos/new-mexico/Del Norte Archery (Rio Rancho).jpg""]",ASA-affiliated 3D archery club. Contact: Larry Dostart.,Rio Rancho,New Mexico
9799f8b8-9b04-4b2a-aa67-5be0dffc1730,Delaware County Field & Stream Association,delaware-county-field-stream-association-pa,club,active,False,"713 Chester Creek Road, Brookhaven, PA, 19015",,,,610-872-9728,delcofieldandstream@verizon.net,https://dcfsa.org/,Grounds: Mon-Fri 8:00am-Sunset+30min; Sat-Sun 7:30am-Sunset+30min; Office: Mon-Fri 10:00am-4:00pm; Sat-Sun 9:00am-4:00pm,,,False,False,False,False,,,False,False,,,false,false,"[""https://archerylessons.info/ranges/wp-content/uploads/2024/09/Delaware-County-Field-Stream-Association.jpg""]","Archery range located in Aston, PA.",Aston,Pennsylvania
48fa7497-57ed-43b0-b80f-f6d89b3f7792,Delran Junior Marksman Club,delran-junior-marksman-club-nj,club,active,False,1200 Taylors Ln,,,,,,https://www.delranjuniormarksman.com/,,,,False,False,False,False,,,False,False,,,false,false,"[""https://images.unsplash.com/photo-1574607774561-e645c79a2478?w=800&h=400&fit=crop""]","Archery range located in Delran, NJ.",Delran,New Jersey
ed9d2d47-3a7e-4730-83e7-80bcf3f8f264,Delta Arsenal,delta-arsenal-ct,commercial,active,False,342 Quinnipiac St,06492,,,,,,,,,False,False,False,False,,,False,False,,,false,false,"[""https://s3-media0.fl.yelpcdn.com/bphoto/pYPhVr59L8Nqh1wr4fX3aA/l.jpg""]","Archery range located in Wallingford, CT.",Wallingford,Connecticut
5d61349f-3660-4746-abeb-e6e2a35a7176,Demmer Center JOAD Club,demmer-center-joad-club-mi,hybrid,active,False,4830 E. Jolly Rd.,48910,,,(517) 355-7457,benne415@msu.edu,http://demmercenter.msu.edu,"Tue-Fri 12pm-8pm, Sat 12pm-6pm, Sun 12pm-5pm",,19,True,True,False,False,,"$15/hr lane rental, $5/hr equipment rental",True,True,,,false,false,"[""https://snworksceo.imgix.net/tsn/5595926e-0afe-44da-8ca7-4a2cafcbbdec.sized-1000x1000.jpg""]",USA Archery affiliated club. Programs: 3D Archery,Lansing,Michigan
74f76b6d-7992-4282-ab9c-92f28a44f040,Denver Summit Archers,denver-summit-archers-co,hybrid,active,False,3050 E 78TH AVE,80229,,,,denversummitarchers@yahoo.com,http://denversummitarchers.com,,,,False,False,False,False,,,False,False,,,false,false,"[""state-range-photos/colorado/Denver Summit Archers (DENVER).png""]",USA Archery affiliated club. Programs: Junior Olympic Archery Development (JOAD),DENVER,Colorado
f1709abc-cd53-4954-b361-a3a002891eea,Desert Archers,desert-archers-az,volunteer_club,active,False,"Tuscon Mountain Park Archery Range, Kinney Rd",85745,32.2305679,-111.1374511,+15202352326,support@desertarchers.com,https://desertarchers.com,,,,False,True,False,False,$25/year (Pima County range pass),$3/adult,False,False,,,false,false,"[""https://i.ytimg.com/vi/pJ0rg1nrON4/maxresdefault.jpg""]","Archery range located in Tucson, AZ.",Tucson,Arizona
019c28f2-3cd4-480c-ab42-16c031d4dd39,Desert Destroyers Joad,desert-destroyers-joad-az,hybrid,active,False,810 W Naranja Dr,85737,32.4098627,-110.9831477,+15209553029,lh.brady94@gmail.com,,,,,False,False,False,False,,,False,True,,,false,false,"[""state-range-photos/arizona/Desert Destroyers Joad (Oro Valley).jpg""]","USA Archery affiliated club. Programs: Junior Olympic Archery Development (JOAD), Adult Archery Program, 3D Archery, Field Archery",Oro Valley,Arizona
6b43fe48-db62-4736-aaf2-2672c2fe1b41,Desert Sky Archers,desert-sky-archers-az,hybrid,active,False,41203 N Sutter Lane,85086,33.8315646,-112.1446078,,desertskyarchers@gmail.com,http://www.desertskyarchers.com,,,,False,False,False,True,$250/6 months (first family member),,False,True,,,false,false,"[""state-range-photos/arizona/Desert Sky Archers (Anthem).jpg""]","USA Archery affiliated club. Programs: Junior Olympic Archery Development (JOAD), Adult Archery Program",Anthem,Arizona
23a614f7-33ac-4618-8ee5-70eafe318c76,Detroit Archers,detroit-archers-mi,hybrid,active,False,"Detroit Archers, 5795 Drake Road",48322,,,,detroitarcherswb@gmail.com,http://www.detroitarchers.com,,,,False,False,False,False,,,False,False,,,false,false,"[""https://s3-media0.fl.yelpcdn.com/bphoto/MgEddB1CVAbPZxpbV9yDYQ/l.jpg""]","USA Archery affiliated club. Programs: Junior Olympic Archery Development (JOAD), Adult Archery Program, 3D Archery, Field Archery",West Bloomfield Township,Michigan
8459a937-95e8-4963-b753-194549be6a15,Detroit Sportsmen's Congress,detroit-sportsmen-s-congress-mi,hybrid,active,False,49800 Dequindre Rd,48317,,,(586) 739-3500,dscoffice@gmail.com,http://www.dscweb.org,,,,True,False,False,False,,,False,False,,,false,false,"[""state-range-photos/michigan/Detroit Sportsmens Congress (Shelby Twp.).jpg""]","USA Archery affiliated club. Programs: Junior Olympic Archery Development (JOAD), Adult Archery Program, 3D Archery",Shelby Twp.,Michigan
93fd51ad-f177-4f47-87ea-3d0c6b701821,Dewitt Archery Team,dewitt-archery-team-mi,commercial,active,False,,48920,,,,,,,,,False,False,False,False,,,False,False,,,false,false,"[""state-range-photos/michigan/Dewitt Archery Team (Dewittm).jpg""]",IBO pro shop (IBO directory).,Dewittm,Michigan
b33efaea-a2ed-4941-ab43-36cddf5a784c,DG Archery,dg-archery-in,commercial,active,False,6426 South 200 East,46056-9776,40.0124082,-85.6333245,(765) 620-8376,dgarchery92@gmail.com,https://dgarchery.com,Sun-Mon: Closed; Tue-Fri: 4:30pm-8:00pm; Sat: 10:00am-3:00pm,,,False,False,False,False,,,False,False,,,false,false,"[""state-range-photos/indiana/DG Archery (Markleville).jpg""]","Archery range located in Markleville, IN.",Markleville,Indiana
c3af322a-8030-49dd-aa0e-6e046a4c9612,Diablo Bowmen,diablo-bowmen-ca,volunteer_club,active,False,"PO Box 70, Clayton CA 94517-0070",94517,37.9410341,-121.9357925,,diablobowmenpresident@gmail.com,https://diablo-bowmen.org,,,,False,False,True,False,,,False,True,,,false,false,"[""https://s3-media0.fl.yelpcdn.com/bphoto/vGTKmqWiOn_56j-Js7MA_Q/348s.jpg""]","Archery range located in CLAYTON, CA.",CLAYTON,California
ff804b31-4f57-479f-b421-21ed92d8c047,Diamond Archery LLC,diamond-archery-llc-ks,commercial,active,False,10502 E 26TH CIR N,67226,37.7334514,-97.2165565,(316) 265-0651,ryanb@diamondarchery.net,https://diamondarchery.net/,Tuesday-Saturday 10AM-8PM; Sunday-Monday Closed,,16,True,False,False,False,,,True,True,,,false,false,"[""state-range-photos/kansas/Diamond Archery LLC (WICHITA).jpg""]","Archery range located in WICHITA, KS.",WICHITA,Kansas
3374dc14-e24b-4949-91fa-592e9cf161bd,Dinosaur Valley Archery Club,dinosaur-valley-archery-club-tx,volunteer_club,active,False,1784 CR 1011,76043,,,+12543960849,randy.duren@luminant.com,,,,,False,False,False,False,,,False,False,,,false,false,"[""state-range-photos/texas/Dinosaur Valley Archery Club (Glen Rose).jpg""]",ASA-affiliated 3D archery club. Contact: Randy Duren.,Glen Rose,Texas
d41b197a-f824-4d07-8882-62cf90a53104,Dixon Range,dixon-range-va,volunteer_club,active,False,418 Dixon Range Rd,24228,,,276-926-2111,bmullins@srra.org,https://www.spearheadtrails.com/pages/dixon-range,Monday: Closed; Tuesday: 8am-4:30pm; Wednesday-Sunday: 8am-5:30pm,,,False,True,False,False,$60,$10,False,False,,,false,false,"[""https://wcyb.com/resources/media/c35d8f4e-0be9-4651-929a-eda67fc8f7dc-medium16x9_ARCHERY_1.JPG""]",ASA-affiliated 3D archery club. Contact: Bobby Mullins.,Clintwood,Virginia
039a3163-15b8-4e60-8db2-a1b9cf25667a,Dodge County Team Bullseyes,dodge-county-team-bullseyes-ga,commercial,active,False,"325 Dodge Lake Road Eastman, GA 31023",31023,,,+14782316509,,,,,,False,False,False,False,,,False,False,,,false,false,"[""state-range-photos/georgia/Dodge County Team Bullseyes (Eastman).jpg""]",IBO pro shop (IBO directory).,Eastman,Georgia
90322421-73bf-4fa4-93c1-85d3a7da495a,Double G Archery,double-g-archery-tx,commercial,active,False,4185-B EAST UNIVERSITY AVE,78626,30.6442517,-97.6234951,(737) 373-2911,info@doublegarchery.com,,,,,True,False,False,False,,,True,True,,,false,false,"[""https://austinot.com/wp-content/uploads/2018/07/double-g-archery-1024x850.jpg""]","Archery range located in GEORGETOWN, TX.",GEORGETOWN,Texas
1f42a339-f59e-4d58-a416-b87e4a30fa47,Double T Archery,double-t-archery-ny,club,active,False,1120 North French Road,14228,,,+17166880438,,http://www.doubletarchery.com/,,,,False,False,False,False,,,False,False,,,false,false,"[""https://www.doubletarchery.com/publishImages/index~~element95.jpg""]","Archery range located in Amherst, NY.",Amherst,New York
18c06058-a15d-4989-aca1-4019bb595cd9,Douglas Archery,douglas-archery-ut,commercial,active,False,2840 F Ave,84401,,,(801) 513-0751,douglasarcheryut@gmail.com,https://www.douglasarchery.com/,"Tuesday-Friday: 11am-7pm, Saturday-Monday: Closed",,,True,False,False,False,,,False,False,,,false,false,"[""state-range-photos/utah/Douglas Archery (Ogden).jpg""]","Archery range located in Ogden, UT.",Ogden,Utah
54f4bfb1-ae10-462d-a251-a7c28544e51b,Dover Consolidated Sportsmen,dover-consolidated-sportsmen-nj,club,active,False,,,,,,,,,,,False,False,False,False,,,False,False,,,false,false,"[""state-range-photos/new-jersey/Dover Consolidated Sportsmen (Dover).jpg""]","Archery range located in Dover, NJ.",Dover,New Jersey
0516c9dd-0625-4d3f-a56b-8229ab78912e,Downwind Nockbusters,downwind-nockbusters-id,hybrid,active,False,7323 East Ririe Highway,83401,,,,downwind@ida.net,,,,,False,False,False,False,,,False,False,,,false,false,"[""state-range-photos/idaho/Downwind Nockbusters (Idaho Falls).jpg""]","USA Archery affiliated club. Programs: Junior Olympic Archery Development (JOAD), Adult Archery Program, 3D Archery, Field Archery",Idaho Falls,Idaho
47783923-5412-4097-a0dc-47f40ad246c6,Drawn to Him,drawn-to-him-nc,volunteer_club,active,False,750 Hatcher Rd,27576,,,+19196236450,chriscreedxs@gmail.com,,,,,False,False,False,False,,,False,False,,,false,false,"[""state-range-photos/north-carolina/Drawn to Him (Selma).jpg""]",ASA-affiliated 3D archery club. Contact: Chris  Willard.,Selma,North Carolina
f56eb868-81c2-40ac-8986-c4b1e884aeb9,Dream Chasers JOAD,dream-chasers-joad-az,hybrid,active,False,3946 E State Hwy 260,85541,,,+19289780740,dreamchasersjoad@yahoo.com,,,,,False,False,False,False,,,False,False,,,false,false,"[""https://images.squarespace-cdn.com/content/v1/562fe58ce4b0926a4a5c7002/1458771693801-BEO8D0A4R1PP2TBQ7NY8/AZ+JOAD+Indoor+Compound+Feb+6+2016+-+6+of+192.jpg""]",USA Archery affiliated club. Programs: Junior Olympic Archery Development (JOAD),Payson,Arizona
bd443853-61bc-476b-ac76-20c846d8c272,Dreamcatcher Archery,dreamcatcher-archery-nv,commercial,active,False,,,,,,,,,,,False,False,False,False,,,False,False,,,false,false,"[""state-range-photos/nevada/Dreamcatcher Archery (Las Vegas).jpg""]","Archery range located in Las Vegas, NV.",Las Vegas,Nevada
d864c9e7-db16-47ec-96a8-2257c04474f8,Drop Tine Archery,drop-tine-archery-nc,commercial,active,False,,,,,+13369093171,droptinearchery10@gmail.com,http://www.droptinearchery.com,,,,False,False,False,False,,,False,False,,,false,false,"[""state-range-photos/north-carolina/Drop Tine Archery (Charlotte).jpg""]","Archery range located in Charlotte, NC.",Charlotte,North Carolina
5fb1c988-4444-46a7-9273-d9ef74775b41,Dropshot Archery,dropshot-archery-pa,commercial,active,False,"518 Pond Street, Bristol PA 19007",,,,(267) 481-4441,bristolarcheryco@gmail.com,https://dropshotarcheryshop.com/,,,,True,False,False,False,,,False,True,,,false,false,"[""https://assets3.thrillist.com/v1/image/3173867/1200x600/scale;;webp=auto;jpeg_quality=85.jpg""]","Archery range located in Philadelphia, PA.",Philadelphia,Pennsylvania
f9ba8dff-3d19-4af4-bfdd-e6820a81b01d,DropTine 3D Archery,droptine-3d-archery-ky,volunteer_club,active,False,900 Hunter Lane,40351,,,+16062079771,rowleychris03@gmail.com,,,,,False,False,False,False,,,False,False,,,false,false,"[""state-range-photos/kentucky/DropTine 3D Archery (Morehead).jpg""]",ASA-affiliated 3D archery club. Contact: Chris Rowley.,Morehead,Kentucky
4fa0ea75-c8b9-4e6e-9e54-7d681ee4d393,Dulce Jicarilla Bowhunters Archery Club,dulce-jicarilla-bowhunters-archery-club-nm,club,active,False,"38 Airport Road Dulce, NM 87528",,,,,,,,,,False,False,False,False,,,False,False,,,false,false,"[""state-range-photos/new-mexico/Dulce Jicarilla Bowhunters Archery Club (Dulce).jpg""]","Archery range located in Dulce, NM.",Dulce,New Mexico
508072c5-7aef-47f4-9a81-ff1598221d95,Duncan Bowhunters,duncan-bowhunters-ok,volunteer_club,active,False,Duncan Lake Rd,73533,,,+15804672900,dulworth@live.com,,,,,False,False,False,False,,,False,False,,,false,false,"[""state-range-photos/oklahoma/Duncan Bowhunters (Duncan).jpg""]",ASA-affiliated 3D archery club. Contact: Debbie Dulworth.,Duncan,Oklahoma
a6cb53a2-3001-4208-85d4-9c8926e95a28,Durham County Wildlife Club,durham-county-wildlife-club-nc,volunteer_club,active,False,116 TRAPPERS RUN DR,27513,35.778158,-78.8111641,919-468-7115,justxsroz@aol.com,https://dcwc.info/sports/archery,,,,False,True,True,True,,,False,True,,,false,false,"[""https://dcwc.info/_next/image?url=https://storage.googleapis.com/stateless-dcwc-info/2021/04/c3f6a02c-club-welcome-sign.jpg&w=1536&q=80""]","Archery range located in CARY, NC.",Cary,North Carolina
4a932930-7217-4bd2-a116-b9491501b5b1,Dyke Springs Archery Club,dyke-springs-archery-club-ar,volunteer_club,active,False,3105 Hwy 73 E,71801,,,+18708261757,hammond.nj@gmail.com,,,,,False,False,False,False,,,False,False,,,false,false,"[""state-range-photos/arkansas/Dyke Springs Archery Club (Hope).jpg""]",ASA-affiliated 3D archery club. Contact: Nick Hammond.,Hope,Arkansas
590f1000-13ba-4667-9462-01d7c22db544,E and J Archery,e-and-j-archery-ma,commercial,active,False,,01027,,,,,,,,,False,False,False,False,,,False,False,,,false,false,"[""state-range-photos/massachusetts/E and J Archery (West Hampton).jpg""]",IBO pro shop (IBO directory).,West Hampton,Massachusetts
d5dbf45b-c468-4090-b257-0aa4e46a8d0e,Eagle Archers,eagle-archers-tn,hybrid,active,False,1500 TN-75,37617,,,+14233237128,duttonarchery@gmail.com,,,,,False,False,False,False,,,False,False,,,false,false,"[""state-range-photos/tennessee/Eagle Archers (Blountville).jpg""]","USA Archery affiliated club. Programs: Junior Olympic Archery Development (JOAD), Adult Archery Program",Blountville,Tennessee
402fd57c-4e4d-4425-bef2-2e71c58a5882,Eagle Cap Traditional Archers,eagle-cap-traditional-archers-or,club,active,False,,,,,,,http://eaglecaptraditionalarchers.wordpress.com/,,,,False,True,False,False,,,False,False,,,false,false,"[""state-range-photos/oregon/Eagle Cap Traditional Archers (La Grande).jpg""]","Archery range located in La Grande, OR.",La Grande,Oregon
1388fada-58fe-4a16-9acd-ca1fde1e8d3d,Eagle Creek Archery,eagle-creek-archery-ga,hybrid,active,False,3271 Old Register Road,30458,,,,cpelton@georgiasouthern.edu,,,,,False,False,False,False,,,False,False,,,false,false,"[""state-range-photos/georgia/Eagle Creek Archery (Statesboro).jpg""]","USA Archery affiliated club. Programs: Junior Olympic Archery Development (JOAD), Adult Archery Program",Statesboro,Georgia
5065415b-ec06-4413-a3f6-9ae93ab9ef6b,Eagle Outdoors Archery Club,eagle-outdoors-archery-club-mo,volunteer_club,active,False,18050 PARROT ROAD,64850,,,+14172088695,bowcoach12@gmail.com,,,,,False,False,False,False,,,False,False,,,false,false,"[""https://i.ytimg.com/vi/BkZ0fJayM6Y/maxresdefault.jpg""]",ASA-affiliated 3D archery club. Contact: Jeremy  Whittle.,Neosho,Missouri
abe3ad40-601b-402c-8031-9ced26169688,East Alabama Archery Association,east-alabama-archery-association-al,volunteer_club,active,False,1474 CR 148,36804,,,+13347072625,donjackson1977@gmail.com,,,,,False,False,False,False,,,False,False,,,false,false,"[""https://i0.wp.com/bhamnow.com/wp-content/uploads/2023/04/AO-Tourism-9-scaled.jpg?resize=1400,934&ssl=1""]",ASA-affiliated 3D archery club. Contact: Don Jackson.,Opelika,Alabama
9694e31d-7aa0-42ad-be8b-f9e3441a85b3,East Central IL Archers,east-central-il-archers-il,volunteer_club,active,False,1701 Perkins Road,61801,,,,Rick.kumler@gmail.com,https://eastcentralilarchers.com,,,,False,False,False,False,,,False,False,,,false,false,"[""state-range-photos/illinois/East Central IL Archers (Urbana).jpg""]",ASA-affiliated 3D archery club. Contact: Rick Kumler.,Urbana,Illinois
1d2ec93d-41ef-490a-a5c9-d8f4d1634787,East Central Upper Peninsula Archers Association,east-central-upper-peninsula-archers-association-mi,volunteer_club,active,False,W17307 Brotherton Road,49838,46.144677,-85.766875,+19065866305,bradnovak83@gmail.com,,,,,False,False,False,False,,,False,False,,,false,false,"[""state-range-photos/michigan/East Central Upper Peninsula Archers Association (Gould City).jpg""]","Archery range located in Gould City, MI.",Gould City,Michigan
687621f9-3ca8-4362-87b9-df765e1cf1b6,East Coast Archery,east-coast-archery-ma,hybrid,active,False,141 Bridge Road Suite 200A Salisbury MA 01952,01952,,,(978) 255-7543,johnlyman@verizon.net,https://www.eastcoastarchery.com/,"Tue-Wed 11am-5pm, Thu 11am-7pm, Fri 11am-5pm, Sat-Sun 12pm-4pm, Mon Closed",,,True,False,False,False,,$10/hr,True,True,,,false,false,"[""state-range-photos/massachusetts/East Coast Archery (Salisbury).jpg""]","USA Archery affiliated club. Programs: Junior Olympic Archery Development (JOAD), Adult Archery Program",Salisbury,Massachusetts
fcd35ad6-6330-4791-9cf0-74448fc755e5,East End Archery,east-end-archery-ny,hybrid,active,False,PO Box 288,11958,,,,eastendfencing@gmail.com,,,,,False,False,False,False,,,False,False,,,false,false,"[""https://images.squarespace-cdn.com/content/v1/62a889600c66683fb9729c7b/a2d2dab8-ff80-43d8-a9db-e2979b66cb5d/8B2A0220.jpg?format=1500w""]",USA Archery affiliated club. Programs: Junior Olympic Archery Development (JOAD),Peconic,New York
944015eb-3747-46f5-9cf5-a4069d33b1b3,East Haven Archery Range,east-haven-archery-range-ct,public,active,False,591 N High St,06512,,,,,,,,,False,False,False,False,,,False,False,,,false,false,"[""state-range-photos/connecticut/East Haven Archery Range (East Haven).jpg""]","Archery range located in East Haven, CT.",East Haven,Connecticut
da474802-aecc-49ee-85fe-9c2d4d5d5d37,East River Archery,east-river-archery-fl,hybrid,active,False,"650 East River Falcons Way, Room#538, Between 500-600 buildings",32833,,,(407)956-8550 ex 6332518,peter.mccormick@ocps.net,https://eastriverarchery.usarchery.org/,,,10,False,False,False,False,,,False,True,,,false,false,"[""state-range-photos/florida/East River Archery (Orlando).jpg""]","USA Archery affiliated club. Programs: Junior Olympic Archery Development (JOAD), Adult Archery Program",Orlando,Florida
3f56bf51-867f-4b9b-89b9-4c2ab804ea1a,Eastern Sierra Archers,eastern-sierra-archers-ca,volunteer_club,active,False,220 Sawmill Rd,93514,37.3899578,-118.5009119,+17602586191,stephenpfeiler@gmail.com,,,,,False,False,False,False,,,False,False,,,false,false,"[""state-range-photos/california/Eastern Sierra Archers (Bishop).jpg""]","Archery range located in Bishop, CA.",Bishop,California
95ce8222-c87e-4914-a7f8-2b28d794b809,Easton Archery Center of Excellence,easton-archery-center-of-excellence-ca,commercial,active,False,"2800 Olympic Pkwy Bldg 2000, Chula Vista, CA 91915",,,,,info.eace@esdf.org,https://www.eastonarcherycenterofexcellence.org/,,,,False,False,False,False,,,False,False,,,false,false,"[""state-range-photos/california/Easton Archery Center of Excellence (Chula Vista).jpg""]","Archery range located in Chula Vista, CA.",Chula Vista,California
0dd90df3-935a-4dfd-b89d-0d036911bed8,Easton Center of Excellence,easton-center-of-excellence-ca,hybrid,active,False,2800 Olympic Parkway #2000,91915,,,+16192054326,programs@esdf.org,https://www.eastonarcherycenterofexcellence.org,,,,False,False,False,False,,,False,False,,,false,false,"[""https://images.squarespace-cdn.com/content/v1/538e21b5e4b00283bf203da6/1505755858376-PDD3M2UKC0VGQ97RSPRS/MTP_8773-Edit.jpg""]","USA Archery affiliated club. Programs: Junior Olympic Archery Development (JOAD), Adult Archery Program",Chula Vista,California
9d673e0d-4598-4ccf-8b74-94ddc828bdc9,Easton Newberry Archery Club,easton-newberry-archery-club-fl,hybrid,active,False,24880 N.W. 16Th Avenue,32669,,,,customerservicenewberry@esdf.org,https://eastonnewberryarcherycenter.org/,,,,False,False,False,False,,,True,True,,,false,false,"[""https://tuba-archery.com/wp-content/uploads/2026/01/th-439.jpg""]","USA Archery affiliated club. Programs: Junior Olympic Archery Development (JOAD), Adult Archery Program, 3D Archery, Field Archery",Newberry,Florida
f180122b-de64-4f02-886e-799c271c751f,Easton Rancho Park Archery Range,easton-rancho-park-archery-range-ca,public,active,False,2551 Motor Ave.,90064,,,(213) 632-8086,info@ranchoparkarchers.org,https://www.ranchoparkarchers.org/,"8:00 am - 10:00 pm, 7 days per week",,,False,False,False,False,$35 Single / $60 Family / $30 Senior,,False,True,,,false,false,"[""https://archerylessons.info/ranges/wp-content/uploads/2024/09/Easton-Rancho-Park-Archery-Range2.jpg""]","Archery range located in Los Angeles, CA.",Los Angeles,California
ac03b81b-d967-4b3e-bbfb-43883ae072e3,Eau Claire Archers Inc.,eau-claire-archers-inc-wi,club,active,False,"2145 Murphy Ln, Eau Claire, WI 54703",,,,+17152714466,,http://www.eauclairearchers.org,,,,False,True,True,True,,,False,False,,,false,false,"[""state-range-photos/wisconsin/Eau Claire Archers Inc (Eau Claire).png""]","Archery range located in Eau Claire, WI.",Eau Claire,Wisconsin
8b01b751-70b6-44a5-a047-ab586c4f6e6e,Eau Pleine Outdoors Club,eau-pleine-outdoors-club-wi,commercial,active,False,"18232 Forward St Stratford, WI 54484",54484,,,+16082354619,,,,,,False,False,False,False,,,False,False,,,false,false,"[""state-range-photos/wisconsin/Eau Pleine Outdoors Club (Stratford).jpg""]",IBO pro shop (IBO directory).,Stratford,Wisconsin
fb7b48ce-0137-4c1d-b74c-cbd84a8ec297,Echo Valley Archers,echo-valley-archers-ia,volunteer_club,active,False,504 South Vine Street,52175,,,,travis.wymer@fahrbeverage.com,http://www.echovalleyarchers.com,,,,False,True,False,False,,,False,False,,,false,false,"[""state-range-photos/iowa/Echo Valley Archers (West Unon).jpg""]",ASA-affiliated 3D archery club. Contact: Travis Wymer.,West Unon,Iowa
1aec07a7-0c97-422c-a2f2-e659a06bc7bb,Ed Eliason JOAD,ed-eliason-joad-wa,hybrid,active,False,19829 168th ST SE,98272,,,,mwichser@frontier.com,,,,,False,False,False,False,,,False,False,,,false,false,"[""https://images.squarespace-cdn.com/content/v1/60288052174c122f8ebe7ae8/5528a5a3-4a45-40a8-ae6f-3ed39999c097/IMG_1932.JPG""]","USA Archery affiliated club. Programs: Junior Olympic Archery Development (JOAD), Adult Archery Program",Monroe,Washington
cec51d39-8609-4671-9cf9-b001d5248c82,Edwardsburg Conservation,edwardsburg-conservation-mi,commercial,active,False,"26524 Pine Lake St, Edwardsburg, MI 49112",49112,,,(269) 663-2776,edwardconsclub1946@gmail.com,https://www.edwardsburgconservationclub.org/,,,,False,True,False,False,$105 single + $10 initiation,,False,False,,,false,false,"[""https://images.unsplash.com/photo-1574607774561-e645c79a2478?w=800&h=400&fit=crop""]",IBO pro shop (IBO directory).,Edwardsburg,Michigan
7b67f07f-7754-4c1a-800b-97ae8d866547,Effingham County Sportsman Club,effingham-county-sportsman-club-il,volunteer_club,active,False,14295 Sportsmans Dr,62401,,,,kgouchenouer@gmail.com,https://www.effinghamcountysportsmanclub.com,,,,False,False,False,False,,,False,False,,,false,false,"[""state-range-photos/illinois/Effingham County Sportsman Club (Effingham).jpg""]",ASA-affiliated 3D archery club. Contact: Kevin Gouchenouer.,Effingham,Illinois
2eae3c98-e534-4090-adfc-163aa026f6de,El Dorado Archers,el-dorado-archers-ca,club,active,False,7550 E. Spring St.,90815,,,,el.dorado.archers@gmail.com,http://www.eldoradoarchers.com/,,,,False,False,False,False,,$5 class fee per person,True,True,,Traditional / Barebow / Recurve / Compound,false,false,"[""state-range-photos/california/El Dorado Archers (Long Beach).jpg""]","Archery range located in Long Beach, CA.",Long Beach,California
4ec431ab-468b-47c2-8f88-7d23123a9faa,El Dorado Hills Bowmen,el-dorado-hills-bowmen-ca,hybrid,active,False,3321 El Dorado Hills Blvd,95762,38.6743545,-121.0760794,,info@eldoradohillsbowmen.com,http://www.eldoradohillsbowmen.com/,,,,False,True,True,False,,$5 suggested donation (archers 16 and over),False,True,,,false,false,"[""https://eldoradohillsbowmen.com/wp-content/uploads/2023/09/IMG_2732-scaled.jpeg""]","USA Archery affiliated club. Programs: Junior Olympic Archery Development (JOAD), Adult Archery Program, 3D Archery, Field Archery",El Dorado Hills,California
7ab14f4a-1cf2-45ad-93ef-35ded0c99b3f,Elevated Archery Bonner Springs,elevated-archery-bonner-springs-ks,commercial,active,False,14702 Timber Ln,66012,,,,,,,,,False,False,False,False,,,False,False,,,false,false,"[""state-range-photos/kansas/Elevated Archery Bonner Springs (Bonner Springs).jpg""]","Archery range located in Bonner Springs, KS.",Bonner Springs,Kansas
ddc2c43c-f8e1-428f-9eae-520acaf4f885,Elite Archery Academy,elite-archery-academy-mi,hybrid,active,False,20162 Northrop,48219,,,313-740-7129,elitearchery49@gmail.com,http://www.elitejoad.com,"Thursday: 4:00pm-6:00pm, Saturday: 10:00am-2:00pm, Sunday: 10:00am-2:00pm",,,False,False,False,False,,"$10 adult, $7 youth",True,True,,,false,false,"[""state-range-photos/michigan/Elite Archery Academy (Detroit).jpg""]","USA Archery affiliated club. Programs: Junior Olympic Archery Development (JOAD), Adult Archery Program",Detroit,Michigan
2942a574-cd7b-4aff-a6f3-190ab71820ab,Elkhorn Archers Inc,elkhorn-archers-inc-or,volunteer_club,active,False,2235 16th St,97814,44.7794522,-117.8490532,,,https://elkhornarchers.com,,,,False,True,False,False,,,False,False,,,false,false,"[""https://images.unsplash.com/photo-1574607774561-e645c79a2478?w=800&h=400&fit=crop""]","Archery range located in Baker City, OR.",Baker City,Oregon
f7ed1466-9014-4b66-936e-18dcb346e93f,Ellinwood Archery Club,ellinwood-archery-club-ks,volunteer_club,active,False,1 1/2 Mile South of Ellinwood,67526,,,+16207917191,damian_knop@hotmail.com,,,,,False,False,False,False,,,False,False,,,false,false,"[""state-range-photos/kansas/Ellinwood Archery Club (Ellinwood).jpg""]",ASA-affiliated 3D archery club. Contact: Damian Knop.,Ellinwood,Kansas
78cb3f70-1780-4eb7-a564-dcfc47449180,Elm Creek Archery Range,elm-creek-archery-range-mn,public,active,False,"13387 129th Avenue N., Dayton, MN 55327",,,,(763) 694-7894,,https://www.threeriversparks.org/location/elm-creek-archery-range,Sunrise-Sunset,,,False,False,False,False,,,False,False,,,false,false,"[""state-range-photos/minnesota/Elm Creek Archery Range (Maple Grove).jpg""]","Archery range located in Maple Grove, MN.",Maple Grove,Minnesota
725aa27d-e25d-4482-86b2-bbaef06c216c,Elm Fork Shooting Sports Complex,elm-fork-shooting-sports-complex-tx,public,active,False,10751 Luna Road,75220,,,+19725560103,tournaments@elmfork.com,https://elmfork.com/,,,,False,False,False,False,,,False,False,,,false,false,"[""https://texasarchery.info/wp-content/uploads/2021/08/IMG_0129.jpg""]","Archery range located in Dallas, TX.",Dallas,Texas
35eaaa78-fdba-47c5-bd04-183372ec42f9,Elmore Archery Club,elmore-archery-club-al,volunteer_club,active,False,"Bennetts Archery, 84 Keri Lane",36092,,,+16052098846,rhino1977@live.com,,,,,False,False,False,False,,,False,False,,,false,false,"[""https://www.outdooralabama.com/sites/default/files/styles/content_slide_image/public/Wetumpka+Archery+Park+Opening+web+4.jpg?itok=8tjDqkdg""]",ASA-affiliated 3D archery club. Contact: Ryan Pfeifer.,Wetumpka,Alabama
14b22efa-115d-4d7d-b7d8-cbc69c46c929,Elmore Country Sportsman Association,elmore-country-sportsman-association-id,club,active,False,,,,,,,,,,,False,False,False,False,,,False,False,,,false,false,"[""https://www.binghamid.gov/media/Departments/ParksandRecreation/archery3.jpg""]","Archery range located in Mountain Home, ID.",Mountain Home,Idaho
af4e41d3-ce70-4e66-9e1c-bedfb72ada0c,Elmwood Archery,elmwood-archery-wi,commercial,active,False,W223 N3484 Duplainville Rd,53072,,,(262) 751-1119,elmwoodarchery@gmail.com,https://www.elmwoodarchery.com/,Sun 11am-4pm; Mon 1pm-5pm; Wed 2pm-7pm; Tue/Thu/Fri/Sat by appointment,,,True,False,False,False,,,False,True,,,false,false,"[""https://downtogrit.com/wp-content/uploads/2021/12/elm211130-logo-mockups-3-scaled.jpg""]","Archery range located in Pewaukee, WI.",Pewaukee,Wisconsin
15903ae5-f9b5-4fd7-a68d-db0f91b26287,Empty Quiver Archery,empty-quiver-archery-co,commercial,active,False,7180 W 117th Ave #C,80020,39.9095804,-105.0758476,720-887-6822,Emptyquiverarchery@yahoo.com,https://www.emptyquiver.com/,"Mon - Fri 10AM - 9PM, Sat 10AM - 8PM, Sunday 10AM - 4PM",,28,True,False,False,False,,$12,True,True,"$22-$30 (class), $30-$50 (private)",,false,false,"[""state-range-photos/colorado/Empty Quiver Archery (Broomfield).jpg""]","Archery range located in BROOMFIELD, CO.",Broomfield,Colorado
5a4320fb-021f-4208-8487-1bc159bf8987,Enduring Freedom Academy,enduring-freedom-academy-tx,commercial,active,False,"4700 Timco W Ste 117, San Antonio, TX 78238",78238,,,(210) 897-1918,,,,,,False,False,False,False,,,False,False,,,false,false,"[""state-range-photos/texas/Enduring Freedom Academy (San Antonio).jpg""]","Archery range located in San Antonio, TX.",San Antonio,Texas
7d4f2f45-a6c3-4e7c-a394-b963664b362f,Enduring Freedom Co.,enduring-freedom-co-tx,hybrid,active,False,"4700 Timco W, Suite 117",78238,,,,LPerales152@gmail.com,https://enduringfreedomco.org,,,,False,False,False,False,,,False,False,,,false,false,"[""https://images.unsplash.com/photo-1574607774561-e645c79a2478?w=800&h=400&fit=crop""]","USA Archery affiliated club. Programs: Junior Olympic Archery Development (JOAD), Adult Archery Program, 3D Archery, Field Archery",San Antonio,Texas
e3601f24-fbb9-41df-b48d-c27198358670,Eros Archery,eros-archery-ct,hybrid,active,False,"135 South Main Street, Suite 14",06787,41.6687702,-73.0764224,(959) 209-2497,ErosArcheryCoaching@gmail.com,https://erosarchery.com/,,,,True,False,False,False,,$25/hr,True,True,$30 for 30 min or $50 for 60 min,,false,false,"[""https://i.ytimg.com/vi/diHR4R0Cm04/maxresdefault.jpg""]","USA Archery affiliated club. Programs: Junior Olympic Archery Development (JOAD), Adult Archery Program",Thomaston,Connecticut
c4f655a2-01dc-4706-90b2-583cd3257af3,Etowah County Bowhunters Club,etowah-county-bowhunters-club-al,volunteer_club,active,False,4641 Colvin Gap Rd,35903,,,+12569440088,semiproarcher325@gmail.com,,,,,False,False,False,False,,,False,False,,,false,false,"[""state-range-photos/alabama/Etowah County Bowhunters Club (Hokes Bluff).jpg""]",ASA-affiliated 3D archery club. Contact: Patrick Gray.,Hokes Bluff,Alabama
ab0fd3fd-da93-40bb-a067-867e792ccfee,Eureka Archery Club,eureka-archery-club-ks,volunteer_club,active,False,2181 T Road,67045,,,+16205833230,frank_ray97@yahoo.com,,,,,False,False,False,False,,,False,False,,,false,false,"[""state-range-photos/kansas/Eureka Archery Club (Eureka).jpg""]",ASA-affiliated 3D archery club. Contact: Frank Ray.,Eureka,Kansas
645b52a1-57bf-4779-b821-fbd66bc78204,Eutaw Forest Archers,eutaw-forest-archers-md,club,active,False,3550 Elsa Ave,20603,,,,,,,,,False,False,False,False,,,False,False,,,false,false,"[""state-range-photos/maryland/Eutaw Forest Archers (Waldorf).jpg""]","Archery range located in Waldorf, MD.",Waldorf,Maryland
d641cb1e-3da9-4394-a092-80db55bacd8d,Evans Archery Range,evans-archery-range-oh,public,active,False,"1376 N. Saint Mary's Road, Spencerville, OH 45887",45887,,,,,https://www.jampd.com/parks-facilities/evans-archery-range/,,,,False,False,False,False,,,False,False,,,false,false,"[""https://jampd.com/wp-content/uploads/2024/06/Evans-Archery-Range-3.jpg""]","Archery range located in Spencerville, OH.",Spencerville,Ohio
91b01728-b065-4fe4-a522-9646b7f498a9,Evans Joad,evans-joad-ny,hybrid,active,False,1301 Church Rd,14006,,,+17165490333,archeryisa10@yahoo.com,https://www.evansrodandgunclub.com,,,,False,False,False,False,,,False,False,,,false,false,"[""state-range-photos/new-york/Evans Joad (Angola).jpg""]",USA Archery affiliated club. Programs: Junior Olympic Archery Development (JOAD),Angola,New York
ebb90101-1c64-4edc-9b0e-561fc4a52956,Everglades Archers,everglades-archers-fl,volunteer_club,active,False,17415 SW 264th St,33031-1900,25.5211598,-80.4742151,305-331-0188,evergladesarchersemail@gmail.com,https://www.evergladesarcheryrange.com/,,,,False,True,True,True,$250/year,,False,False,,,false,false,"[""https://s3-media0.fl.yelpcdn.com/bphoto/s_ok1isrzRX55--kiQXZTw/l.jpg""]","Archery range located in Homestead, FL.",Homestead,Florida
4df598d8-c29a-4ce7-884c-d438e5ec8398,Evergreen Archery Club,evergreen-archery-club-wa,volunteer_club,active,False,PO BOX 48795,99228,47.72,-117.42,(253) 548-4587,evergreenarcherywa@gmail.com,https://www.evergreenarcheryclub.org/,,,,False,True,True,True,$120 adult per year,,False,False,,,false,false,"[""https://images.squarespace-cdn.com/content/v1/5e2526b24610b208611c6b05/1580092846521-CDGWT31675CPSC8VPLHK/Flat+Range.png""]","Archery range located in SPOKANE, WA.",Spokane,Washington
95d4ddab-508b-477d-872b-a26c8f65767c,Every Arrow Counts Archery,every-arrow-counts-archery-ga,hybrid,active,False,1100 Walton Mill Rd,30650,,,+17068180294,gowinging@aol.com,,,,,False,False,False,False,,,False,False,,,false,false,"[""state-range-photos/georgia/Every Arrow Counts Archery (Madison).jpg""]","USA Archery affiliated club. Programs: Junior Olympic Archery Development (JOAD), Adult Archery Program",Madison,Georgia
760dd0a3-8501-426a-bcb0-b03a63a49add,Exeter Sportsman's Club,exeter-sportsman-s-club-nh,club,active,False,"111 Portsmouth Ave, Exeter, NH 03833",,,,(603) 772-7468,contact@exetersc.com,https://www.exetersc.com/,"Shooting: Mon-Sat 8:30AM-7:30PM, Sun 12:00PM-7:30PM. Archery: dawn to dusk daily.",,,False,False,False,True,,,True,True,,,false,false,"[""state-range-photos/new-hampshire/Exeter Sportsmans Club (Exeter).png""]","Archery range located in Exeter, NH.",Exeter,New Hampshire
2421be83-0df4-4241-9991-eea1d8add42d,Explore Archery - Appleton,explore-archery-appleton-or,volunteer_club,active,False,3009 N Birch,97850,,,,alpinearcheryllc@gmail.com,,,,,False,False,False,False,,,False,False,,,false,false,"[""state-range-photos/oregon/Explore Archery - Appleton (La Grande).jpg""]","Archery range located in La Grande, OR.",La Grande,Oregon
d16d0ca1-e71e-48a8-99b4-fa4410b3fb75,Fairfield County Fish & Game Protective Association,fairfield-county-fish-game-protective-association-ct,club,active,False,"310 Hammertown Rd, Monroe, CT 06468",,,,,,https://www.fcfgpa.org/archery,,,10,False,True,True,False,,,False,False,,,false,false,"[""state-range-photos/connecticut/Fairfield County Fish  Game Protective Association (Monroe).jpg""]","Archery range located in Monroe, CT.",Monroe,Connecticut
24ca2644-90e0-41b7-bdce-8dc5274e1625,Faith and Archery,faith-and-archery-ga,commercial,active,False,327 Rockwell Church Rd NW,30680,,,+17066219143,chuck.henzy@faithandarchery.com,https://www.faithandarchery.com/,,,,False,False,False,False,,,False,False,,,false,false,"[""state-range-photos/georgia/Faith and Archery (Winder).jpg""]","Archery range located in Winder, GA.",Winder,Georgia
b441de84-4eb6-4b58-b40a-06ae917cf5e8,Falcon Archers Joad,falcon-archers-joad-pa,hybrid,active,False,47 Papp Road,15317,,,,falcon.joad@gmail.com,http://falconjoad.org,,,,False,False,False,False,,,False,False,,,false,false,"[""state-range-photos/pennsylvania/Falcon Archers Joad (Canonsburg).png""]",USA Archery affiliated club. Programs: Junior Olympic Archery Development (JOAD),Canonsburg,Pennsylvania
202a3e76-06d8-47be-86c6-079a93e89fc2,Fall Creek Valley Conservation Club,fall-creek-valley-conservation-club-in,club,active,False,1204 CR 610 S,46056,,,,ericgoodpaster@gmail.com,https://fcvcc.org,,,,False,False,False,False,,,False,False,,,false,false,"[""state-range-photos/indiana/Fall Creek Valley Conservation Club (Markleville).jpg""]",ASA-affiliated archery club. Status: Expired 2025,Markleville,Indiana
ebbbefcf-b504-4407-b670-a32e8409d087,Fallon Bowmen,fallon-bowmen-nv,volunteer_club,active,False,325 Sheckler Road,89406,39.4597251,-118.7870358,,fallonbowmen01@gmail.com,https://www.fallonbowmen.com/,,,,False,False,False,False,,,False,False,,,false,false,"[""state-range-photos/nevada/Fallon Bowmen (Fallon).jpg""]","Archery range located in Fallon, NV.",Fallon,Nevada
c0c7620f-56bb-4b16-9b60-6efb4bbaaf00,Farmington Fish & Game Club,farmington-fish-game-club-nh,volunteer_club,active,False,64 Old Bay Rd,03855,,,,fullerbn@gmail.com,https://farmingtonfishandgameclub.com/,,,,False,True,False,False,,,False,False,,,false,false,"[""state-range-photos/new-hampshire/Farmington Fish  Game Club (New Durham).jpg""]",ASA-affiliated 3D archery club. Contact: Brian Fuller.,New Durham,New Hampshire
7675e319-04c3-4d80-b075-bb72daa4bbfa,Fat Shafts Archery,fat-shafts-archery-ca,hybrid,active,False,"3001 Bayshore Road, Ste. 9",94510,38.0623162,-122.1294949,(707) 745-0447,fsa@fatshaftsarchery.com,http://www.fatshaftsarchery.com/,"Tuesday thru Saturday 12-6pm, CLOSED Sundays and Mondays",,,True,False,False,False,,,False,True,,,false,false,"[""state-range-photos/california/Fat Shafts Archery (Benicia).jpg""]","USA Archery affiliated club. Programs: Junior Olympic Archery Development (JOAD), Adult Archery Program",Benicia,California
e1a11327-645c-4a10-9245-8f49e6f73353,FC Bowhunters Association,fc-bowhunters-association-nm,volunteer_club,active,False,P.O. Box 1325,87415,,,+15053208242,fcbowhunterassc@yahoo.com,,,,,False,False,False,False,,,False,False,,,false,false,"[""state-range-photos/new-mexico/FC Bowhunters Association (Flora Vista).jpg""]",ASA-affiliated 3D archery club. Contact: David Archuleta.,Flora Vista,New Mexico
e1c670b5-9ffb-47df-af0d-2d43d6a35d6e,Feathers & Antlers Outdoors,feathers-antlers-outdoors-ga,commercial,active,False,800 Steven B Tanger Blvd Suite 101A,30529,,,+17063350034,info@feathersandantlersoutdoors.com,https://www.feathersandantlersoutdoors.com/,,,,False,False,False,False,,,False,False,,,false,false,"[""https://images.unsplash.com/photo-1574607774561-e645c79a2478?w=800&h=400&fit=crop""]","Archery range located in Commerce, GA.",Commerce,Georgia
81c6d5f0-8e5b-4e88-8769-0a4f32f8dc7f,Feraris Archery,feraris-archery-ky,commercial,active,False,"1525 John Thomas Rd, Manitou, KY 42436",42436,,,,,,,,,False,False,False,False,,,False,False,,,false,false,"[""state-range-photos/kentucky/Feraris Archery (Manitou).jpg""]",IBO pro shop (IBO directory).,Manitou,Kentucky
a2402b99-5da9-45b8-9a59-31ed0c32a17f,Fertigs Archery Club,fertigs-archery-club-pa,commercial,active,False,,16301,,,,,,,,,False,False,False,False,,,False,False,,,false,false,"[""state-range-photos/pennsylvania/Fertigs Archery Club (Oil City).jpg""]",IBO pro shop (IBO directory).,Oil City,Pennsylvania
f81663b6-ba8f-4fa8-ab90-7df4fd20fa29,FFX Archery,ffx-archery-va,hybrid,active,False,"Bull Run Public Shooting Center, 7700 Bull Run Dr.",20121,,,571-550-1347,ffxarchery@gmail.com,http://www.ffxarchery.com,,,,False,False,False,False,,,False,True,,"Olympic Recurve, Barebow, Compound, Traditional",false,false,"[""state-range-photos/virginia/FFX Archery (Centreville).jpg""]","USA Archery affiliated club. Programs: Junior Olympic Archery Development (JOAD), Adult Archery Program",Centreville,Virginia
1d012ea5-a5ba-4981-81ca-52aae666a88e,First Flight Archery,first-flight-archery-nc,commercial,active,False,6718 Old Wake Forest Rd,27616,35.8674381,-78.5867852,(919) 676-6799,john@firstflightarchery.com,https://firstflightarchery.com,,,26,True,False,False,False,,$20/day,True,True,,,false,false,"[""state-range-photos/north-carolina/First Flight Archery (Raleigh).jpg""]","Archery range located in Raleigh, NC.",Raleigh,North Carolina
fd4cd258-0160-40b0-8ad4-1e4628b618b5,Fisherman's Warehouse OH,fisherman-s-warehouse-oh-oh,commercial,active,False,1125 Williams Rd,43207,,,+16144918383,,,,,,False,False,False,False,,,False,False,,,false,false,"[""https://s3-media0.fl.yelpcdn.com/bphoto/eyEmZ4l3njihtAqho2aUyA/l.jpg""]","Archery range located in Columbus, OH.",Columbus,Ohio
a9366cd9-e25c-47bd-8d3f-aa395ea5275f,Fishing Creek Archery Club,fishing-creek-archery-club-nc,club,active,False,,,,,+12522895095,,,,,,False,False,False,False,,,False,False,,,false,false,"[""state-range-photos/north-carolina/Fishing Creek Archery Club (Nashville).jpg""]","Archery range located in Nashville, NC.",Nashville,North Carolina
9979eece-08c2-4c61-988c-3a1f134ddfc6,Five Birds Archery,five-birds-archery-ca,hybrid,active,False,"Laguna Woods Archery Range/ Club House One, 24232 Calle Aragon",92637,,,,fivebirds@mac.com,http://heroeshearts.org,,,,False,False,False,False,,,False,False,,,false,false,"[""state-range-photos/california/Five Birds Archery (Laguna Woods).jpg""]","USA Archery affiliated club. Programs: Junior Olympic Archery Development (JOAD), Adult Archery Program, Field Archery",Laguna Woods,California
076e9be0-bca7-4641-bc34-47dc3718a471,Five or Better Archery,five-or-better-archery-tn,volunteer_club,active,False,1895 Phillip Fulmer Parkway,37398,,,+19312471169,adams.trenton07@gmail.com,,,,,False,False,False,False,,,False,False,,,false,false,"[""state-range-photos/tennessee/Five or Better Archery (Winchester).jpg""]",ASA-affiliated 3D archery club. Contact: Trenton Adams.,Winchester,Tennessee
5fae99d0-7c78-4ad3-8ad4-09fc4c79c0bd,Five Valleys Archery Club,five-valleys-archery-club-mt,club,active,False,P.O. Box 5083,59806,,,406-240-3994,fvac@live.com,https://www.fivevalleysarcheryclub.com/,,,,False,True,False,True,$125,,False,False,,,false,false,"[""state-range-photos/montana/Five Valleys Archery Club (Missoula).webp""]","Archery range located in Missoula, MT.",Missoula,Montana
9f9e2b93-082e-4295-bd85-7af760ae23e6,Flagler Gun and Archery Club,flagler-gun-and-archery-club-fl,club,active,False,1290 CR 90E,32210,,,888-823-4251,Archery@FlaglerGunClub.com,http://www.flaglergunclub.com,,,,False,True,False,True,,,False,False,,,false,false,"[""state-range-photos/florida/Flagler Gun and Archery Club (Bunnell).jpg""]","Archery range located in Bunnell, FL.",Bunnell,Florida
d9c94700-4925-4051-abba-23fc06d1d39e,Flat Shootin Archery,flat-shootin-archery-ky,volunteer_club,active,False,528 Poplar Flat Rd,41189,,,+1606-541-0347,casey.m1986@hotmail.com,https://flatshootiarchery.com,,,,False,True,False,False,,,False,False,,,false,false,"[""state-range-photos/kentucky/Flat Shootin Archery (Tollesboro).jpg""]",ASA-affiliated 3D archery club. Contact: Casey Mc Cann.,Tollesboro,Kentucky
4414bddf-a607-467d-a081-becd864178b3,Flathead Valley Archers,flathead-valley-archers-mt,club,active,False,P.O. Box 1282,59903,,,+14062125090,flatheadvalleyarchers@gmail.com,https://flatheadvalleyarchers.com/,,,,False,False,False,False,,,False,False,,,false,false,"[""https://images.unsplash.com/photo-1574607774561-e645c79a2478?w=800&h=400&fit=crop""]","Archery range located in Kalispell, MT.",Kalispell,Montana
38a848aa-06c4-4aa8-852b-88ac682a8e07,Fletcha Brothers Archery Club,fletcha-brothers-archery-club-tx,volunteer_club,active,False,3215 Rebecca Creek Rd,78070,,,+12103919480,fletchabrothersarcheryclub@hotmail.com,,,,,False,False,False,False,,,False,False,,,false,false,"[""state-range-photos/texas/Fletcha Brothers Archery Club (Spring Branch).jpg""]",ASA-affiliated 3D archery club. Contact: Raul  Reyes Jr.,Spring Branch,Texas
0c2f81fd-7f3a-4670-9a4c-c4995305c36d,Flint Bowmen Inc,flint-bowmen-inc-mi,volunteer_club,active,False,5478 S BELSAY RD,48439,42.949219,-83.601878,+18106951660,Info@flintbowmen.com,https://flintbowmen.com/,,,14,False,True,True,False,,,False,True,,,false,false,"[""state-range-photos/michigan/Flint Bowmen Inc (GRAND BLANC).png""]","Archery range located in GRAND BLANC, MI.",GRAND BLANC,Michigan
56e83152-ea3f-4f67-81c4-e522d04e7d28,Flint River Archery Club,flint-river-archery-club-ia,hybrid,active,False,"501 Jefferson Street, Indoor range located Downstairs of 501 Jefferson St/Entrance to range located on N. 5th St.",52601,40.8101867,-91.1053662,,FlintRiverArcheryClub.IA@Gmail.com,http://www.flintriverarchery.org,Currently by Appointment Only,,,False,True,False,False,,,False,True,,,false,false,"[""state-range-photos/iowa/Flint River Archery Club (Burlington).jpg""]","USA Archery affiliated club. Programs: Junior Olympic Archery Development (JOAD), 3D Archery",Burlington,Iowa
efa224a9-721e-481c-8866-e10f32a32a71,Florida Poly Archery,florida-poly-archery-fl,volunteer_club,active,False,4700 research way,33805,,,,archery@floridapoly.edu,https://floridapoly.edu/studentlife/athletics-recreation/,,,,False,False,False,False,,,False,False,,,false,false,"[""https://images.foxtv.com/static.fox13news.com/www.fox13news.com/content/uploads/2022/04/1280/720/snapshot-77.jpg?ve=1&tl=1""]","Archery range located in lakeland, FL.",lakeland,Florida
ec6e44ff-97cd-4e32-8524-ce734d359222,Floyd Bennett Field Archery Range,floyd-bennett-field-archery-range-ny,public,active,False,"Floyd Bennett Field, Brooklyn, NY 11234",,,,718-354-4606,,https://www.nps.gov/gate/planyourvisit/archery.htm,Open daily Feb 1 - Nov 30; Closed Dec 1 - Jan 31,,,False,False,False,True,,,False,False,,"compound,traditional",false,false,"[""https://images.unsplash.com/photo-1574607774561-e645c79a2478?w=800&h=400&fit=crop""]","Archery range located in Brooklyn, NY.",BROOKLYN,New York
b030a23c-06b6-44b3-9c67-7a42d3131023,Flying Arrow Sports,flying-arrow-sports-ny,commercial,active,False,,,,,,,https://www.flyingarrowsports.net,,,,False,False,False,False,,,False,False,,,false,false,"[""https://flyingarrowsports.com/wp-content/uploads/2015/06/flying-arrow-storefront-carmel.jpg""]",,,New York
089c288b-aa2b-409c-b126-c1042eccf247,Flying Arrows JOAD,flying-arrows-joad-oh,hybrid,active,False,965 Miamisburg Centerville Rd,45459,,,,willdevan@aol.com,,,,,False,False,False,False,,,False,False,,,false,false,"[""state-range-photos/ohio/Flying Arrows JOAD (Washington Township).jpg""]","USA Archery affiliated club. Programs: Junior Olympic Archery Development (JOAD), Adult Archery Program",Washington Township,Ohio
8b34c621-2efe-4a1f-b48c-96ef9924a3ec,Foothills Archery,foothills-archery-nc,club,active,False,Archer Drive,28658,,,+18282616489,scottieshook04@hotmail.com,,,,,False,False,False,False,,,False,False,,,false,false,"[""state-range-photos/north-carolina/Foothills Archery (Newton).jpg""]",ASA-affiliated archery club. Status: Expired 2025,Newton,North Carolina
7fb59553-47a9-4b98-beb0-fdf079e7a0be,Foothills Public Shooting Complex,foothills-public-shooting-complex-nc,volunteer_club,active,False,283 Fielding Rd,28120,,,(704) 447-8230,sandra.orvig@clevelandcountync.gov,https://foothillspublicshooting.cc/,,,,False,True,False,False,,,False,False,,,false,false,"[""state-range-photos/north-carolina/Foothills Public Shooting Complex (Cherryville).jpg""]",ASA-affiliated 3D archery club. Contact: Sandra Orvig.,Cherryville,North Carolina
186040c0-5ee4-4da5-aad1-63412a80e255,Forest Glen Camps & Retreats,forest-glen-camps-retreats-tx,public,active,False,34 Forest Glen Rd,77340,,,+19362957641,,,,,,False,False,False,False,,,False,False,,,false,false,"[""state-range-photos/texas/Forest Glen Camps  Retreats (Huntsville).jpg""]","Archery range located in Huntsville, TX.",Huntsville,Texas
dd40a801-2aa0-43c9-9a76-04bf0b227127,Form First Archery,form-first-archery-nd,hybrid,active,False,4456 149 Avenue Nw,58503,46.9682189,-100.8544484,,phetletved@gmail.com,http://formfirstarchery.com/,,,,False,False,False,False,,,False,False,,,false,false,"[""state-range-photos/north-dakota/Form First Archery (Bismarck).jpg""]","USA Archery affiliated club. Programs: Junior Olympic Archery Development (JOAD), Adult Archery Program, 3D Archery, Field Archery",Bismarck,North Dakota
e7955670-1a54-46e6-86ee-98dc61b41699,Fort Caroline Archery Club,fort-caroline-archery-club-fl,volunteer_club,active,False,11678 Fort Caroline Rd,32225,,,,fcarcheryevents@gmail.com,https://www.fortcarolinearcheryclub.com/,,,,True,True,False,True,,,False,True,,,false,false,"[""state-range-photos/florida/Fort Caroline Archery Club (Jacksonville).jpg""]",ASA-affiliated 3D archery club. Contact: Jimmy Jones.,Jacksonville,Florida
1d4b5c22-0dba-4948-9781-3d5f44e4c496,Fort Collins Archery Association,fort-collins-archery-association-co,club,active,False,"2825 SW Frontage Rd, Fort Collins, CO 80525",,,,,FortCollinsarchery@gmail.com,https://ftcollinsarchery.com/,,,,False,True,False,False,$50,,False,False,,,false,false,"[""state-range-photos/colorado/Fort Collins Archery Association (Fort Collins).jpg""]","Archery range located in Fort Collins, CO.",Fort Collins,Colorado
1371efa7-8e90-4017-b1a9-69b4449afee0,Fort Edwards Archery Club,fort-edwards-archery-club-wv,hybrid,active,False,350 Cold Stream Road,26711,,,,fortedwardsarcheryclub@gmail.com,http://fortedwards.org,,,,False,False,False,False,,,False,False,,,false,false,"[""state-range-photos/west-virginia/Fort Edwards Archery Club (Capon Bridge).jpg""]","USA Archery affiliated club. Programs: Junior Olympic Archery Development (JOAD), Adult Archery Program",Capon Bridge,West Virginia
3b057d88-1d02-4774-a5cc-651b723e379c,Fort Lee Archery Club,fort-lee-archery-club-va,club,active,False,,,,,+18047311307,,,,,,False,False,False,False,,,False,False,,,false,false,"[""state-range-photos/virginia/Fort Lee Archery Club (Petersburg).jpg""]","Archery range located in Petersburg, VA.",Petersburg,Virginia
94e007f1-4713-4378-ab24-b8034c0a95c3,Foster Can-Tucs Primitive Weapons Club,foster-can-tucs-primitive-weapons-club-ky,club,active,False,"952 S Kennon Rd, Foster, KY 41043",,,,,,,,,,False,False,False,False,,,False,False,,,false,false,"[""state-range-photos/kentucky/Foster Can-Tucs Primitive Weapons Club (unknown).jpg""]",,,Kentucky
7526bbea-0efe-41e6-ba82-cede4f6106df,Fostoria Area Bowmen's Club,fostoria-area-bowmen-s-club-oh,club,active,False,"101 1/2 Main Street, Fostoria, OH 44830",,,,419-619-2635,th30060x@yahoo.com,,"Open 24 hours a day, 7 days a week",,,False,False,False,False,,,False,False,,,false,false,"[""https://www.ohioarchers.com/clubs/fostoria2.jpg""]","Archery range located in Fostoria, OH.",Fostoria,Ohio
718fb311-282f-4b7f-b3d3-2277a73fb2da,Four Peaks Archery,four-peaks-archery-az,commercial,active,False,229 W Mahoney Ave,85210,,,+14808340958,,,,,,False,False,False,False,,,False,False,,,false,false,"[""state-range-photos/arizona/Four Peaks Archery (Mesa).jpg""]","Archery range located in Mesa, AZ.",Mesa,Arizona
3bed6949-1a32-4a10-8764-7ddfec727915,Fox Valley Archery,fox-valley-archery-il,commercial,active,False,637 S 8th St,60118,,,(847) 428-6363,info@foxvalleyarchery.com,https://www.foxvalleyarchery.com,,,,True,False,False,False,,,False,True,,,false,false,"[""state-range-photos/illinois/Fox Valley Archery (West Dundee).jpg""]","Archery range located in West Dundee, IL.",West Dundee,Illinois
47c83d98-f9ac-4f82-ad79-f56ec996a63b,FPS Archery & Firearms,fps-archery-firearms-mi,commercial,active,False,1461 N Mitchell St,49601,,,(231) 779-3772,,https://www.fpsarchery.com/,,,,True,False,False,False,,,False,False,,,false,false,"[""state-range-photos/michigan/FPS Archery  Firearms (CADILLAC).jpg""]","Archery range located in Cadillac, MI.",CADILLAC,Michigan
046e1e66-6595-4996-bef0-908d4883029b,Franklin Gun Shop,franklin-gun-shop-ga,commercial,active,False,3941 Atlanta Hwy #2234,30622,,,,,,,,,False,False,False,False,,,False,False,,,false,false,"[""https://images.squarespace-cdn.com/content/v1/604028c71a048874afdb1292/1614824006148-RC0WH73ZTK7B7I55Z2H1/Bows.jpg""]","Archery range located in Bogart, GA.",Bogart,Georgia
1c249378-d2b4-4a92-accc-e5942a6c93bb,Fredericksburg 3d ARCHERY,fredericksburg-3d-archery-tx,volunteer_club,active,False,1555 Ranch Road 1320,78636,,,(830) 456-4350,fredericksburg3d@gmail.com,https://www.fredericksburg3darchery.org/,,,,False,True,False,False,$50/year individual; $75/year family (up to 4),,False,False,,,false,false,"[""https://images.squarespace-cdn.com/content/v1/63c8936cbd6ab84eb19a2f4e/70eeb5cb-bd84-4fe9-9949-17a64d0a97cc/IMG_0148.jpg""]",ASA-affiliated 3D archery club. Contact: Lance Langehennig.,JOHNSON CITY,Texas
a12b5e3a-5f2a-4ab5-bf31-e5d40311a9e2,Freedom Arrowsports LLC,freedom-arrowsports-llc-pa,volunteer_club,active,False,6033 Newport Rd,15725,,,,theturkeywhisperer@gmail.com,,,,,False,False,False,False,,,False,False,,,false,false,"[""state-range-photos/pennsylvania/Freedom Arrowsports LLC (Clarksburg).jpg""]",ASA-affiliated 3D archery club. Contact: Drew M Mc Graw.,Clarksburg,Pennsylvania
cc58f774-05ff-4f08-a931-ba91b2b57e88,Fremont Archery Club (Robinhood),fremont-archery-club-robinhood-ne,volunteer_club,active,False,"447 N Main Street, Fremont, NE 68025",68025,41.4335836,-96.4964845,,fremontarchery@gmail.com,https://www.fremontarchery.com/,,,,False,False,False,False,,,False,True,,,false,false,"[""https://images.unsplash.com/photo-1574607774561-e645c79a2478?w=800&h=400&fit=crop""]","Archery range located in Fremont, NE.",Fremont,Nebraska
32ce7c3b-960f-4786-aa49-829cb3b05657,Fresno Field Archers,fresno-field-archers-ca,volunteer_club,active,False,"39000 Dunlap Rd, Dunlap, CA 93621",93621,36.7401691,-119.1254273,(559) 974-2192,fresnofieldarchers@gmail.com,https://fresnofieldarchers.com,,,,False,True,True,False,"$55/year Individual, $95/year Family",,False,False,,,false,false,"[""https://fresnofieldarchers.com/wp-content/uploads/2024/06/159642306_3725141130897497_5622472432389600318_n-1.jpg""]","Archery range located in Dunlap, CA.",Dunlap,California
e8e22d8e-6b64-458a-9de8-8cda695005c6,Friends of Eisenhower,friends-of-eisenhower-ks,volunteer_club,active,False,29810 S Fairlawn Rd,66523,,,+17852502013,shawn.patrick.francis@gmail.com,,,,,False,False,False,False,,,False,False,,,false,false,"[""state-range-photos/kansas/Friends of Eisenhower (Osage City).jpg""]",ASA-affiliated 3D archery club. Contact: Shawn Francis.,Osage City,Kansas
138b3fd1-8443-4bfc-82f2-e2d247967635,Friends of the Deep Fork National Wildlife Refuse,friends-of-the-deep-fork-national-wildlife-refuse-ok,commercial,active,False,"21844 S 250 Road Okmulgee, OK 74447",74447,,,,,,,,,False,False,False,False,,,False,False,,,false,false,"[""state-range-photos/oklahoma/Friends of the Deep Fork National Wildlife Refuse (Okmulgee).jpg""]",IBO pro shop (IBO directory).,Okmulgee,Oklahoma
ef1ce22c-51de-4f69-81e0-994124fcc1f1,Frog's Timberland Archery,frog-s-timberland-archery-tn,club,active,False,5102 Foster Farms Rd,37032,,,+16156481343,frog.archery1967@gmail.com,,,,,False,False,False,False,,,False,False,,,false,false,"[""state-range-photos/tennessee/Frogs Timberland Archery (Cedar Hill).jpg""]",ASA-affiliated archery club. Status: Expired 2025,Cedar Hill,Tennessee
b3d43046-f2d5-4821-8ffe-8c8ed46de388,Frontier Outfitters Fairbanks,frontier-outfitters-fairbanks-ak,commercial,active,False,250 3rd St #6,99701,,,,,,,,,False,False,False,False,,,False,False,,,false,false,"[""https://s.yimg.com/bj/c6ce/c6ced98a8949aca16b0ef9be96b24ebe.jpg""]","Archery range located in Fairbanks, AK.",FAIRBANKS,Alaska
b6fa8be7-a90c-4cd0-8ca9-be56a99b632c,Ft Lauderdale Archers,ft-lauderdale-archers-fl,club,active,False,4590 Peters Rd,33317,,,,information@fortlauderdalearchers.com,http://www.fortlauderdalearchers.com,,,,False,True,True,True,$300/year,,False,False,,,false,false,"[""https://archerylessons.info/ranges/wp-content/uploads/2024/09/Fort-Lauderdale-Archers-488x326.jpg""]","Archery range located in Plantation, FL.",Plantation,Florida
0a33535d-4c96-498e-bb72-9f390041e04c,Full Curl Archery,full-curl-archery-ak,hybrid,active,False,"12501 Old Seward Hwy, Anchorage, AK 99515",99515,61.1074554,-149.8610823,907-344-2697,akfullcurlarchery@gmail.com,http://www.fullcurlarchery.com,"Mon Closed, Tue-Fri 11:00am-7:00pm, Sat 10:00am-7:00pm, Sun Closed",,,True,False,False,False,,,False,True,,,false,false,"[""https://s3-media0.fl.yelpcdn.com/bphoto/YTyzPRLOulH8Cr_GPEFCQA/l.jpg""]","USA Archery affiliated club. Programs: Junior Olympic Archery Development (JOAD), Adult Archery Program, 3D Archery, Field Archery",Anchorage,Alaska
414078ad-6fce-47c7-a732-69e1db3309d2,Full Draw Archery Club IA,full-draw-archery-club-ia-ia,club,active,False,5243 Keeline Rd,51012,,,,cherokeefdac@gmail.com,http://fulldrawarcheryclub.weebly.com,,,,False,True,False,False,,,False,False,,,false,false,"[""https://images.unsplash.com/photo-1574607774561-e645c79a2478?w=800&h=400&fit=crop""]","Archery range located in Cherokee, IA.",Cherokee,Iowa
3af6d211-5cd1-4ec6-a27b-8fd12dfd96af,Full Draw Archery Huntsville,full-draw-archery-huntsville-al,commercial,active,False,"2318 NW Memorial Parkway, Suite A, Huntsville, AL 35810",35810,,,256-715-1221,info@fulldrawarcheryhsv.com,https://www.fulldrawarcheryhsv.com,Tuesday-Saturday 10:00am-6:00pm,,,True,False,False,False,,,False,True,,,false,false,"[""https://images.unsplash.com/photo-1574607774561-e645c79a2478?w=800&h=400&fit=crop""]","Archery range located in Huntsville, AL.",Huntsville,Alabama
29e87c2b-446b-40e0-af9c-a781ad30ba5e,Full Draw Bowhunters,full-draw-bowhunters-az,volunteer_club,active,False,37098 North Archery Drive,85086,33.819103,-112.1634,,talboarchery@msn.com,https://full-draw-bowhunters.square.site,,,,False,True,False,False,,,False,False,,,false,false,"[""state-range-photos/arizona/Full Draw Bowhunters (Phoenix).jpg""]","Archery range located in Phoenix, AZ.",Phoenix,Arizona
875ec4bf-e202-42a3-80e7-67fce7d70658,Full Draw Outdoors,full-draw-outdoors-mn,commercial,active,False,6017 Athens Trail,55079,,,651-257-1589,willy@fulldrawarcherymn.com,https://www.fulldrawarcherymn.com/,Mon-Fri 10am-7pm / Sat 9am-5pm / Sun Closed,,,False,False,False,False,,,False,False,,,false,false,"[""https://static.wixstatic.com/media/b58f6a_fcaa2816f5374f68ba5437a1e106a32a~mv2.jpg/v1/fill/w_588,h_300,al_c,q_80,usm_0.66_1.00_0.01,enc_avif,quality_auto/b58f6a_fcaa2816f5374f68ba5437a1e106a32a~mv2.jpg""]","Archery range located in Stacy, MN.",Stacy,Minnesota
f02d43a8-90f8-4b14-a6ca-e3968c428b86,G2 Outdoor Shooting Academy,g2-outdoor-shooting-academy-ok,commercial,active,False,2598 Red Cedar Rd,73401,,,+15805042914,,,,,,False,False,False,False,,,False,False,,,false,false,"[""state-range-photos/oklahoma/G2 Outdoor Shooting Academy (Ardmore).jpg""]","Archery range located in Ardmore, OK.",Ardmore,Oklahoma
f2da02bb-95e6-402e-a662-d46c7ecc80cc,G4 Archery,g4-archery-or,commercial,active,False,30805 NW Highland Ct,97133,,,,,,,,,False,False,False,False,,,False,False,,,false,false,"[""state-range-photos/oregon/G4 Archery (North Plains).jpg""]","Archery range located in North Plains, OR.",North Plains,Oregon
c84b0ed6-569a-46ea-859e-e3ffcab2753e,Gainesville Archery Club,gainesville-archery-club-ga,volunteer_club,active,False,2125 Calvary Church Road,30507,,,+16787173485,hoyt280@yahoo.com,,,,,False,False,False,False,,,False,False,,,false,false,"[""state-range-photos/georgia/Gainesville Archery Club (Gainesville).jpg""]",ASA-affiliated 3D archery club. Contact: Jonathan Caldwell.,Gainesville,Georgia
674069d6-caae-4c3e-b12b-fdf9b2a67575,Galesburg Archery Club,galesburg-archery-club-il,volunteer_club,active,False,580 Hawthorne Court,61401,,,+13093717942,mwetterow@gmail.com,,,,,False,False,False,False,,,False,False,,,false,false,"[""state-range-photos/illinois/Galesburg Archery Club (Galesburg).jpg""]",ASA-affiliated 3D archery club. Contact: Matthew Wetterow.,Galesburg,Illinois
9f552eef-dcce-40e1-9da5-fe9d32d7eeef,Gallup Bowmen,gallup-bowmen-nm,club,active,False,Rural-one mile north of Miyamura overpass I40,37301,,,,270charliea@gmail.com,,,,,False,False,False,False,,,False,False,,,false,false,"[""state-range-photos/new-mexico/Gallup Bowmen (Gallup).jpg""]",ASA-affiliated archery club. Status: Expired 2025,Gallup,New Mexico
5b5a2575-b246-4659-af57-bcb2ed701ec8,Galveston Archery Club,galveston-archery-club-in,hybrid,active,False,302 1/2 E. Jackson St.,46932,40.579151,-86.187185,574-699-7498,galvestonarcheryclub@gmail.com,https://galvestonarcheryclub.usarchery.org/,Tuesday and Thursday 6:00pm-9:00pm,,20,False,False,False,False,,,False,False,,,false,false,"[""state-range-photos/indiana/Galveston Archery Club (Galveston).jpg""]",USA Archery affiliated club. Programs: Adult Archery Program,Galveston,Indiana
0ffadd98-0d6a-43b1-8069-782ef40c9d6f,"Game, Fish and Parks – Outdoor Campus Sioux Falls",game-fish-and-parks-outdoor-campus-sioux-falls-sd,volunteer_club,active,False,4500 S Oxbow Ave,57106,43.5057222,-96.7612259,605.362.2777,toc@state.sd.us,https://gfp.sd.gov/archery-sf/,5:00 a.m.-10:00 p.m.,,12,False,False,False,False,,Free,False,False,,,ADA accessible,false,"[""https://thingstodooutside.com/wp-content/uploads/2023/03/outdoorcampus-sioux-falls-sd.jpeg""]","Archery range located in Sioux Falls, SD.",Sioux Falls,South Dakota
85e61169-49b4-4248-925e-73209de025c6,Gamelines Archery Club,gamelines-archery-club-co,volunteer_club,active,False,PO BOX 19184,80308,40.0537695,-105.2255786,,GAC73treasurer@gamelinesarchery.com,http://gamelinesarchery.com/,,,,False,True,True,False,,,False,False,,,false,false,"[""https://images.unsplash.com/photo-1574607774561-e645c79a2478?w=800&h=400&fit=crop""]","Archery range located in BOULDER, CO.",BOULDER,Colorado
75bdc897-455a-45a0-b05d-bbd8141be640,Garden State Archery Club,garden-state-archery-club-nj,club,active,False,110 Larrison Road,,,,,,,,,,False,False,False,False,,,False,False,,,false,false,"[""state-range-photos/new-jersey/Garden State Archery Club (Jacobstown).jpg""]","Archery range located in Jacobstown, NJ.",Jacobstown,New Jersey
22fa5d1e-a678-43ad-b901-954e8b2ebb77,Gasper River Archery,gasper-river-archery-ky,volunteer_club,active,False,14620 Morgantown Rd,42101,,,+12702026946,gasperriverarchery@gmail.com,,,,,False,False,False,False,,,False,False,,,false,false,"[""https://i.ytimg.com/vi/gJDXMzfDvFo/maxresdefault.jpg""]",ASA-affiliated 3D archery club. Contact: Shaun White.,Bowling Green,Kentucky
b0de9a64-709d-4fdf-af6e-3009bdaaba8d,Gassman's Archery and Air Rifles,gassman-s-archery-and-air-rifles-tx,commercial,active,False,"102 Jackson Keller Rd, San Antonio, TX 78216",,,,+12108227131,,,,,,False,False,False,False,,,False,False,,,false,false,"[""state-range-photos/texas/Gassmans Archery and Air Rifles (San Antonio).jpg""]","Archery range located in San Antonio, TX.",San Antonio,Texas
d5fcbef2-ef8c-463e-9a3e-ccc262bf27e7,Gateway 3D Adventures,gateway-3d-adventures-tx,volunteer_club,active,False,4946 Murr Rd,76084,,,+18177592220,gateway3dadventures@gmail.com,,,,,False,False,False,False,,,False,False,,,false,false,"[""state-range-photos/texas/Gateway 3D Adventures (Venus).jpg""]",ASA-affiliated 3D archery club. Contact: Carla  Crocker.,Venus,Texas
c07c43ab-1a1c-4e14-a1b1-a180d1e7a29c,Gateway Archery Inc and Indoor Range,gateway-archery-inc-and-indoor-range-tx,commercial,active,False,,,,,+18177592220,,http://www.gatewayarchery.com/,,,,False,False,False,False,,,False,False,,,false,false,"[""state-range-photos/texas/Gateway Archery Inc and Indoor Range (FORT WORTH).jpg""]","Archery range located in Fort Worth, TX.",FORT WORTH,Texas
1d640ef3-c0f9-4998-8c24-a181ec5854d3,Gator Bowmen Inc,gator-bowmen-inc-fl,volunteer_club,active,False,10404 SW Williston Rd,32608,29.5590467,-82.3915447,,gatorbowmen2@gmail.com,http://www.gatorbowmen.com,,,,False,False,False,False,,,False,False,,,false,false,"[""https://s3-media0.fl.yelpcdn.com/bphoto/YHpaAneR3gxFm6Ol_EKJAg/l.jpg""]","Archery range located in GAINESVILLE, FL.",GAINESVILLE,Florida
831aaa3c-32d5-40b4-a548-13800f36f285,Gauthier's Archery,gauthier-s-archery-mi,commercial,active,False,"30800 Telegraph Rd, Suite 1921, Bingham Farms, MI 48025",,,,,,http://www.gauthiersarchery.net,,,,False,False,False,False,,,False,False,,,false,false,"[""state-range-photos/michigan/Gauthiers Archery (unknown).jpg""]",,,Michigan
d474fc1b-ed9f-45e4-b2ea-cb76fbf44fbb,Gaylord Sports Association Adaptive Archery Club,gaylord-sports-association-adaptive-archery-club-ct,hybrid,active,False,50 Gaylord Farm Rd,06492,,,,sports@gaylord.org,http://www.gaylord.org/sports,,,,False,False,False,False,,,False,False,,,false,false,"[""state-range-photos/connecticut/Gaylord Sports Association Adaptive Archery Club (Wallingford).jpg""]",USA Archery affiliated club. Programs: Adult Archery Program,Wallingford,Connecticut
9925011c-f1aa-4238-97fd-4ea6f3b540d1,Geauga Bowman,geauga-bowman-oh,commercial,active,False,,44024,,,+13308721603,,,,,,False,False,False,False,,,False,False,,,false,false,"[""state-range-photos/ohio/Geauga Bowman (Chardon).jpg""]",IBO pro shop (IBO directory).,Chardon,Ohio
a939abfd-3527-4e2e-b18b-d067d2c28bd1,Geneva Archery,geneva-archery-fl,hybrid,active,False,3855 County Road 426,32732,,,,philsarchery@gmail.com,http://www.GenevaArchery.com,,,,False,False,False,False,,,False,False,,,false,false,"[""state-range-photos/florida/Geneva Archery (Geneva).jpg""]","USA Archery affiliated club. Programs: Junior Olympic Archery Development (JOAD), Adult Archery Program, Olympic Archery in the Schools",Geneva,Florida
af529970-c176-4c64-a015-0b82e42b37b3,Gilbert Archery Club,gilbert-archery-club-az,hybrid,active,False,"Freestone Park, 1045 E Juniper Ave.",85234,,,,GilbertArchery@gmail.com,http://GilbertArchery.com,,,,False,False,False,False,,,False,True,,,false,false,"[""https://images.unsplash.com/photo-1574607774561-e645c79a2478?w=800&h=400&fit=crop""]","USA Archery affiliated club. Programs: Junior Olympic Archery Development (JOAD), Adult Archery Program",Gilbert,Arizona
236a5339-113b-446a-981d-a150cc1000b6,Gillman Academy,gillman-academy-ok,hybrid,active,False,132 N 2 Mile Rd,74434,,,,gillmanacademy@gmail.com,,,,,False,False,False,False,,,False,False,,,false,false,"[""state-range-photos/oklahoma/Gillman Academy (Fort Gibson).jpg""]","USA Archery affiliated club. Programs: Junior Olympic Archery Development (JOAD), Adult Archery Program",Fort Gibson,Oklahoma
9aa1e328-ffdb-4a7a-b058-72e3df09bdf1,GK96 ARCHERY CLUB,gk96-archery-club-ca,hybrid,active,False,13415 Felson st.,90703,,,(949) 599-5677,contact@gk1996.club,https://www.gk1996.club/en/home,,,,False,False,False,False,,,False,True,,,false,false,"[""state-range-photos/california/GK96 ARCHERY CLUB (Cerritos).jpg""]",USA Archery affiliated club. Programs: Junior Olympic Archery Development (JOAD),Cerritos,California
e08d222a-7304-42c6-98eb-ef1e23207687,Glisson's Archery,glisson-s-archery-il,volunteer_club,active,False,22900 E MAIN ST,60544-7469,41.6173377,-88.2169027,(815) 436-4867,,https://www.glissonsarchery.com,,,,True,False,False,False,,,False,True,,,false,false,"[""https://s3-media0.fl.yelpcdn.com/bphoto/uob-E6SpjLdIogdxz5g26g/348s.jpg""]","Archery range located in PLAINFIELD, IL.",PLAINFIELD,Illinois
16787be8-c512-4894-be98-0a6cf7e5f30e,Go Archery Margate,go-archery-margate-fl,commercial,active,False,730 NW 65th Ave,33063,,,954-866-4935,,,,,,False,False,False,False,,,False,True,,,false,false,"[""https://img1.wsimg.com/isteam/ip/47bafa28-a183-4f6c-88e7-21c63ff2ed59/FAMILYARCHERY.jpg/:/""]","Archery range located in Margate, FL.",Margate,Florida
2adaff23-d1fd-49dd-9227-7503baf56bcb,Gold Coast Archers Club,gold-coast-archers-club-fl,club,active,False,10875 Atlantic Ave,33446,,,,goldcoastarchers@gmail.com,http://www.goldcoastarchersclub.com,,,,False,True,True,True,$195/year,,False,False,,,false,false,"[""https://images.unsplash.com/photo-1574607774561-e645c79a2478?w=800&h=400&fit=crop""]","Archery range located in Delray Beach, FL.",Delray Beach,Florida
547b9ac5-c38d-41a5-8b0d-664b349c2a28,Gold-N-Grain Archery,gold-n-grain-archery-pa,hybrid,active,False,75 McCullough Rd,16150,,,,goldngrain@hotmail.com,http://www.goldngrain.com,,,,False,True,False,False,,,False,False,,,false,false,"[""https://images.unsplash.com/photo-1574607774561-e645c79a2478?w=800&h=400&fit=crop""]","USA Archery affiliated club. Programs: Junior Olympic Archery Development (JOAD), 3D Archery",Sharpsville,Pennsylvania
07c5b416-2de0-4f96-a9f9-0664ba03d0e9,Golden Archers Academy JOAD,golden-archers-academy-joad-tx,hybrid,active,False,15130 Marsh Lane #1076,75001,,,,Goldenarchersacademy@gmail.com,,,,,False,False,False,False,,,False,False,,,false,false,"[""state-range-photos/texas/Golden Archers Academy JOAD (Addison).jpg""]","USA Archery affiliated club. Programs: Junior Olympic Archery Development (JOAD), Adult Archery Program, 3D Archery, Field Archery",Addison,Texas
da356d5f-5ebf-48ec-91b6-82ca38c3af76,Golden Arrow Archery Club,golden-arrow-archery-club-ne,hybrid,active,False,"Golden Arrow Archery, 11212 N 72nd St",68122,,,,archerybill@gmail.com,http://www.archery-club.org,,,14,True,True,False,False,,,False,True,,,false,false,"[""state-range-photos/nebraska/Golden Arrow Archery Club (Omaha).jpg""]",USA Archery affiliated club. Programs: Junior Olympic Archery Development (JOAD),Omaha,Nebraska
bcc75e06-011e-42e9-bf1c-c1ba31abe991,Golden Eagle Field Archers,golden-eagle-field-archers-tx,club,active,False,Parker Road,78559,,,+19564916905,,https://www.facebook.com/goldeneaglefieldarchers/,,,,False,False,False,False,,,False,False,,,false,false,"[""state-range-photos/texas/Golden Eagle Field Archers (La Feria).jpg""]","Archery range located in La Feria, TX.",La Feria,Texas
a983791e-2f9b-4940-aca4-24b9b0795057,Golden Gate Joad,golden-gate-joad-ca,hybrid,active,False,1358 29Th Ave,94122,,,,info@goldengatejoad.com,http://www.goldengatejoad.com,,,,False,False,False,False,,,False,True,,,false,false,"[""https://s3-media0.fl.yelpcdn.com/bphoto/HMB0ciom6iXK6j9PnsuwSw/o.jpg""]","USA Archery affiliated club. Programs: Junior Olympic Archery Development (JOAD), Adult Archery Program",San Francisco,California
de91b9d6-3666-4844-8e74-11d834cf7fe9,"Golden Hawks Archery Club, Inc.",golden-hawks-archery-club-inc-oh,volunteer_club,active,False,3134 SR 222,45106,,,+15135096786,larryvan3d@hotmail.com,,,,,False,False,False,False,,,False,False,,,false,false,"[""state-range-photos/ohio/Golden Hawks Archery Club Inc (Bethel).jpg""]",ASA-affiliated 3D archery club. Contact: Larry Van.,Bethel,Ohio
9334e65b-cfd0-463b-9a42-3564ff3019a6,Golden High Country Archers,golden-high-country-archers-co,volunteer_club,active,False,4471 Salvia Street,80402,39.7760441,-105.1893614,,pr@ghcarchers.org,https://ghcarchers.org/,,,,False,True,False,False,$140,,False,False,,,false,false,"[""state-range-photos/colorado/Golden High Country Archers (Goldon).jpg""]","Archery range located in Goldon, CO.",Goldon,Colorado
ee862a50-1312-4565-b289-b2712f5688e6,Golden North Archery Association,golden-north-archery-association-ak,volunteer_club,active,False,634 5th Avenue,99701,64.841963,-147.722538,,president@goldennortharchery.com,https://goldennortharchery.com,,,,False,False,False,False,,,False,False,,,false,false,"[""state-range-photos/alaska/Golden North Archery Association (FAIRBANKS).jpg""]","Archery range located in FAIRBANKS, AK.",FAIRBANKS,Alaska
896cdefc-33cf-4fe1-82ed-6577bfb3b535,Golden State JOAD,golden-state-joad-ca,hybrid,active,False,227 Montrose Dr,95630,38.9253375,-121.0838628,530-212-3311,wildernessjoad@gmail.com,http://www.wildernessjoad.com,,,,False,False,False,False,,,False,False,,,false,false,"[""state-range-photos/california/Golden State JOAD (Folsom).jpg""]","USA Archery affiliated club. Programs: Junior Olympic Archery Development (JOAD), Adult Archery Program",Folsom,California
fbde2a55-4ed1-4ece-a7e3-07e795530c20,Gooch's Mill Archery Club,gooch-s-mill-archery-club-nc,club,active,False,,,,,+13363629822,,,,,,False,False,False,False,,,False,False,,,false,false,"[""state-range-photos/north-carolina/Goochs Mill Archery Club (Oxford).jpg""]","Archery range located in Oxford, NC.",Oxford,North Carolina
3da6af54-0e73-465d-942d-ea0f27798c38,Gotham Archery Baton Rouge,gotham-archery-baton-rouge-la,hybrid,active,False,"Gotham Archery Baton Rouge, 14455 Greenwell Springs Road, Suite F",70739,,,,gothamarcherybatonrouge@gmail.com,http://www.gothmarcherybr.com,,,,False,False,False,False,,,False,False,,,false,false,"[""state-range-photos/louisiana/Gotham Archery Baton Rouge (Central).jpg""]","USA Archery affiliated club. Programs: Junior Olympic Archery Development (JOAD), Adult Archery Program, 3D Archery",Central,Louisiana
1b04aa70-c070-44ba-b5fd-3ed2ec96e2c6,Gotham Archery Brooklyn,gotham-archery-brooklyn-ny,commercial,active,False,480 Baltic Street,11217,,,,,https://www.got-archery.com/,,,,False,False,False,False,,,False,False,,,false,false,"[""state-range-photos/new-york/Gotham Archery Brooklyn (BROOKLYN).png""]","Archery range located in Brooklyn, NY.",BROOKLYN,New York
22355b64-6232-4e72-8152-e7ecf563fa43,Gotham Archery Manhattan,gotham-archery-manhattan-ny,commercial,active,False,,,,,+17188585060,info@got-archery.com,https://www.got-archery.com/,,,,False,False,False,False,,,False,False,,,false,false,"[""https://images.squarespace-cdn.com/content/v1/5435e6bce4b051fec7d6aaa1/1645849937896-JIIRHP9MLVV40A6IY0IT/IMG_1653.JPG""]","Archery range located in New York, NY.",New York,New York
5a4246be-d7f8-4e41-b6c9-487d864b0987,Grafton County Fish & Game Association,grafton-county-fish-game-association-nh,club,active,False,153 Trues Brook Road,03784,,,,president@gcfga.org,https://gcfga.org/,,,,False,True,False,True,,,False,False,,,false,false,"[""state-range-photos/new-hampshire/Grafton County Fish  Game Association (West Lebanon).jpg""]","Archery range located in West Lebanon, NH.",West Lebanon,New Hampshire
178e7c79-6395-48ba-9ad4-0770bd5d8e22,Granby Bow & Gun Club Inc,granby-bow-gun-club-inc-ma,volunteer_club,active,False,85 Chicopee St Granby MA 01033,01082,42.2430823,-72.2601349,(413) 255-0118,membership@granbybowandgun.club,https://granbybowandgunclub.com,,,,False,False,False,False,,,False,False,,,false,false,"[""state-range-photos/massachusetts/Granby Bow  Gun Club Inc (Ware).png""]","Archery range located in Ware, MA.",Ware,Massachusetts
989db56e-759f-454a-8faa-327f55fa60f6,Grand County Archers Association,grand-county-archers-association-co,volunteer_club,active,False,2110 Mary Jane Rd,80482,39.8761807,-105.7599029,,grandcountyarchery@gmail.com,https://www.grandcountyarchers.com/,,,,False,True,False,False,,,False,False,,,false,false,"[""state-range-photos/colorado/Grand County Archers Association (WINTER PARK).jpg""]","Archery range located in WINTER PARK, CO.",WINTER PARK,Colorado
ada33ca0-c788-42e4-ad0a-3fc18e19e093,Grand Mesa Archery Pro Shop,grand-mesa-archery-pro-shop-co,commercial,active,False,23797 Tabor Road,81413,38.930823,-107.9189736,,grandmesaarchery@tds.net,https://grandmesaarchery.com/,Thur & Fri 4:00 to 9:00 pm Sat 12:00 - 4:00 pm,,,False,False,False,False,,,False,False,,,false,false,"[""https://images.unsplash.com/photo-1574607774561-e645c79a2478?w=800&h=400&fit=crop""]","Archery range located in Cedaredge, CO.",Cedaredge,Colorado
1eeb275a-a70a-4dca-93d0-af63fdedbcac,Grand Mesa Bowmen Club,grand-mesa-bowmen-club-co,volunteer_club,active,False,20750 DS Rd,81523,39.0185064,-108.6664558,,grandmesabowmen@gmail.com,http://grandmesabowmen.com/,,,,False,False,False,False,,,False,False,,,false,false,"[""state-range-photos/colorado/Grand Mesa Bowmen Club (Glade Park).jpeg""]","Archery range located in Glade Park, CO.",Glade Park,Colorado
6f8f53ce-c741-4b50-aacc-1e1b7624982d,Grand River Sportsmans Club,grand-river-sportsmans-club-sd,club,active,False,PO Box 26,57638,,,,,,,,,False,False,False,False,,,False,False,,,false,false,"[""state-range-photos/south-dakota/Grand River Sportsmans Club (Lemmon).jpg""]","Archery range located in Lemmon, SD.",Lemmon,South Dakota
1fc2ebc5-6f32-4e65-915b-ed0e146fd30d,Grande Ronde Bowmen Inc,grande-ronde-bowmen-inc-or,volunteer_club,active,False,PO BOX 315,97850,45.3245771,-118.0877188,541.786.5881,grbarcheryclub@gmail.com,https://www.granderondebowmen.org/,,,,False,True,True,True,,,False,False,,,false,true,"[""state-range-photos/oregon/Grande Ronde Bowmen Inc (La Grande).jpg""]","Archery range located in LA GRANDE, OR.",La Grande,Oregon
dc911ad7-8e48-4b4d-b1ac-357659f9b063,Granite City Joad,granite-city-joad-mn,hybrid,active,False,41300 County Road 1,56367,,,,douglorikrebs@gmail.com,,,,,False,False,False,False,,,False,False,,,false,false,"[""state-range-photos/minnesota/Granite City Joad (Rice).jpg""]","USA Archery affiliated club. Programs: Junior Olympic Archery Development (JOAD), Adult Archery Program",Rice,Minnesota
05e2dbf9-bbf9-4567-9ea5-8fea6d63e1da,Granite Mountain Archers,granite-mountain-archers-az,volunteer_club,active,False,3755 Willow Creek Rd,86304-1002,34.6183643,-112.4430835,+19289259347,granitemountainarchers@gmail.com,https://www.granitemountainarchers.org,,,,False,True,False,True,,,False,False,,,false,false,"[""state-range-photos/arizona/Granite Mountain Archers (PRESCOTT).png""]","Archery range located in PRESCOTT, AZ.",PRESCOTT,Arizona
39c97ba6-65a3-4a9f-853f-c8cbf234e5a6,GRAYS HARBOR BOWMEN,grays-harbor-bowmen-wa,hybrid,active,False,902 State Route 105,98520,,,360-533-4698,info@graysharborbowmen.com,http://www.GraysHarborBowmen.com,,,,False,False,False,False,,,False,False,,,false,false,"[""state-range-photos/washington/GRAYS HARBOR BOWMEN (Aberdeen).jpg""]","USA Archery affiliated club. Programs: Junior Olympic Archery Development (JOAD), Adult Archery Program",Aberdeen,Washington
312dc519-3fa3-4b1c-8de8-22d4973cc45b,Great Falls Archery Club,great-falls-archery-club-mt,club,active,False,P.O. Box 3653,59403,,,,gfarchery@yahoo.com,,,,,False,False,False,False,,,False,False,,,false,false,"[""state-range-photos/montana/Great Falls Archery Club (Great Falls).jpg""]","Archery range located in Great Falls, MT.",Great Falls,Montana
6ed7ebc9-c33d-4a42-b7d1-05403ca9d8c7,Great Falls Council Range and Target Sports,great-falls-council-range-and-target-sports-ny,volunteer_club,active,False,58 Boll Street,14212,,,,ecoed96@gmail.com,,,,,False,False,False,False,,,False,False,,,false,false,"[""state-range-photos/new-york/Great Falls Council Range and Target Sports (Sloan).jpg""]","Archery range located in Sloan, NY.",Sloan,New York
9bf56e39-6b9a-4842-a21f-830c5515541a,Great Northwest Archery,great-northwest-archery-wa,commercial,active,False,"11209 Shaw Rd. E. Puyallup, WA 98374",,,,253-841-0991,,https://gnwarchery.com/,"Tue-Fri 10am-6pm, Sat 10am-3pm, Sun and Mon Closed",,10,True,False,False,False,,,False,True,,,false,false,"[""https://s3-media0.fl.yelpcdn.com/bphoto/8cfmbDhs4ld8AWm0X-ReSA/o.jpg""]","Archery range located in Puyallup, WA.",PUYALLUP,Washington
18904e39-b159-41ce-a205-0cabe7fd8d57,Great Swamp Archery Club,great-swamp-archery-club-nc,volunteer_club,active,False,4500 US Hwy 17 North,28562,,,+19517380064,greatswamparchery@yahoo.com,,,,,False,False,False,False,,,False,False,,,false,false,"[""state-range-photos/north-carolina/Great Swamp Archery Club (Ernul).jpg""]",ASA-affiliated 3D archery club. Contact: Julie Anderson.,Ernul,North Carolina
3119d93a-3495-4f7d-848b-cf8623e81e84,Green Hills Archers,green-hills-archers-mo,volunteer_club,active,False,29277 Highway 130,64651,,,+16607345686,allengregorywilliam@icloud.com,,,,,False,False,False,False,,,False,False,,,false,false,"[""state-range-photos/missouri/Green Hills Archers (Laclede).jpg""]",ASA-affiliated 3D archery club. Contact: Greg  Allen.,Laclede,Missouri
bf3a84e8-ea70-4642-89a7-0327c628f27e,Green Mountain Traditional Bowhunters,green-mountain-traditional-bowhunters-vt,club,active,False,86 Main St,,,,,,,,,,False,False,False,False,,,False,False,,,false,false,"[""state-range-photos/vermont/Green Mountain Traditional Bowhunters (Vergennes).jpg""]","Archery range located in Vergennes, VT.",Vergennes,Vermont
9052ba13-de5d-44cb-92b2-f51831c64a9f,Greenup County Wildlife Club,greenup-county-wildlife-club-ky,club,active,False,653 Pinson Rdg,41175,,,,bcbush462@gmail.com,https://greenupcountywildlife.com,,,,False,False,False,False,,,False,False,,,false,false,"[""state-range-photos/kentucky/Greenup County Wildlife Club (South Shore).jpg""]",ASA-affiliated archery club. Status: Expired 2025,South Shore,Kentucky
cd76a509-d157-4849-9462-d64fc8d7cfa2,Gregory Archery,gregory-archery-fl,hybrid,active,False,"3377 Aloma Ave, Winter Park, FL 32792",32789,,,(321) 316-8452,gregoryarcheryflorida@gmail.com,https://www.gregoryarchery.com/summer-camps,,,,True,False,False,False,,,False,True,,,false,false,"[""https://parkavemagazine.com/wp-content/uploads/2022/11/Gregory-Archery-School-1024x768.jpg""]","USA Archery affiliated club. Programs: Junior Olympic Archery Development (JOAD), Adult Archery Program",Winter Park,Florida
03ce3bc7-a28a-49f3-89b7-2525a83341b6,Grenada Archery Shooters Association,grenada-archery-shooters-association-ms,club,active,False,,,,,,,,,,,False,False,False,False,,,False,False,,,false,false,"[""state-range-photos/mississippi/Grenada Archery Shooters Association (Grenada).jpg""]","Archery range located in Grenada, MS.",Grenada,Mississippi
31a062d8-c757-4650-a900-e1383053a5a2,Grenada Bowhunters Association,grenada-bowhunters-association-ms,club,active,False,,,,,,,,,,,False,False,False,False,,,False,False,,,false,false,"[""state-range-photos/mississippi/Grenada Bowhunters Association (Grenada).jpg""]","Archery range located in Grenada, MS.",Grenada,Mississippi
2e9bf9a0-f7ee-4f45-942b-f22ef6e9f42d,Grit City Archery,grit-city-archery-wa,hybrid,active,False,"4020 S. 56th Street, Suite 100",98409,,,,gritcityarchery@gmail.com,http://gritcityarchery.com,,,,True,False,False,False,,,False,True,,,false,false,"[""https://static.wixstatic.com/media/fc2bb4_b4f8b61a1c00476486dafd3e5221db3b~mv2.jpg/v1/fill/w_742,h_530,al_c,q_85,usm_0.66_1.00_0.01,enc_avif,quality_auto/fc2bb4_b4f8b61a1c00476486dafd3e5221db3b~mv2.jpg""]","USA Archery affiliated club. Programs: Junior Olympic Archery Development (JOAD), Adult Archery Program, 3D Archery",Tacoma,Washington
268f374e-170e-41df-9f4a-38b9c14c1330,Ground Zero Archery,ground-zero-archery-mi,volunteer_club,active,False,2216  South 11th Street,49120,42.0447303,-86.4367191,(269) 479-9944,myarcherybaseis@groundzeroarchery.com,http://www.groundzeroarchery.com,,,,True,False,False,False,,,False,True,,,false,false,"[""state-range-photos/michigan/Ground Zero Archery (Niles).webp""]","Archery range located in Niles, MI.",Niles,Michigan
9266e8dc-ba6c-4e39-9caa-9d9c371e719a,Ground Zero Archery JOAD,ground-zero-archery-joad-mi,hybrid,active,False,2216 S. 11th St.,49120,,,(269) 479-9944,myarcherybaseis@groundzeroarchery.com,http://www.groundzeroarchery.com,,,,True,False,False,False,,,False,True,,,false,false,"[""state-range-photos/michigan/Ground Zero Archery JOAD (Niles).webp""]","USA Archery affiliated club. Programs: Junior Olympic Archery Development (JOAD), Adult Archery Program, 3D Archery, Field Archery",Niles,Michigan
17b49529-ee38-4f69-aff9-62809c713d63,Gryphon Fitness Studio,gryphon-fitness-studio-ca,hybrid,active,False,42670 Juniper St,92562,,,(714) 519-1343 (Orange County) / (951) 365-3625 (Murrieta),info@gryphonfencing.com,http://www.gryphonfencing.com,,,,False,False,False,False,,,False,True,,,false,false,"[""state-range-photos/california/Gryphon Fitness Studio (Murrieta).jpg""]","USA Archery affiliated club. Programs: Junior Olympic Archery Development (JOAD), Adult Archery Program",Murrieta,California
20e820b1-f1bc-4041-962c-d7a9fb5a9c6b,GT Archery LLC,gt-archery-llc-va,commercial,active,False,,22603,,,1-540-888-3053,,https://gtarcheryllc.weebly.com/,Monday: Closed; Tuesday-Friday: 11am-6pm; Saturday: 8am-6pm; Sunday: Closed,,,True,True,False,False,,,False,False,,,false,false,"[""state-range-photos/virginia/GT Archery LLC (Winchester).jpg""]",IBO pro shop (IBO directory).,Winchester,Virginia
2a41cf3a-7722-4aa7-8afc-f01566610881,Guan Ho Ha Fish & Game Club,guan-ho-ha-fish-game-club-ny,club,active,False,1451 Rector Road,12302,,,518-382-1254,Membership@GuanHoHa.net,https://guanhoha.net/,,,,False,True,False,False,$180/year + $75 one-time application fee,,False,True,,,false,false,"[""state-range-photos/new-york/Guan Ho Ha Fish  Game Club (Scotia).jpg""]","Archery range located in Scotia, NY.",Scotia,New York
628fb1ce-34fc-42df-8356-c2301befbc61,Guilford Bowhunters,guilford-bowhunters-nc,club,active,False,,,,,336.855.6613,,,,,,False,False,False,False,,,False,False,,,false,false,"[""state-range-photos/north-carolina/Guilford Bowhunters (McLeansville).jpg""]","Archery range located in McLeansville, NC.",McLeansville,North Carolina
b5099640-5110-420a-a213-ac26ef6de39b,Guilford Sportsmen's Association,guilford-sportsmen-s-association-ct,club,active,False,501 Hart Rd,06437,,,,,,,,,False,False,False,False,,,False,False,,,false,false,"[""https://www.guilfordsportsmen.org/images/gallery/19/1983326148.jpg""]","Archery range located in Guilford, CT.",Guilford,Connecticut
aa827693-dc8d-48f6-bfd8-5ec40311ed48,Gun World and Archery Pro Shop,gun-world-and-archery-pro-shop-in,commercial,active,False,1126 Hwy 62 NW,47112,38.2210294,-86.1477505,(812) 738-0935,gunworldcorydonweb@gmail.com,https://gunworldandarcheryshop.com,Monday-Saturday 9am-6pm,,,True,False,False,False,,,False,False,,,false,false,"[""https://cdn.localdatacdn.com/in/corydon/2955131/original/Z4QhFyyyqm.jpg""]","Archery range located in Corydon, IN.",Corydon,Indiana
3f8831b8-cd25-4716-9864-cbbe26a9fc3b,GUNTRY,guntry-md,commercial,active,False,10705 Red Run Blvd,21117,39.4135268,-76.7994018,443-973-4867,info@guntry.com,https://www.guntry.com/,,,,True,False,False,False,,,False,True,,,false,false,"[""state-range-photos/maryland/GUNTRY (Owings Mills).jpg""]","Archery range located in Owings Mills, MD.",Owings Mills,Maryland
23c8a981-f77b-46f7-8768-c6a5bb199036,Halls Arrow,halls-arrow-ct,volunteer_club,active,False,291 West Middle Turnpike,06040,41.7817973,-72.5374954,(860) 646-0443,info@hallsarrow.com,https://www.hallsarrow.com/,,,,False,False,False,False,,,False,False,,,false,false,"[""state-range-photos/connecticut/Halls Arrow (Manchester).jpg""]","Archery range located in Manchester, CT.",Manchester,Connecticut
7caea186-6e79-4598-8025-10fd0c03575f,Hampton Hills Metro Park Archery Range,hampton-hills-metro-park-archery-range-oh,public,active,False,1940 W Steels Corners Rd,44313,,,+13308675511,,https://www.summitmetroparks.org/,,,,False,False,False,False,,,False,False,,,false,false,"[""https://www.summitmetroparks.org/wp-content/uploads/hampton-hills-archery-range-banner.jpg""]","Archery range located in Akron, OH.",Akron,Ohio
7f3feca6-662f-4a3c-9568-e6d29079d3a2,Harford Bowmen,harford-bowmen-md,club,active,False,440 Quaker Bottom Rd,21078,,,,,,,,,False,False,False,False,,,False,False,,,false,false,"[""state-range-photos/maryland/Harford Bowmen (Havre de Grace).jpg""]","Archery range located in Havre De Grace, MD.",Havre de Grace,Maryland
0e7ad46d-c3eb-4682-a78e-61633c0d39e0,Harford Bowmen Inc,harford-bowmen-inc-md,volunteer_club,active,False,440 Quaker Bottom Road,21078,39.6011857,-76.147129,,abrown@pklaw.com,,,,,False,False,False,False,,,False,False,,,false,false,"[""state-range-photos/maryland/Harford Bowmen Inc (Havre de Grace).jpg""]","Archery range located in Havre de Grace, MD.",Havre de Grace,Maryland
d4a38603-91fe-4fd7-9e33-0741139042f8,Harrisburg Archery Club,harrisburg-archery-club-pa,volunteer_club,active,False,1401 Roberts Valley Rd,17110,40.3416911,-76.8881523,,tmac200210@gmail.com,,,,,False,False,False,False,,,False,False,,,false,false,"[""https://www.abc27.com/wp-content/uploads/sites/55/2024/05/Background-for-post-50.jpg?w=900""]","Archery range located in Harrisburg, PA.",Harrisburg,Pennsylvania
71570d40-eadb-4b94-bdeb-6f64da76fdcf,Hartford Gun Club,hartford-gun-club-ct,club,active,False,157 S. Main St.,06026,,,(860) 658-1614,info@hartfordgunclub.com,https://hartfordgunclub.com/,,,,False,False,False,False,$660/year,,False,False,,,false,false,"[""state-range-photos/connecticut/Hartford Gun Club (East Granby).jpg""]","Archery range located in East Granby, CT.",East Granby,Connecticut
a3dcb6ba-d6dd-4815-85e7-23cf615125f1,Harvard Sportsmen's Club,harvard-sportsmen-s-club-ma,volunteer_club,active,False,Littleton County Road PO Box 114 Harvard MA 01451-0114,01451,,,(978) 456-9397,tpbradbury@verizon.net,http://www.harvardsportsmensclub.com,,,,False,False,False,False,,,False,False,,,false,false,"[""https://images.unsplash.com/photo-1574607774561-e645c79a2478?w=800&h=400&fit=crop""]","Archery range located in Harvard, MA.",Harvard,Massachusetts
162ad43b-e1a1-4c5c-bfe1-e18eb6ba176d,Harwinton Rod & Gun Club,harwinton-rod-gun-club-ct,club,active,False,"123 Campville Hill Rd, Harwinton, CT 06791",,,,,,http://www.harwintonrodandgun.com/archery.htm,,,,False,False,False,False,,,False,False,,,false,false,"[""state-range-photos/connecticut/Harwinton Rod  Gun Club (Harwinton).jpg""]","Archery range located in Harwinton, CT.",Harwinton,Connecticut
565e9bff-3c13-4f75-98e9-95f8a93dc3b0,Hawaii Island Archery Club LLC,hawaii-island-archery-club-llc-hi,volunteer_club,active,False,1634 Kamehameha Avenue,96720,19.7220868,-155.0660194,,roberthiro808@gmail.com,https://hiarchery.com/,"Wednesday and Friday nights 5:30 PM - 9:00 PM (indoor range, Waiakea Recreation Center)",,7,False,True,False,False,,,False,True,,,false,false,"[""https://images.unsplash.com/photo-1574607774561-e645c79a2478?w=800&h=400&fit=crop""]","Archery range located in HILO, HI.",HILO,Hawaii
de82225c-4657-437c-ace4-0c9975a20d9b,Heart of Maryland Bowhunters,heart-of-maryland-bowhunters-md,volunteer_club,active,False,7930 Henryton Rd,21104,39.3601834,-76.9232655,,president@heart-md-bowhunters.com,https://www.heart-md-bowhunters.com/,,,,False,True,False,False,,,False,True,,,false,false,"[""state-range-photos/maryland/Heart of Maryland Bowhunters (Marriottsville).jpg""]","Archery range located in Marriottsville, MD.",Marriottsville,Maryland
a0e76e5f-7131-4087-9d5c-659b5906dd1b,Heat,heat-wv,commercial,active,False,,25526,,,,info@igniteathletics.org,https://www.igniteathletics.org,,,,False,False,False,False,,,False,False,,,false,false,"[""state-range-photos/west-virginia/Heat (Hurricane).png""]",IBO pro shop (IBO directory).,Hurricane,West Virginia
0228dfbf-c5f2-4e4b-b608-ffde29ad46a3,Hell Hole Archers,hell-hole-archers-wy,volunteer_club,active,False,PO BOX 1034,83113,42.5382753,-110.114325,,,,,,,False,False,False,False,,,False,False,,,false,false,"[""state-range-photos/wyoming/Hell Hole Archers (BIG PINEY).jpg""]","Archery range located in BIG PINEY, WY.",BIG PINEY,Wyoming
c6ed2be2-1b6b-4570-9025-c693e1e60606,Hells Canyon Archers Inc,hells-canyon-archers-inc-id,volunteer_club,active,False,5100 Hells Gate Rd,83501,46.3683703,-117.0577011,,,,,,,False,False,False,False,,,False,False,,,false,false,"[""state-range-photos/idaho/Hells Canyon Archers Inc (LEWISTON).jpg""]","Archery range located in LEWISTON, ID.",LEWISTON,Idaho
10abfcf1-fda1-4087-be08-cd2546985e36,Hemlock Field Archers,hemlock-field-archers-pa,commercial,active,False,"99 Spring Hill Lane, Lebanon PA 17042",17042,,,+17172740802,info@hemlockarchery.com,https://www.hemlockarchery.com/,,,18,False,True,False,False,,,False,True,,,false,false,"[""https://images.unsplash.com/photo-1574607774561-e645c79a2478?w=800&h=400&fit=crop""]",IBO pro shop (IBO directory).,Lebanon,Pennsylvania
0a331411-ab26-4d91-b158-2c252520fa12,Heritage Archery Academy,heritage-archery-academy-ny,hybrid,active,False,1886 Melvin Hill Rd,14532,42.9411658,-77.0717813,(315) 318-0212,mpricehaa@gmail.com,http://heritagearcheryacademy.org,,,,False,False,False,False,,,False,False,,,false,false,"[""https://archerylessons.info/ranges/wp-content/uploads/2024/09/Heritage-Archery-Academy.jpg""]","USA Archery affiliated club. Programs: Junior Olympic Archery Development (JOAD), Adult Archery Program, 3D Archery, Field Archery",Phelps,New York
53f2c765-7e22-4b70-ac3f-65be275f8727,Heritage Archery Club,heritage-archery-club-al,volunteer_club,active,False,2321 CR 490,35077,,,+12052963773,heritagearcheryclub@gmail.com,,,,,False,False,False,False,,,False,False,,,false,false,"[""state-range-photos/alabama/Heritage Archery Club (Hanceville).jpg""]",ASA-affiliated 3D archery club. Contact: Michael Mc Alpine.,Hanceville,Alabama
60cd9f33-8290-4415-bedc-86c4f78c0d63,Hi-Tech Archery,hi-tech-archery-ca,commercial,active,False,1912 W. Commonwealth Ave.,92833,,,+17144499744,sales@htarchery.com,https://htarchery.com/,,,,False,False,False,False,,,False,False,,,false,false,"[""https://www.htarchery.com/cdn/shop/articles/Building_Storefront_6424b260-fb12-4147-a322-5e7adb0d9212.jpg?crop=center&height=1284&v=1751917092&width=2265""]","Archery range located in Fullerton, CA.",Fullerton,California
4b351405-84b4-42de-a936-2aea90153958,Hickory Hollow Outdoors,hickory-hollow-outdoors-mo,volunteer_club,active,False,2158 Cantrell Rd,65704,,,+14175433468,hickoryhollowpaylake@gmail.com,,,,,False,False,False,False,,,False,False,,,false,false,"[""state-range-photos/missouri/Hickory Hollow Outdoors (Mansfield).jpg""]",ASA-affiliated 3D archery club. Contact: Andy Swisher.,Mansfield,Missouri
2a229640-c2f4-4446-9078-2f94ba414cdb,Hickory Ridge Bowhunters,hickory-ridge-bowhunters-ia,volunteer_club,active,False,808 Hwy 14,50138,,,,boydmathes@gmail.com,http://www.hickoryridge3d.com,,,,False,False,False,False,,,False,False,,,false,false,"[""state-range-photos/iowa/Hickory Ridge Bowhunters (Knoxville).jpg""]",ASA-affiliated 3D archery club. Contact: Boyd Mathes.,Knoxville,Iowa
89449cdb-64da-4868-8af8-1ce68c88ae05,Hidden Gems Archery,hidden-gems-archery-ny,hybrid,active,False,"c/o Natasha Green, 900 Magenta Street",10469,,,,info@hiddengemarchery.com,http://www.hiddengemsarchery.com,,,,False,False,False,False,,,False,False,,,false,false,"[""https://s3-media0.fl.yelpcdn.com/bphoto/AEY7UOi8mifjXTU6NMPxXQ/o.jpg""]","USA Archery affiliated club. Programs: Junior Olympic Archery Development (JOAD), Adult Archery Program",BROOKLYN,New York
e30d3fb7-385b-4621-9cbb-347e85884374,Hidden Lake Archery Range,hidden-lake-archery-range-oh,public,active,False,,,,,440-639-7275,info@lakemetroparks.com,https://www.lakemetroparks.com/events-activities/activities/archery/,"Dawn to dusk, seven days a week (unstaffed public range; free admission)",,8,False,False,True,False,,,False,True,,,false,false,"[""https://www.lakemetroparks.com/KenticoTemplate/media/LakeMetroparks/Parks/Archery-range-platform-web.jpg""]","Archery range located in Concord Township, OH.",Concord Township,Ohio
5343f00c-b451-416e-b310-d2df9012ab6b,High Altitude Archery,high-altitude-archery-co,commercial,active,False,,,,,,info@highaltitudearchery.com,https://highaltitudearchery.com/,,,,False,False,False,False,,,False,False,,,false,false,"[""https://images.unsplash.com/photo-1574607774561-e645c79a2478?w=800&h=400&fit=crop""]","Archery range located in Longmont, CO.",Longmont,Colorado
b0483d82-39ed-4c97-b283-e159df7468d0,High Altitude Hitmen,high-altitude-hitmen-co,hybrid,active,False,455 Weaver Park Rd #500,80501,,,,info@highaltitudearchery.com,https://hitmenjoad.us,,,,False,False,False,False,,,False,False,,,false,false,"[""https://www.vmcdn.ca/f/files/longmontleader/import/2019_05_high-altitude-archery.jpg;w=960""]",USA Archery affiliated club. Programs: Junior Olympic Archery Development (JOAD),Longmont,Colorado
53138fd8-bd49-47df-9f3f-4c85de10e5df,High Desert Archery - NV,high-desert-archery-nv-nv,commercial,active,False,940 MATLEY LN #5,89502,39.516537,-119.779844,775-432-4041,info@highdesertarcherynv.com,https://highdesertarcherynv.com/,,,,False,False,False,False,,,False,False,,,false,false,"[""state-range-photos/nevada/High Desert Archery - NV (Reno).jpeg""]","Archery range located in RENO, NV.",Reno,Nevada
679fe5f3-def1-4b70-9a21-07d3bc2b13c2,High Feather Archery Club,high-feather-archery-club-wv,volunteer_club,active,False,167 Red Lick Rd,26411,,,+13049041068,rick.coffman28@gmail.com,,,,,False,False,False,False,,,False,False,,,false,false,"[""state-range-photos/west-virginia/High Feather Archery Club (New Milton).jpg""]",ASA-affiliated 3D archery club. Contact: Rick Coffman.,New Milton,West Virginia
cc263737-423b-4833-82c8-93a6d80e48f1,High Octane Archery Club,high-octane-archery-club-tx,commercial,active,False,,77007,,,+17138171687,,,,,,False,False,False,False,,,False,False,,,false,false,"[""state-range-photos/texas/High Octane Archery Club (Huston).jpg""]",IBO pro shop (IBO directory).,Huston,Texas
ef4c61ca-b86a-4077-9542-62ef32b24d54,High Plains Archery Club,high-plains-archery-club-wy,club,active,False,"800 S 3rd St Laramie, WY 82070",,,,,hpaclaramie@gmail.com,https://highplainsarcheryclub.com/,,,,False,False,False,False,,,False,False,,,false,false,"[""state-range-photos/wyoming/High Plains Archery Club (Laramie).jpg""]","Archery range located in Laramie, WY.",Laramie,Wyoming
ac0efe0a-fbde-49b3-a699-d2db480d5a63,High Plains Archery Club - KS,high-plains-archery-club-ks-ks,volunteer_club,active,False,PO Box 681,67860,37.9405752,-101.254892,,,,,,,False,False,False,False,,,False,False,,,false,false,"[""state-range-photos/kansas/High Plains Archery Club - KS (Lakin).jpg""]","Archery range located in Lakin, KS.",Lakin,Kansas
d274e3b7-53a2-42ad-9b88-c73452738c22,Highlands Bowhunters,highlands-bowhunters-fl,club,active,False,7391 Haywood Taylor Blvd,34876,,,863-446-0312,HighlandsBowhunters@gmail.com,https://www.highlandsbowhunters.com,,,,False,False,False,True,$85/year,,False,False,,,false,false,"[""https://bloximages.newyork1.vip.townnews.com/midfloridanewspapers.com/content/tncms/assets/v3/editorial/6/ac/6acd0efa-e0a6-11ef-a9ad-6f835e3a355c/679e2ec922cf0.image.jpg""]","Archery range located in Sebring, FL.",Sebring,Florida
c8e3345b-dd7e-4fc1-a295-2defadc34d95,Highline Archery,highline-archery-ar,club,active,False,165 Walnut Grove Road,72579,,,+18706134566,a_efarm@yahoo.com,,,,,False,False,False,False,,,False,False,,,false,false,"[""state-range-photos/arkansas/Highline Archery (Sulphur Rock).jpg""]",ASA-affiliated archery club. Status: Expired 2025,Sulphur Rock,Arkansas
8a0aa87d-1e31-47a4-bb23-e8ab6311262c,Highsmith Guns,highsmith-guns-in,commercial,active,False,123 N State St,46140,,,,,https://shop.highsmithguns.com,,,,False,False,False,False,,,False,False,,,false,false,"[""https://cdn8.localdatacdn.com/in/greenfield/5287666/original/pXTIyuV6FZ.jpg""]","Archery range located in Greenfield, IN.",Greenfield,Indiana
e7b1e15e-33b9-443a-ad08-92691205137c,Hill Country Bowhunters Association,hill-country-bowhunters-association-tx,volunteer_club,active,False,"540 Co Rd 258, Liberty Hill, TX 78642, USA",78642,,,,hillcountrybowhunters@yahoo.com,https://hillcountrybowhunters.com/,,,,False,True,False,False,,,False,False,,,false,false,"[""https://hillcountrybowhunters.com/wp-content/uploads/2025/04/Shooter3-scaled-e1744492862516.jpg""]",ASA-affiliated 3D archery club. Contact: Paul Kimbol.,Liberty Hill,Texas
6ac93918-5c89-42fb-8fce-3f845df63995,Hillsdale County Conservation Club,hillsdale-county-conservation-club-mi,commercial,active,False,,49266,,,+15175233990,,,,,,False,False,False,False,,,False,False,,,false,false,"[""state-range-photos/michigan/Hillsdale County Conservation Club (Asseo).jpg""]",IBO pro shop (IBO directory).,Asseo,Michigan
2ba6828d-36c4-4bbb-a6bf-ee92726e5908,Hilltop Archery,hilltop-archery-ky,volunteer_club,active,False,439 Bales Creek Rd,40962,,,+16063914050,stanleysimpson43@yahoo.com,,,,,False,False,False,False,,,False,False,,,false,false,"[""state-range-photos/kentucky/Hilltop Archery (Manchester).jpg""]",ASA-affiliated 3D archery club. Contact: Stanley Simpson.,Manchester,Kentucky
e92747d4-507d-447d-9610-cf069054d19a,Hilltop Plantation LLC,hilltop-plantation-llc-ms,volunteer_club,active,False,25440 Hwy 603,39556,,,+12283634937,hilltopplantation@yahoo.com,,,,,False,False,False,False,,,False,False,,,false,false,"[""state-range-photos/mississippi/Hilltop Plantation LLC (Kiln).jpg""]",ASA-affiliated 3D archery club. Contact: Trever Serpas.,Kiln,Mississippi
751547ed-dfc8-4c0f-affb-e138a834c709,Hit List Archery,hit-list-archery-nm,volunteer_club,active,False,1200 West Santa Fe Ave,87020,,,+15052857228,codywood357@hotmail.com,,,,,False,False,False,False,,,False,False,,,false,false,"[""https://s3-media0.fl.yelpcdn.com/bphoto/ZDtxXo9MyEzPDeWFmUMZyQ/o.jpg""]",ASA-affiliated 3D archery club. Contact: Cody Wood.,Grants,New Mexico
af1906ab-cf02-4c85-9cea-1c9b10f092db,Hit Or Miss Archery,hit-or-miss-archery-nm,commercial,active,False,2801 Broadbent Parkway NE D,87107,35.1131788,-106.6305119,(505) 200-9650,hitormissarchery@yahoo.com,https://hitormissarchery.com/,,,,False,False,False,False,,,False,True,,,false,false,"[""https://www.hitormissarchery.com/wp-content/uploads/2020/05/Target-Practice-at-Hit-or-Miss-Archery-819x1024.jpg""]","Archery range located in ALBERQUERQUE, NM.",ALBERQUERQUE,New Mexico
d028bb57-6743-477e-a48b-6810a3efe811,HKC Archery,hkc-archery-ga,hybrid,active,False,"3860 Ridge Rd, Buford",30519,,,+14046673007,HAYUN820@GMAIL.COM,,,,,False,False,False,False,,,False,False,,,false,false,"[""state-range-photos/georgia/HKC Archery (Buford).jpg""]",USA Archery affiliated club. Programs: Junior Olympic Archery Development (JOAD),Buford,Georgia
e2452809-2399-4faa-9e21-d2aadaa28982,Holliday Creek Archery Assoc,holliday-creek-archery-assoc-tx,volunteer_club,active,False,"Stonewall Jackson Camp, 583 Stonewall Road",76366,,,,alicefaykeene@gmail.com,,,,,False,False,False,False,,,False,False,,,false,false,"[""state-range-photos/texas/Holliday Creek Archery Assoc (Holliday).jpg""]",ASA-affiliated 3D archery club. Contact: Alice Keene-Mason.,Holliday,Texas
fd355216-b140-4a50-b4ff-77e5c8c4a400,Hollywood Archery,hollywood-archery-wv,commercial,active,False,,24983,,,,,,,,,False,False,False,False,,,False,False,,,false,false,"[""state-range-photos/west-virginia/Hollywood Archery (Union).jpg""]",IBO pro shop (IBO directory).,Union,West Virginia
8421f4f9-7086-45d3-8298-bfe5c219dc63,Home On The Range Archery,home-on-the-range-archery-tx,hybrid,active,False,Call for Address,77905,,,(361) 212-7811,FolksyFarmstead@gmail.com,https://www.folksyfarmsteadvtx.com/,,,,False,False,False,False,,,False,True,,,false,false,"[""state-range-photos/texas/Home On The Range Archery (Victoria).jpg""]","USA Archery affiliated club. Programs: Junior Olympic Archery Development (JOAD), Adult Archery Program, 3D Archery",Victoria,Texas
1b2dff0c-7746-4357-a5e4-3699d70d805e,Honey Badger Archery Custom Strings,honey-badger-archery-custom-strings-az,commercial,active,False,3232 E Ajo Way,85713,,,,,,,,,False,False,False,False,,,False,False,,,false,false,"[""state-range-photos/arizona/Honey Badger Archery Custom Strings (Tucson).jpg""]","Archery range located in Tucson, AZ.",Tucson,Arizona
27e17a53-d449-45e9-9765-822032a4dbbc,Honey Creek Tackle,honey-creek-tackle-in,commercial,active,False,2380 IN-135,46106,,,,,https://honeycreektackle.com,,,,False,False,False,False,,,False,False,,,false,false,"[""https://cdn7.localdatacdn.com/in/bargersville/5074323/original/yQ5LicYaak.jpg""]","Archery range located in Bargersville, IN.",Bargersville,Indiana
d557ee7c-3c7b-4470-b58b-e458df079c8e,Hoot & Holler Archery Academy,hoot-holler-archery-academy-la,hybrid,active,False,601 Barksdale Blvd,71111,,,(318) 747-6501,hharchery@yahoo.com,https://www.hootnhollerarchery.com/,Mon-Fri 11:00am-7:00pm; Sat-Sun Closed (Aug-Sep: Sat 11:00am-5:00pm; Oct-Dec: Sat Closed),,,True,False,False,False,,,False,True,,,false,false,"[""https://images.unsplash.com/photo-1574607774561-e645c79a2478?w=800&h=400&fit=crop""]",USA Archery affiliated club. Programs: Junior Olympic Archery Development (JOAD),Bossier City,Louisiana
14fda82b-6b59-4ac6-a498-2763ea6003c0,Hooterville Acres Archery,hooterville-acres-archery-mo,volunteer_club,active,False,899 Dewert South Farm Road,63084,,,+16363036504,bdewert21@gmail.com,,,,,False,False,False,False,,,False,False,,,false,false,"[""state-range-photos/missouri/Hooterville Acres Archery (Union).jpg""]",ASA-affiliated 3D archery club. Contact: Blake  Dewert.,Union,Missouri
95381e02-8bfc-4a41-a135-252efee3b62c,Hoover Parks and Recreation,hoover-parks-and-recreation-al,hybrid,active,False,600 Municipal Drive,35016,,,,Hooverarchery@gmail.com,http://hooveralabama.gov/parksandrecreation,,,,False,False,False,False,,,False,False,,,false,false,"[""https://images.unsplash.com/photo-1574607774561-e645c79a2478?w=800&h=400&fit=crop""]","USA Archery affiliated club. Programs: Junior Olympic Archery Development (JOAD), Adult Archery Program",Hoover,Alabama
965d4e45-abe0-45c8-8422-0fc0fe20fedf,Hoover Tactical Firearms Birmingham,hoover-tactical-firearms-birmingham-al,commercial,active,False,1561 Montgomery Hwy,35216,,,+12058223600,info@hoovertactical.com,https://www.hoovertactical.com,"Mon-Sat 10:00 am-8:00 pm, Sun 1:00 pm-6:00 pm",,,False,False,False,False,,,False,False,,,false,false,"[""state-range-photos/alabama/Hoover Tactical Firearms Birmingham (Birmingham).png""]","Archery range located in Birmingham, AL.",Birmingham,Alabama
f07581d3-511e-4a38-9554-e875bc6352f7,Horicon Marsh Archers,horicon-marsh-archers-wi,club,active,False,N7420 Co Rd V,53032,,,,hmbowmen@gmail.com,https://hmarchers.com/,,,,False,True,False,True,,,False,False,,,false,false,"[""https://images.unsplash.com/photo-1574607774561-e645c79a2478?w=800&h=400&fit=crop""]","Archery range located in Horicon, WI.",Horicon,Wisconsin
be38ab2f-3b9a-4f72-a549-f460521e62ff,Hot Spring County Bowhunters,hot-spring-county-bowhunters-ar,volunteer_club,active,False,627 Midway Road,71941,,,+15019099413,ndean@cityofbryant.com,,,,,False,False,False,False,,,False,False,,,false,false,"[""state-range-photos/arkansas/Hot Spring County Bowhunters (Donaldson).jpg""]",ASA-affiliated 3D archery club. Contact: Nick Dean.,Donaldson,Arkansas
c0094588-4378-47b6-8b20-8df16b66e748,HotShots Archery Academy,hotshots-archery-academy-oh,volunteer_club,active,False,"2750B Indian Ripple Road, Suite #230, Dayton, OH 45440",45440,39.6925856,-84.0369609,937-350-1484,info@hotshotsarcheryacademy.org,,Monday-Thursday 4pm-9pm; Friday-Sunday Closed,,,True,False,False,False,,,False,True,,,false,false,"[""state-range-photos/ohio/HotShots Archery Academy (Dayton).jpg""]","Archery range located in Dayton, OH.",Dayton,Ohio
127b90fc-2df2-4d18-ae25-0ad22d4d0c31,Houston Archery Lessons & Range,houston-archery-lessons-range-tx,commercial,active,False,11522 Katy Fwy,,,,(281) 620-2255,info@houstonarcherylessons.com,https://www.houstonarcherylessons.com/,Mon 5pm-8pm; Tue-Fri 2pm-8pm; Sat 11am-6pm; Sun 12pm-5pm,,12,False,False,False,False,,,False,False,,,false,false,"[""https://cdn.houstonpublicmedia.org/wp-content/uploads/2021/07/28103021/Archery-Lesson-1.jpg""]","Archery range located in Houston, TX.",Houston,Texas
3b5d919b-5054-4be8-8ae0-933d9b5cdc7f,How 'Bout Dat Archery,how-bout-dat-archery-ok,hybrid,active,False,400 South Vermont Ave,73108,,,,hbdarchery@gmail.com,,,,,False,False,False,False,,,False,False,,,false,false,"[""state-range-photos/oklahoma/How Bout Dat Archery (Oklahoma City).jpg""]",USA Archery affiliated club. Programs: Junior Olympic Archery Development (JOAD),Oklahoma City,Oklahoma
a147a2d8-edb7-451e-a742-12f574e992ea,How-Kota Archers,how-kota-archers-sd,volunteer_club,active,False,1200 Isaac Walton Rd,57501,,,+16052803701,sdelkhunter22@gmail.com,,,,,False,False,False,False,,,False,False,,,false,false,"[""state-range-photos/south-dakota/How-Kota Archers (Pierre).jpg""]",ASA-affiliated 3D archery club. Contact: Terry  Florentz.,Pierre,South Dakota
e3d89c03-2469-412a-85b8-43c3a7f1ed4d,Howell Gun Club Archery,howell-gun-club-archery-mi,hybrid,active,False,3210 Jewell Rd,48843,,,,inghamda@yahoo.com,http://howellgunclub.org,,,,False,False,False,False,,,False,False,,,false,false,"[""http://howellgunclub.org/assets/images/ranges/image1.jpeg""]","USA Archery affiliated club. Programs: Junior Olympic Archery Development (JOAD), Adult Archery Program, 3D Archery, Field Archery",Howell,Michigan
958cb832-16ca-4d68-b016-0bca955ad0fe,HSS Sports Academy,hss-sports-academy-ca,hybrid,active,False,610 Roosevelt,92620,,,,hsssportsacademy@gmail.com,http://hsssportsacademy.com,,,,False,False,False,False,,,False,False,,,false,false,"[""https://hsssportsacademy.com/wp-content/uploads/photo-gallery/HTKL8559.jpg""]",USA Archery affiliated club. Programs: Junior Olympic Archery Development (JOAD),Irvine,California
47c90781-15b9-4828-b535-c10062fec475,Huaco Bowmen Archery Club,huaco-bowmen-archery-club-tx,volunteer_club,active,False,704 Lovers Leap Road,76704,31.5880808,-97.1662523,+12144789207,huacobowman@gmail.com,https://huacobowmen.org/,,,,False,False,False,False,,,False,False,,,false,false,"[""https://images.unsplash.com/photo-1574607774561-e645c79a2478?w=800&h=400&fit=crop""]","Archery range located in Waco, TX.",Waco,Texas
18447f73-3d6c-4158-9953-66d5a68a9039,Hudson Falls Fish & Game Club,hudson-falls-fish-game-club-ny,volunteer_club,active,False,"1420 State Route 196, Hudson Falls, NY 12828",12839,43.3006281,-73.5859487,518-747-4850,HudsonFallsFishandGame@gmail.com,https://hudsonfallsfishandgame.wildapricot.org/,,,,False,True,False,False,,,False,False,,,false,false,"[""https://images.unsplash.com/photo-1574607774561-e645c79a2478?w=800&h=400&fit=crop""]","Archery range located in HUDSON FALLS, NY.",HUDSON FALLS,New York
76d70c2e-1465-4203-82dc-100728f8e1e4,Humphries Archery,humphries-archery-ut,commercial,active,False,60 E Gordon Ave,84107,,,,,,,,,False,False,False,False,,,False,False,,,false,false,"[""state-range-photos/utah/Humphries Archery (Salt Lake City).jpg""]","Archery range located in Salt Lake City, UT.",Salt Lake City,Utah
9b07d802-6f74-494c-897f-bb7ccb42b5ec,Hunt County Archery Club,hunt-county-archery-club-tx,volunteer_club,active,False,3406 Interstate Hwy 30 E,75402,,,+12148082692,rob@q-latch.com,,,,,False,False,False,False,,,False,False,,,false,false,"[""state-range-photos/texas/Hunt County Archery Club (Greenville).jpg""]",ASA-affiliated 3D archery club. Contact: Rob Camp.,Greenville,Texas
066bb5e9-c896-4956-a62a-20234e2e7e66,Hunter's Choice,hunter-s-choice-fl,commercial,active,False,3212 N 40th St #801,33605,,,,,,,,,False,False,False,False,,,False,False,,,false,false,"[""state-range-photos/florida/Hunters Choice (Tampa).jpg""]","Archery range located in Tampa, FL.",Tampa,Florida
84b1027e-cebf-4e82-9d50-429a4cf76cb5,Huntin Hard Archers,huntin-hard-archers-az,volunteer_club,active,False,8738 Ranger Rd,85024,,,+16023201592,biggamehunter116@yahoo.com,,,,,False,False,False,False,,,False,False,,,false,false,"[""state-range-photos/arizona/Huntin Hard Archers (Happy Jack).jpg""]",ASA-affiliated 3D archery club. Contact: Theresa Garcia.,Happy Jack,Arizona
576e1e07-b446-45e0-860d-37d15db476d0,Hunting Spot,hunting-spot-ut,club,active,False,1475 W 2000 N,84624,,,,justinlosee@gmail.com,,,,,False,False,False,False,,,False,False,,,false,false,"[""state-range-photos/utah/Hunting Spot (Delta).jpg""]",ASA-affiliated archery club. Status: Expired 2025,Delta,Utah
3d2a78c0-832e-4df9-ac85-8edcdc5e55a4,Huntington Archery Club,huntington-archery-club-wv,club,active,False,,25541,,,,,,,,,False,False,False,False,,,False,False,,,false,false,"[""state-range-photos/west-virginia/Huntington Archery Club (Huntington).jpg""]","Archery range located in Huntington, WV.",Huntington,West Virginia
eed097d7-0567-4342-b71b-1608036efab9,HYEYOUN PARK JOAD ARCHERY CLUB,hyeyoun-park-joad-archery-club-ca,hybrid,active,False,"Stevens Creek Archery Range, Mt Eden Road",95014,,,,info@hyparchery.com,http://www.hyparchery.com,,,,False,False,False,False,,,False,True,,,false,false,"[""state-range-photos/california/HYEYOUN PARK JOAD ARCHERY CLUB (Cupertino).jpg""]","USA Archery affiliated club. Programs: Junior Olympic Archery Development (JOAD), Adult Archery Program",Cupertino,California
a72d1b4b-e695-40f4-89fd-3387b14dd126,Idaho Traditional Bowhunters,idaho-traditional-bowhunters-id,club,active,False,119 S Juniper St,83686,,,208-830-9885,idtradbow@gmail.com,http://www.idahotraditionalbowhunters.com/,,,,False,False,False,False,,,False,False,,,false,false,"[""https://ewscripps.brightspotcdn.com/dims4/default/3112b79/2147483647/strip/true/crop/1920x1080+0+0/resize/1280x720!/quality/90/?url=http://ewscripps-brightspot.s3.amazonaws.com/dc/13/0eb033ca438ebc2af22b280ee0ed/3d-archery-range-pkg-0607.jpg""]","Archery range located in Nampa, ID.",NAMPA,Idaho
3439c26e-0e22-4b56-8557-5616b4174064,Illiana Bowhunters,illiana-bowhunters-il,volunteer_club,active,False,19732 Mill Rd,61846,,,,billkingore@gmail.com,https://www.ilianabowhunters.com,,,,False,False,False,False,,,False,False,,,false,false,"[""state-range-photos/illinois/Illiana Bowhunters (Georgetown).jpg""]",ASA-affiliated 3D archery club. Contact: Bill Kingore.,Georgetown,Illinois
b14baf31-5d6b-4640-a88e-acf858ac3656,Impact Archery,impact-archery-ca,commercial,active,False,1621 Railroad Ave. #101,93612,,,+15593252320,impactarcheryinc@att.net,,,,,False,False,False,False,,,False,False,,,false,false,"[""https://archerylessons.info/ranges/wp-content/uploads/2024/09/Impact-Archery-Inc1.jpg""]","Archery range located in Clovis, CA.",Clovis,California
7bcdcf2c-267f-412f-bd0a-545f3fe3ad06,Impact Archery - CA,impact-archery-ca-ca,commercial,active,False,5746 E Ashlan Ave,93612,36.793744,-119.6935809,+15593252320,impactarcheryinc@outlook.com,,,,,False,False,False,False,,,False,False,,,false,false,"[""state-range-photos/california/Impact Archery - CA (Fresno).jpg""]","Archery range located in Fresno, CA.",Fresno,California
5011debe-8962-4b16-9ab1-a3e4cb7d1298,Impact Archery Las Vegas,impact-archery-las-vegas-nv,commercial,active,False,6323 Dean Martin Drive,89118,,,,,https://www.impactarcherylv.com/,,,,False,False,False,False,,,False,False,,,false,false,"[""https://images.unsplash.com/photo-1574607774561-e645c79a2478?w=800&h=400&fit=crop""]","Archery range located in Las Vegas, NV.",Las Vegas,Nevada
1c28aee0-6dea-42b1-83a5-398506ceab69,Impact Archery of Ky,impact-archery-of-ky-ky,volunteer_club,active,False,860 Savoy Clear Creek Rd,40769,,,+16065242018,impactarcheryofky@gmail.com,,,,,False,False,False,False,,,False,False,,,false,false,"[""https://archerylessons.info/ranges/wp-content/uploads/2024/09/Impact-Archery-Inc1.jpg""]",ASA-affiliated 3D archery club. Contact: Brandon Shelley.,Williamsburg,Kentucky
54f1934a-3e72-4257-8ab3-a58380099b00,In Range Archery,in-range-archery-ky,volunteer_club,active,False,1682 Four Mile Rd,40475,,,+18595821225,aldridgeronald@bellsouth.net,,,,,False,False,False,False,,,False,False,,,false,false,"[""https://s3-media0.fl.yelpcdn.com/bphoto/Hc-fQyEicKinOhqgdg9iKg/o.jpg""]",ASA-affiliated 3D archery club. Contact: Caira Aldridge.,Richmond,Kentucky
b1dca8fe-7860-40b3-a05a-761b0c25bc83,In-Range Archery JOAD,in-range-archery-joad-ky,hybrid,active,False,1682 Four Mile Rd,40475,,,,cjones@khemsoft.com,https://inrange.clubexpress.com,,,,True,False,False,False,,,False,False,,,false,false,"[""https://images.unsplash.com/photo-1574607774561-e645c79a2478?w=800&h=400&fit=crop""]","USA Archery affiliated club. Programs: Junior Olympic Archery Development (JOAD), 3D Archery, Field Archery",Richmond,Kentucky
7ca02064-2bb3-4685-afd0-cdc95060abef,Independence Bowhunters,independence-bowhunters-mo,volunteer_club,active,False,6423 Railroad St,64133,39.0057296,-94.4628382,+18168208918,independencebowhunters1964@gmail.com,,,,,False,False,False,False,,,False,False,,,false,false,"[""state-range-photos/missouri/Independence Bowhunters (Raytown).jpg""]","Archery range located in Raytown, MO.",Raytown,Missouri
96c4a49a-7d4c-4f04-9461-f1d6c7e35352,Indian Creek Bowman,indian-creek-bowman-la,club,active,False,,,,,,,,,,,False,False,False,False,,,False,False,,,false,false,"[""state-range-photos/louisiana/Indian Creek Bowman (unknown).jpg""]",,,Louisiana
af48295f-d14e-4c96-beef-5ebb4b2572e2,Indian River Archers,indian-river-archers-fl,volunteer_club,active,False,6000 77th Street,32967,27.7338801,-80.4521248,772-413-8892,indianriverarchers@gmail.com,http://Www.indianriverarchers.com,,,,False,True,False,True,$50/year,,False,False,,,false,false,"[""https://static.wixstatic.com/media/18c385_258b0225cf574e19848c18755d3728b9~mv2.jpg/v1/fill/w_980,h_1307,al_c,q_85,usm_0.66_1.00_0.01,enc_auto/18c385_258b0225cf574e19848c18755d3728b9~mv2.jpg""]","Archery range located in Vero Beach, FL.",Vero Beach,Florida
d65de4c0-bfd0-490a-862b-fe9100832593,Indian Trail Bow Club - NC,indian-trail-bow-club-nc-nc,volunteer_club,active,False,3906 Richardson Rd,28112,34.8990178,-80.5730301,+17049001968,indiantrailbowclub@gmail.com,,,,,False,False,False,False,,,False,False,,,false,false,"[""https://cdn-az.allevents.in/events4/banners/957e52c4582b818501b71f050ae25bf22e489fb114ab72d8125d7fc4aeccc27c-rimg-w765-h766-dc314530-gmir?v=1737831789""]","Archery range located in Monroe, NC.",Monroe,North Carolina
6d5ca53a-3155-4e25-821b-1691faeab324,Indian Trails Archery Pro Shop,indian-trails-archery-pro-shop-mo,commercial,active,False,1521 NO HIGHWAY 19,65560,37.6914674,-91.5157935,+15737299593,itarchery56@yahoo.com,,,,,False,False,False,False,,,False,False,,,false,false,"[""state-range-photos/missouri/Indian Trails Archery Pro Shop (SALEM).jpg""]","Archery range located in SALEM, MO.",SALEM,Missouri
632a0fc7-bc14-4ed4-8a19-0e192f236ad5,Indiana Tech,indiana-tech-in,volunteer_club,active,False,"Indiana Tech Warrior Park, 377 E. Tillman Rd",46816,,,,dmgreenman@indianatech.edu,http://www.indianatechwarriors.com,,,,False,False,False,False,,,False,False,,,false,false,"[""state-range-photos/indiana/Indiana Tech (Ft. Wayne).jpg""]","Archery range located in Ft. Wayne, IN.",Ft. Wayne,Indiana
d77140c1-c48d-4521-8499-1e72ea5cd2d9,Indianhead Bowhunters,indianhead-bowhunters-id,club,active,False,"265 E Commercial Street, Weiser, ID 83672",,,,,,http://www.idahoarchery.com/ihb/,,,,False,False,False,False,,,False,False,,,false,false,"[""state-range-photos/idaho/Indianhead Bowhunters (Weiser).jpg""]","Archery range located in Weiser, ID.",Weiser,Idaho
aa892712-0891-4b1e-bc22-7815df955522,Indoor Airgun/Archery Phoenix,indoor-airgun-archery-phoenix-az,commercial,active,False,4040 W Black Canyon Blvd,85086,,,+16235828313,,https://www.azgfd.com/shooting-sports/ben-avery-shooting-facility/,,,,False,False,False,False,,,False,False,,,false,false,"[""state-range-photos/arizona/Indoor AirgunArchery Phoenix (Phoenix).jpg""]","Archery range located in Phoenix, AZ.",Phoenix,Arizona
a41e99e6-c275-4094-a5e3-27c291e6a077,Inside Out Archery of KY,inside-out-archery-of-ky-ky,volunteer_club,active,False,Arrow Lane,42064,,,+12707793386,orrjorr@gmail.com,,,,,False,False,False,False,,,False,False,,,false,false,"[""https://images.squarespace-cdn.com/content/v1/5ee90a4505d07a7ee025086a/c0117a56-2df2-4f8d-b220-ca3d7cc6faca/Inside+Out3.jpg""]",ASA-affiliated 3D archery club. Contact: Josh Orr.,Marion,Kentucky
c810a806-095a-4157-8dea-d9fd9a49c208,Integrity Archery of Florida,integrity-archery-of-florida-fl,hybrid,active,False,17 Interlaken Road,32804,,,,ronda@4theolsons.com,,,,,False,False,False,False,,,False,False,,,false,false,"[""state-range-photos/florida/Integrity Archery of Florida (Orlando).jpg""]","USA Archery affiliated club. Programs: Junior Olympic Archery Development (JOAD), Adult Archery Program",Orlando,Florida
5a540d75-458d-4d4a-9fe8-47fd0cb79d43,Invictus Archery,invictus-archery-ca,hybrid,active,False,Avenida Espana,95119,,,,chrisplumeau11@gmail.com,,,,,False,False,False,False,,,False,False,,,false,false,"[""state-range-photos/california/Invictus Archery (San Jose).jpg""]","USA Archery affiliated club. Programs: Junior Olympic Archery Development (JOAD), Adult Archery Program",San Jose,California
59a2e88f-fb33-45cf-accd-84b075054e4e,Ipswich Fish And Game Association,ipswich-fish-and-game-association-ma,hybrid,active,False,22 Paradise Road,01938,,,,abuza04@hotmail.com,http://www.ipswichfishandgame.org,,,,False,True,False,True,,,False,True,,,false,false,"[""state-range-photos/massachusetts/Ipswich Fish And Game Association (Ipswich).jpg""]","USA Archery affiliated club. Programs: Junior Olympic Archery Development (JOAD), Adult Archery Program",Ipswich,Massachusetts
6f8e1029-e650-4aa8-b6b8-552ac6f5d38d,Ira Township Parks and Recreation,ira-township-parks-and-recreation-mi,volunteer_club,active,False,7085 Meldrum Rd,48023,,,(586) 725-0263,cindy@iratownship.org,http://www.iratownship.org,,,,False,False,False,False,,,False,False,,,false,false,"[""state-range-photos/michigan/Ira Township Parks and Recreation (Ira Township).jpg""]","Archery range located in Ira Township, MI.",Ira Township,Michigan
bd90ca05-ef02-4918-a09b-695b46844d16,Irlbeck Outdoors Liquor & Sporting Goods,irlbeck-outdoors-liquor-sporting-goods-wi,commercial,active,False,422 Main St W,54858,,,+17158253326,,,,,,False,False,False,False,,,False,False,,,false,false,"[""state-range-photos/wisconsin/Irlbeck Outdoors Liquor  Sporting Goods (Milltown).jpg""]","Archery range located in Milltown, WI.",Milltown,Wisconsin
7231fbc4-722d-40a0-bd68-67f331241659,Iron Draw Archery,iron-draw-archery-ga,hybrid,active,False,1613 hucknall place,30458,,,+19122251630,chrisblake201@gmail.com,,,,,False,False,False,False,,,False,False,,,false,false,"[""state-range-photos/georgia/Iron Draw Archery (Statesboro).jpg""]","USA Archery affiliated club. Programs: Junior Olympic Archery Development (JOAD), Adult Archery Program, 3D Archery, Field Archery",Statesboro,Georgia
278f8d14-431a-4478-99bc-686cc44b604e,Iron Horse Archery Club,iron-horse-archery-club-nj,club,active,False,2685 Garwood Rd,,,,,,https://ironhorsegunclub.com/,,,,False,False,False,False,,,False,False,,,false,false,"[""https://images.unsplash.com/photo-1574607774561-e645c79a2478?w=800&h=400&fit=crop""]","Archery range located in Pemberton, NJ.",Pemberton,New Jersey
586b945f-38d2-4cc6-8ec6-13d602ad5bd4,Iroquois Archery & Conservation Club,iroquois-archery-conservation-club-in,volunteer_club,active,False,3200 W 900 S,47978,40.8830064,-87.1076637,,iarcheryclub@gmail.com,https://iroquoisarcheryclub.com/,,,,False,False,False,False,,,False,False,,,false,false,"[""https://images.unsplash.com/photo-1574607774561-e645c79a2478?w=800&h=400&fit=crop""]","Archery range located in RENSSELAER, IN.",Rensselaer,Indiana
af95270f-b506-4f2d-b05f-51e19f1127e7,Irving Bowhunters Association,irving-bowhunters-association-tx,volunteer_club,active,False,2041 S Walton Walker Blvd,75211,32.7243921,-96.9205494,469-795-1035,ibatxinfo@gmail.com,https://www.ibatx.org,Dawn Till Dusk,,,False,True,True,False,,,False,False,,,false,false,"[""https://static.wixstatic.com/media/755ece_1bb27e2a2eba469cb40e3da54b970227.jpg/v1/fill/w_1920,h_1440,al_c,q_90,usm_0.66_1.00_0.01,enc_avif,quality_auto/755ece_1bb27e2a2eba469cb40e3da54b970227.jpg""]","Archery range located in Dallas, TX.",Dallas,Texas
c75a700b-c688-4884-a35e-a1a67d468e4c,Ishi Archery Club,ishi-archery-club-ca,volunteer_club,active,False,859 Washington St. PMB184,96080,,,,ishiarchers@gmail.com,https://ishiarcheryclub.org,,,,False,False,True,False,$50 Individual / $55 Couple / $60 Family (per year),$5.00 daily use fee (non-members),False,False,,,false,false,"[""https://enjoymagazine.com/wp-content/uploads/2022/02/I-Choose-Archery-Enjoy-Magazine-Mar22-Sign.jpg""]","Archery range located in Red Bluff, CA.",RED BLUFF,California
fc765118-eb7c-4f15-89b5-761b07c14c89,Island Archers,island-archers-wa,hybrid,active,False,8203 Sportsman Club Road NE,98110,,,,CoachMike@IslandArchers.com,http://www.islandarchers.com,,,,False,False,False,False,,,False,False,,,false,false,"[""https://islandarchers.com/wp-content/uploads/2022/09/3D-Range.jpg""]","USA Archery affiliated club. Programs: Junior Olympic Archery Development (JOAD), Adult Archery Program, 3D Archery",Bainbridge Island,Washington
f5e9b238-e5f2-47b2-93bc-59c698a979d8,Island Hilltop Archery,island-hilltop-archery-la,volunteer_club,active,False,4220 Hwy 913,71368,,,+13183761623,bjarchery@gmail.com,,,,,False,False,False,False,,,False,False,,,false,false,"[""state-range-photos/louisiana/Island Hilltop Archery (Sicily Island).jpg""]",ASA-affiliated 3D archery club. Contact: Barry Jenkins.,Sicily Island,Louisiana
94715022-c55d-44ea-b951-0274fbe32e6d,Ithaca Archery,ithaca-archery-ny,hybrid,active,False,"Community Rec Center, 1767 E Shore Drive",14850,42.484989,-76.427883,,ithacaarchery@gmail.com,https://ithacaarchery.com/,,,,False,False,False,False,,,True,True,,,false,false,"[""https://images.unsplash.com/photo-1574607774561-e645c79a2478?w=800&h=400&fit=crop""]","USA Archery affiliated club. Programs: Junior Olympic Archery Development (JOAD), Adult Archery Program",Ithaca,New York
16972aa4-f58e-4596-a393-8b6784c20985,Izaak Walton League of America,izaak-walton-league-of-america-in,volunteer_club,active,False,20400 DARDEN RD,46637,41.7274567,-86.2641076,+15742723660,info@izaaksb.com,https://www.ikesb.com,,,,False,False,False,False,,,False,False,,,false,false,"[""https://images.squarespace-cdn.com/content/v1/5548d51be4b070e82413ad4b/1431009976595-61HW1VGQXV51WXS5WK6V/Archery+Field+at+Izaak.jpg""]","Archery range located in SOUTH BEND, IN.",SOUTH BEND,Indiana
527e4960-4426-4f36-93eb-9d58b3f65227,Izaak Walton League Washington County Chapter,izaak-walton-league-washington-county-chapter-md,club,active,False,12759 Independence Road,,,,,steveblickenstaff@yahoo.com,https://washcoiwla.com/,,,,False,True,False,False,,,False,False,,,false,false,"[""state-range-photos/maryland/Izaak Walton League Washington County Chapter (unknown).jpg""]",,,Maryland
bc0f63cb-a294-47e6-8ab8-0a4c410eb1cd,J Robinson Outdoors,j-robinson-outdoors-pa,commercial,active,False,28016 Beacon Hill Dr,,,,(215) 356-5867,,https://jrobinsonoutdoors.com/,,,,False,False,False,False,,,False,False,,,false,false,"[""https://i0.wp.com/jrobinsonoutdoors.com/wp-content/uploads/2023/06/crossbow.jpg?w=999&ssl=1""]",,,Pennsylvania
0d27cf60-2632-4522-831a-9972ffa648b9,Jaat Archery,jaat-archery-oh,commercial,active,False,13257 Township Hwy 96,43351,,,419-310-1855,jim@jaatarchery.com,,,,,False,False,False,False,,,False,False,,,false,false,"[""state-range-photos/ohio/Jaat Archery (Upper Sandusky).jpg""]",IBO commercial range (IBO directory).,Upper Sandusky,Ohio
ad38a388-bf9d-4d30-ab42-51c1e3e5bbb3,Jack Rabbit Archery,jack-rabbit-archery-ct,commercial,active,False,363 Silver Hill Rd,06612,,,,JackRabbitArchery@gmail.com,https://www.jackrabbitarchery.com/,,,,False,False,False,False,,,True,True,,,false,false,"[""https://static.wixstatic.com/media/7edb78_aea78c9f132541b7af7a43800f8d47d3~mv2.jpeg/v1/fill/w_250,h_333,al_c,q_90,enc_auto/7edb78_aea78c9f132541b7af7a43800f8d47d3~mv2.jpeg""]","Archery range located in Easton, CT.",Easton,Connecticut
29065cb4-b979-4ce0-a846-6216f0ae023e,Jackson Bowhunters,jackson-bowhunters-oh,volunteer_club,active,False,4799 Jisco West Road,45640,,,+17404187404,moonkenny26@gmail.com,,,,,False,False,False,False,,,False,False,,,false,false,"[""state-range-photos/ohio/Jackson Bowhunters (Jackson).jpg""]",ASA-affiliated 3D archery club. Contact: Kenneth Moon.,Jackson,Ohio
7c247076-b8c9-462d-b199-bffe11efee69,Jackson County Outdoor Club,jackson-county-outdoor-club-mi,volunteer_club,active,False,3550 Hart Rd,49201,,,(517) 764-3415,maxmcfetersjcoc@gmail.com,https://www.jacksoncountyoutdoorclub.com/,,,,False,True,False,False,$180 new member,,False,False,,,false,false,"[""https://www.jacksoncountyoutdoorclub.com/data2/images/girls.jpg""]",ASA-affiliated 3D archery club. Contact: Max McFeters.,Jackson,Michigan
6a7e3e35-02ec-4f14-ab74-4cf1d9685831,Jackson Parish Bowhunters,jackson-parish-bowhunters-la,volunteer_club,active,False,5254 Hwy 4,71251,,,+13182453136,jpbowhunter5254@gmail.com,,,,,False,False,False,False,,,False,False,,,false,false,"[""state-range-photos/louisiana/Jackson Parish Bowhunters (Jonesboro).jpg""]",ASA-affiliated 3D archery club. Contact: Heath Hall.,Jonesboro,Louisiana
fa559696-5833-4c47-a861-e87da479ac1d,Jacob Archery Range,jacob-archery-range-co,public,active,False,5342 Sumac Dr,80840,,,,,,,,,False,False,False,False,,,False,False,,,false,false,"[""state-range-photos/colorado/Jacob Archery Range (Air Force Academy).jpg""]","Archery range located in Air Force Academy, CO.",Air Force Academy,Colorado
54cdf97f-c192-4bf2-a7d5-771261ea7f96,James A. Reed Wildlife Area,james-a-reed-wildlife-area-mo,public,active,False,,,,,,,https://mdc.mo.gov/discover-nature/places/james-reed-memorial-wildlife-area,,,,False,False,False,False,,,False,False,,,false,false,"[""https://www.missouriwhitetails.com/attachments/james-a-reed-archery-range-1-jpg.128423/""]","Archery range located in Lee's Summit, MO.",Lee's Summit,Missouri
d4a0c0e0-ef7e-4280-bc81-9ac8414a10ed,Janesville Bowmen,janesville-bowmen-wi,club,active,False,"5119 N Fox Road, Janesville, WI 53548",,,,,,http://janesvillebowmen.tripod.com,,,,False,False,False,False,,,False,False,,,false,false,"[""state-range-photos/wisconsin/Janesville Bowmen (Janesville).jpg""]","Archery range located in Janesville, WI.",Janesville,Wisconsin
6bf10d57-0dc0-4128-bacc-264d9bc8f460,Jay County  Bitteridge Archers,jay-county-bitteridge-archers-in,club,active,False,6243 S 325 W,47371-,40.3486906,-85.0414415,+12607030651,jerribost@gmail.com,,,,,False,False,False,False,,,False,False,,,false,false,"[""https://visitjaycounty.com/wp-content/uploads/archeryclub-1.jpeg""]",NFAA-affiliated archery club listed in the NFAA Club/Range Finder.,Portland,Indiana
95425fd6-2264-4d72-8787-e55ab63861b8,Jefferson County Bowhunters,jefferson-county-bowhunters-al,volunteer_club,active,False,Cornerstone Ranch,35117,,,+12056757407,hornbuckle78@yahoo.com,,,,,False,False,False,False,,,False,False,,,false,false,"[""state-range-photos/alabama/Jefferson County Bowhunters (Mt Olive).jpg""]",ASA-affiliated 3D archery club. Contact: James Hornbuckle.,Mt Olive,Alabama
b9e740aa-53ba-4f0e-b48c-f499eb8c8f9c,Jefferson County Bowmen,jefferson-county-bowmen-mo,volunteer_club,active,False,2770 Benson Rd,63028,,,+13144021284,chase4415@att.net,,,,,False,False,False,False,,,False,False,,,false,false,"[""state-range-photos/missouri/Jefferson County Bowmen (Festus).jpg""]",ASA-affiliated 3D archery club. Contact: Nelson Scherrer.,Festus,Missouri
a576df45-5995-496d-9ca4-100f0c1195f7,Jefferson County Sportsmen's Club,jefferson-county-sportsmen-s-club-ky,volunteer_club,active,False,12100 Waterford Rd,40291,,,+15028214440,colbymurphy26@gmail.com,,,,,False,False,False,False,,,False,False,,,false,false,"[""https://jc-sc.com/wp-content/uploads/2019/08/IMG_20190810_182434631_HDR-1024x768.jpg""]",ASA-affiliated 3D archery club. Contact: Colby Murphy.,Mount Washington,Kentucky
bb6e8e8e-50e3-470b-b87e-939e0de9c786,Jim Cox Archery Shop,jim-cox-archery-shop-ca,commercial,active,False,28 D Quail Run Circle,93907,,,(831) 769-0200,jim@jimcoxarcheryshop.com,https://jimcoxarcheryshop.com,,,8,True,False,False,False,,,False,True,,,false,false,"[""http://jimcoxarcheryshop.com/wp-content/uploads/2020/02/IMG_3917-copy.jpg""]","Archery range located in Salinas, CA.",SALINAS,California
97b4db1d-db03-40ef-b044-0f4bd3077463,Johnston's Sporting Goods PA,johnston-s-sporting-goods-pa-pa,commercial,active,False,715 State Rd,,,,,,,,,,False,False,False,False,,,False,False,,,false,false,"[""state-range-photos/pennsylvania/Johnstons Sporting Goods PA (Croydon).jpg""]","Archery range located in Croydon, PA.",Croydon,Pennsylvania
b26ffad0-3e44-4bf0-98d8-932ef4c175e9,Joliet Archery Club,joliet-archery-club-il,hybrid,active,False,3700 W. Francis Rd,60451,41.5298702,-87.9864374,,bobbiek.jac@gmail.com,https://www.jolietarcheryclub.org,,,,False,False,False,False,,,False,False,,,false,false,"[""https://archerylessons.info/ranges/wp-content/uploads/2024/09/Joliet-Archers.jpg""]","USA Archery affiliated club. Programs: Junior Olympic Archery Development (JOAD), Adult Archery Program, Field Archery",NEW LENOX,Illinois
4af87de9-a08f-4122-9d13-b98c27408279,JRS Archery Strings,jrs-archery-strings-az,commercial,active,False,5207 W Orchid Ln,85302,,,+16236955094,,,,,,False,False,False,False,,,False,False,,,false,false,"[""state-range-photos/arizona/JRS Archery Strings (Glendale).jpg""]","Archery range located in Glendale, AZ.",Glendale,Arizona
4bb52351-374e-4174-ad1b-f3a4f12761ec,Junior Olympian Archery Club of Louisville,junior-olympian-archery-club-of-louisville-ky,hybrid,active,False,820 Buck Creek Rd.,40067,,,502-216-5400,JOACofLouisville@gmail.com,https://joacoflouisville.usarchery.org/,,,,False,False,False,False,,,False,False,,,false,false,"[""state-range-photos/kentucky/Junior Olympian Archery Club of Louisville (Simpsonville).jpg""]","USA Archery affiliated club. Programs: Junior Olympic Archery Development (JOAD), Adult Archery Program",Simpsonville,Kentucky
2f57ab72-95b7-4307-8235-b90bbb802603,K & B Archery,k-b-archery-sd,commercial,active,False,212 N Main,57301,,,,,,,,,False,False,False,False,,,False,False,,,false,false,"[""https://i.ytimg.com/vi/uBqZpG-1sCA/hqdefault.jpg""]","Archery range located in Mitchell, SD.",Mitchell,South Dakota
ffa9de57-0403-4c4a-8e6a-10bc8aa51705,K Archery Club,k-archery-club-ga,hybrid,active,False,3450 Bentwood Dr,30041,,,770-371-3727,karcheryclub@yahoo.com,https://karcheryclub.usarchery.org/,,,,False,False,False,False,,,False,False,,,false,false,"[""state-range-photos/georgia/K Archery Club (Cumming).jpg""]",USA Archery affiliated club. Programs: Junior Olympic Archery Development (JOAD),Cumming,Georgia
cf7c0b2d-b247-4b74-888a-243ceeed9abc,Kansas Archery Center LLC,kansas-archery-center-llc-ks,commercial,active,False,8859 E Highway 24,66502,39.1966746,-96.5095679,,kansasarcherycenter@gmail.com,,,,,False,False,False,False,,,False,False,,,false,false,"[""state-range-photos/kansas/Kansas Archery Center LLC (Manhattan).jpg""]","Archery range located in Manhattan, KS.",Manhattan,Kansas
0639a444-ae0e-40f0-96c5-c5455364c057,Kaposia Park Archery Range,kaposia-park-archery-range-mn,public,active,False,"405 Kaposia Boulevard, South St Paul, MN 55075",55075,,,,,http://www.southstpaulmn.gov/878/Archery-Range,8 a.m. - 10 p.m.,,,False,False,False,False,,,False,False,,,true,true,"[""https://images.unsplash.com/photo-1574607774561-e645c79a2478?w=800&h=400&fit=crop""]","Archery range located in South St Paul, MN.",South St Paul,Minnesota
b241f081-d40c-486e-9de2-b01be5b0df46,KBH Archers Inc,kbh-archers-inc-wa,volunteer_club,active,False,3680 NE Old Belfair Hwy,98528,47.4980198,-122.7999288,(360) 275-5414,contact@kbh-archers.com,https://kbh.wildapricot.org/,,,18,False,False,True,True,$110 Individual annual,$10 per archer per day,False,True,,,false,false,"[""https://s3-media0.fl.yelpcdn.com/bphoto/nV2K1Ela5KUTt85gpTMS0w/o.jpg""]","Archery range located in Belfair, WA.",Belfair,Washington
b6884a51-e1f0-4a92-8946-e367bd8d2391,KC Performance Archery & Range,kc-performance-archery-range-mo,commercial,active,False,,,,,+18167632699,,,,,,False,False,False,False,,,False,False,,,false,false,"[""state-range-photos/missouri/KC Performance Archery  Range (Kansas City).jpg""]","Archery range located in Kansas City, MO.",Kansas City,Missouri
d30416c9-3904-426d-a7fd-33187b748f97,Keeg's Outdoors,keeg-s-outdoors-oh,commercial,active,False,"34980 W. Mansfield Mt. Victory Road, Ridgeway, OH 43345",43345,40.4982415,-83.5189959,+15676746340,keegsoutdoors@gmail.com,,"Mon, Wed, Fri 6:30-8:30pm; Sat 11:00am-2:00pm",,,True,False,False,False,,,False,False,,,false,false,"[""state-range-photos/ohio/Keegs Outdoors (Ridgeway).jpg""]","Archery range located in Ridgeway, OH.",Ridgeway,Ohio
407108c1-76e7-4060-b171-606b165ada8d,Kenai Peninsula Archers,kenai-peninsula-archers-ak,volunteer_club,active,False,31555 Arc Loop Road,99669,60.437363,-151.11567,907-740-0210,Kimberlyperk89@gmail.com,https://www.kenaipeninsulaarchers.org/,,,,False,True,False,True,,,False,False,,,false,false,"[""https://www.peninsulaclarion.com/wp-content/uploads/sites/17/2018/08/13511287.jpg?w=864""]","Archery range located in Soldotna, AK.",Soldotna,Alaska
0d45e2fc-6109-4e50-90ea-61c5bcf778cd,Kenmore Gun Ranges,kenmore-gun-ranges-wa,commercial,active,False,,,,,,,,,,,False,False,False,False,,,False,False,,,false,false,"[""state-range-photos/washington/Kenmore Gun Ranges (unknown).jpg""]",,,Washington
360d8f93-e944-42fe-8ac9-415f2434065f,Kennesaw Archery Club,kennesaw-archery-club-ga,hybrid,active,False,2320 Pitner Road,30101,,,,membership@kennesawarchery.org,http://www.kennesawarchery.org,,,,False,False,False,False,,,False,False,,,false,false,"[""state-range-photos/georgia/Kennesaw Archery Club (Acworth).jpg""]","USA Archery affiliated club. Programs: Junior Olympic Archery Development (JOAD), Adult Archery Program, Field Archery",Acworth,Georgia
68478130-49c8-4b97-b5f9-c20ad46c3fc7,Kenosha Bowmen,kenosha-bowmen-wi,hybrid,active,False,15211 75th Street,53104,,,(262) 597-8491,Kenoshabowmen@gmail.com,http://www.kenoshabowmen.com,,,,False,True,True,True,,,False,False,,,false,false,"[""https://images.unsplash.com/photo-1574607774561-e645c79a2478?w=800&h=400&fit=crop""]","USA Archery affiliated club. Programs: Junior Olympic Archery Development (JOAD), Adult Archery Program, 3D Archery, Field Archery",Bristol,Wisconsin
aa8bdeb3-b1f0-4a4b-b55b-233d38aece4d,Kenton Game & Fish Assoc.,kenton-game-fish-assoc-ky,commercial,active,False,,41015,,,+18593563798,,,,,,False,False,False,False,,,False,False,,,false,false,"[""state-range-photos/kentucky/Kenton Game  Fish Assoc (Locust Pike).jpg""]",IBO pro shop (IBO directory).,Locust Pike,Kentucky
0fbcb249-8882-4396-b951-d461d9b1e051,Kentucky Elite Archery Academy,kentucky-elite-archery-academy-ky,hybrid,active,False,127 East Main Street,41102,,,606-316-7295,davidryanmesser@gmail.com,https://davidryanmesser.wixsite.com/ky-elite-archery,,,,False,False,False,False,,$5 per hour,False,True,$35/hour individual; $125 for 6-session group series,,false,false,"[""state-range-photos/kentucky/Kentucky Elite Archery Academy (Ashland).jpg""]","USA Archery affiliated club. Programs: Junior Olympic Archery Development (JOAD), 3D Archery",Ashland,Kentucky
75b070fb-840f-428c-aad5-695654b2e8b8,Kentucky's Best Archery Club,kentucky-s-best-archery-club-ky,club,active,False,Laurel County Fair Grounds,,,,,,,,,,False,False,False,False,,,False,False,,,false,false,"[""state-range-photos/kentucky/Kentuckys Best Archery Club (unknown).jpg""]",,,Kentucky
4f2790ff-cb0d-4dac-8e38-5cfa639133ca,Keowee Bowmen inc,keowee-bowmen-inc-sc,volunteer_club,active,False,153 Archery Club Rd,29630,34.7696423,-82.8323799,864-784-0848,keoweebowmen@gmail.com,https://www.keoweebowmen.com/,,,,False,True,True,True,,,False,False,,,false,false,"[""state-range-photos/south-carolina/Keowee Bowmen inc (Central).jpg""]","Archery range located in Central, SC.",Central,South Carolina
f2396bfa-4d5d-43ef-a8c5-4804b7960b77,Kestrel Archery,kestrel-archery-ma,hybrid,active,False,80 Pleasant St Dracut MA 01826,01826,,,(978) 606-5854,kestrelarcheryllc@gmail.com,https://kestrelarchery.org,"Mon/Wed/Thu/Fri 2pm-10pm, Sat 10am-10pm, Tue Closed",,12,True,False,False,False,$80-150/month,$25/hr,False,True,,,false,false,"[""https://kestrelarchery.org/wp-content/uploads/2025/09/PXL_20250411_233406814.MP_-1024x647.webp""]","USA Archery affiliated club. Programs: Junior Olympic Archery Development (JOAD), Adult Archery Program",Dracut,Massachusetts
8788688e-f216-4c78-98df-a7f1cf6e86cb,Khan Archery Club,khan-archery-club-ca,volunteer_club,active,False,16801 Euclid St,92708-3005,,,,crvman77@icloud.com,,,,,False,False,False,False,,,False,False,,,false,false,"[""https://s3-media0.fl.yelpcdn.com/bphoto/_1X7oCZzYYr3ZqssVm9wgg/l.jpg""]","Archery range located in Fountain Valley, CA.",Fountain Valley,California
a2202362-114c-467f-8567-615d45157865,Killshot Outdoors,killshot-outdoors-nm,volunteer_club,active,False,820 N Garden Ave,88230,,,575-622-1315,Robbie@killshot-outdoors.com,https://www.killshot-outdoors.com/,,,,False,False,False,False,,,False,True,,,false,false,"[""https://static.wixstatic.com/media/2d65fa_8f708cc772a847b88993939c5da84b65~mv2.jpg/v1/crop/x_0,y_168,w_2016,h_1176/fill/w_392,h_229,al_c,q_80,usm_0.66_1.00_0.01,enc_avif,quality_auto/IMG_1310.jpg""]",ASA-affiliated 3D archery club. Contact: Robbie DeRosier.,Dexter,New Mexico
a23a6b9c-1c0b-4e63-a34e-df27e18cdf11,Kimberton Fish & Game Association,kimberton-fish-game-association-pa,club,active,False,"118 Coldstream Road, Phoenixville, PA 19460",,,,,,https://kfga.net/,,,,False,False,False,False,,,False,False,,,false,false,"[""state-range-photos/pennsylvania/Kimberton Fish  Game Association (Kimberton).jpg""]","Archery range located in Kimberton, PA.",Kimberton,Pennsylvania
fd1af924-4f93-48a3-985d-778ec1a12ed3,Kincaid Archery Range,kincaid-archery-range-ak,public,active,False,"9401 W Raspberry Rd, Anchorage, AK 99502",,,,,,https://www.alaska.org/detail/kincaid-archery-range,,,,False,False,False,False,,,False,False,,,false,false,"[""state-range-photos/alaska/Kincaid Archery Range (Anchorage).jpg""]","Archery range located in Anchorage, AK.",Anchorage,Alaska
e2930730-3f6f-480a-89c8-af84204c896f,"Kings Mountain Archers, Inc",kings-mountain-archers-inc-ca,volunteer_club,active,False,"2050 Kings Mountain Rd, Woodside, CA 94062",94062,37.4404915,-122.2918602,+16502418440,president@kingsmountainarchers.org,https://www.kingsmountainarchers.org/,,,,False,False,True,False,,,False,True,,,false,false,"[""https://images.unsplash.com/photo-1574607774561-e645c79a2478?w=800&h=400&fit=crop""]","Archery range located in Woodside, CA.",Woodside,California
8e91b624-ef58-4f6c-950f-677fe5c43859,Kings Point Archery Club,kings-point-archery-club-fl,volunteer_club,active,False,"2043 Inverness Greens Drive, 2017 Hampstead Circle",33573,27.6855666,-82.3691278,,tsn2504@msn.com,,,,,False,False,False,False,,,False,False,,,false,false,"[""https://kpmaster.com/wp-content/uploads/2022/10/arch2-1.jpg""]","Archery range located in SUN CITY CENTER, FL.",SUN CITY CENTER,Florida
8a0b8398-5a9f-4e91-bce5-5cc23c6abab4,Kingsboro Bowmen Archery Association,kingsboro-bowmen-archery-association-va,volunteer_club,active,False,401 Kings Highway,23432,,,757-542-5150,kbava1979@gmail.com,https://kingsborobowmen.wixsite.com/kbva,,,,False,True,False,True,$60,,False,False,,,false,false,"[""state-range-photos/virginia/Kingsboro Bowmen Archery Association (Suffolk).jpg""]",ASA-affiliated 3D archery club. Contact: Chris Holloman.,Suffolk,Virginia
554cf267-fc5b-490a-85de-cc0d6f71d4e5,Kinnickinnic Archery Range,kinnickinnic-archery-range-wi,public,active,False,W Kinnickinnic River Pkwy,53215,,,+14146430120,,,,,,False,False,False,False,,,False,False,,,false,false,"[""https://tuba-archery.com/wp-content/uploads/2025/12/th-518.jpg""]","Archery range located in Milwaukee, WI.",Milwaukee,Wisconsin
472636ea-69e6-4940-a5fd-9aa3d4fd3362,Kishwaukee Archers,kishwaukee-archers-il,hybrid,active,False,28278 Lukens Rd. PO Box 495,60178,41.9902463,-88.6775217,+16304049499,,http://kishwaukeearchers.org,,,,False,False,False,False,,,False,False,,,false,false,"[""state-range-photos/illinois/Kishwaukee Archers (Sycamore).jpg""]","USA Archery affiliated club. Programs: Junior Olympic Archery Development (JOAD), Adult Archery Program",Sycamore,Illinois
2d476e11-333a-4e69-ae5e-093b7bd9b5a5,Klamath Basin Archers,klamath-basin-archers-or,volunteer_club,active,False,809 Main St,97601,42.2264162,-121.7810052,(541) 891-5742,klamathbasinarchers@gmail.com,https://klamathbasinarchers.com/,,,,False,False,False,True,,,False,False,,,false,false,"[""state-range-photos/oregon/Klamath Basin Archers (KLAMATH FALLS).jpg""]","Archery range located in KLAMATH FALLS, OR.",KLAMATH FALLS,Oregon
5a5f379d-cf84-40b1-867b-61d0c4a157ec,Koko Head Shooting Complex,koko-head-shooting-complex-hi,public,active,False,,,,,(808) 768-6720,,https://www.honolulu.gov/dpr/koko-head-shooting-complex/,Archery: Wed-Sun sunrise to sunset; Mon-Tue closed,,,False,False,False,False,,,False,False,,,false,Free parking available,"[""state-range-photos/hawaii/Koko Head Shooting Complex (Hawaii Kai).jpg""]","Archery range located in Hawaii Kai, HI.",Hawaii Kai,Hawaii
a027350e-9a21-4f28-a4f9-9b85195600da,Koteewi Archery,koteewi-archery-in,volunteer_club,active,False,11909 Koteewi Dr,46060,,,(317) 776-8472,koteewiarchery@gmail.com,https://koteewiarchery.com,Wed-Sun 10:00am-7:00pm; Mon-Tue Closed,,,True,True,False,False,,,False,True,,,false,false,"[""https://assets.simpleviewinc.com/simpleview/image/upload/c_fill,h_517,q_75,w_776/v1/crm/hamilton/Koteewi_Range_024.JPG0_38297999-5056-a36a-081fdb7ec7c76585.jpg""]",ASA-affiliated 3D archery club. Contact: Tony Girt.,NOBLESVILLE,Indiana
a50fa617-3ac7-4842-9b99-a85aab5c39fd,KSL Archery Academy,ksl-archery-academy-ca,hybrid,active,False,6400 Woodley Ave,91406,,,,coachksl@gmail.com,https://joyleearcheryacademy.com/,,,,False,False,False,False,,,False,False,,,false,false,"[""https://s3-media0.fl.yelpcdn.com/bphoto/Ssdwy3guBRdmhrr4dMuWpQ/o.jpg""]","USA Archery affiliated club. Programs: Junior Olympic Archery Development (JOAD), Adult Archery Program",Van Nuys,California
4758ec41-7b23-4010-be44-ba623b1254a9,Kyles Custom Arrows and Archery Supply,kyles-custom-arrows-and-archery-supply-mo,volunteer_club,active,False,9900 Flat Rock Road,65444,,,+14178611128,douglas.kyle@outlook.com,,,,,False,False,False,False,,,False,False,,,false,false,"[""state-range-photos/missouri/Kyles Custom Arrows and Archery Supply (Bucyrus).jpg""]",ASA-affiliated 3D archery club. Contact: Douglas Kyle.,Bucyrus,Missouri
0bfe5dfb-98ba-43df-8f90-507d9ba8845b,LaBenite Park Archery,labenite-park-archery-mo,public,active,False,"2219 Wayne City Rd, Sugar Creek, MO 64050",,,,,,https://mdc.mo.gov/discover-nature/places/labenite-park-sugar-creek,,,,False,False,False,False,,,False,False,,,false,false,"[""state-range-photos/missouri/LaBenite Park Archery (Sugar Creek).jpg""]","Archery range located in Sugar Creek, MO.",Sugar Creek,Missouri
827c4da7-1e11-4ea0-86cf-87e36ed363b7,Laguna Woods Archery Club,laguna-woods-archery-club-ca,hybrid,active,False,"24232 Calle Aragon, Archery Club",92637,,,,anson2@hotmail.com,https://lagunawoodsvillage.com/amenities/clubs/archery-club-laguna-woods/,,,,False,False,False,False,,,False,False,,,false,false,"[""https://www.ocregister.com/wp-content/uploads/migration/nxp/nxpq0k-b88560679z.120151112092922000g8nd2fg9.10.jpg?w=1200""]",USA Archery affiliated club. Programs: Adult Archery Program,Laguna Woods,California
a23c3384-23c4-4638-abe3-29f67595b502,Lake Charles Archery Club,lake-charles-archery-club-la,volunteer_club,active,False,1408 Hwy 379,70669,,,+15042105955,lmurra1@yahoo.com,,,,,False,False,False,False,,,False,False,,,false,false,"[""state-range-photos/louisiana/Lake Charles Archery Club (Westlake).jpg""]",ASA-affiliated 3D archery club. Contact: Virgil Murray.,Westlake,Louisiana
92f1172c-cd90-4ec7-894d-f0b24e90ae95,Lake Park Tampa,lake-park-tampa-fl,public,active,False,17302 N Dale Mabry Hwy,33548,,,(813) 264-3806,,https://hcfl.gov/locations/lake-conservation-park,,,,False,False,False,False,,,False,False,,,false,false,"[""state-range-photos/florida/Lake Park Tampa (Lutz).jpg""]","Archery range located in Lutz, FL.",Lutz,Florida
55cf114a-90b5-452b-8e2a-7e11f1355211,Lake Poway Archery Range,lake-poway-archery-range-ca,public,active,False,"14644 Lake Poway Road, Poway, CA 92064",,,,(858) 668-4772,,https://poway.org/403/Archery-Range,,,,False,False,False,False,,"$19 archery card (valid 1 year, required for range access)",False,True,,,false,false,"[""https://images.unsplash.com/photo-1574607774561-e645c79a2478?w=800&h=400&fit=crop""]","Archery range located in Poway, CA.",Poway,California
0d3a8121-c7b8-48b1-9d1d-8b04aa8eabb4,Lake Tahoe Archers,lake-tahoe-archers-ca,hybrid,active,False,2700 Lake Tahoe Blvd,96150-7711,,,,reservations@AdventuresLakeTahoe.com,https://www.adventureslaketahoe.com/archery,,,,False,False,False,False,,,False,False,,,false,false,"[""https://s3-media0.fl.yelpcdn.com/bphoto/5eoqYR2Wa4wa2gO7cNQJtQ/o.jpg""]","USA Archery affiliated club. Programs: Junior Olympic Archery Development (JOAD), Adult Archery Program, 3D Archery, Field Archery, Olympic Archery in the Schools",South Lake Tahoe,California
517e5e49-e805-4f0d-985a-57b8342d12a7,LakePoint Archery,lakepoint-archery-ga,volunteer_club,active,False,124 LakePoint Parkway,30121,,,,bre.johnson@lakepointsports.com,http://www.lakepointsports.com,,,,False,False,False,False,,,False,False,,,false,false,"[""state-range-photos/georgia/LakePoint Archery (Emerson).jpg""]","Archery range located in Emerson, GA.",Emerson,Georgia
58b08c10-cd4d-491e-9a65-cb82bfe74f70,Lakeside Archery,lakeside-archery-me,commercial,active,False,55 CUMBERLAND RD,04097,43.8123734,-70.2468055,(207) 829-6213,lakesidearchery@gmail.com,http://www.lakesidearchery.com,"Mon-Sat 1pm-8pm, Sun 11am-4pm",,,True,False,True,False,,,False,True,,,false,false,"[""https://images.unsplash.com/photo-1574607774561-e645c79a2478?w=800&h=400&fit=crop""]","Archery range located in N. YARMOUTH, ME.",N. Yarmouth,Maine
e630b021-f5c9-459d-b52b-c42d06cd4ca4,Lakeview Bowmen,lakeview-bowmen-or,commercial,active,False,,97630,,,,,,,,,False,False,False,False,,,False,False,,,false,false,"[""state-range-photos/oregon/Lakeview Bowmen (Lakeview).jpg""]",IBO pro shop (IBO directory).,Lakeview,Oregon
c54ad5d5-2959-45a9-abfa-9b4e4ccaf4d6,Lamar's Trail Stop,lamar-s-trail-stop-ga,commercial,active,False,2463 Cedartown Hwy,30153,,,+17706849147,,,,,,False,False,False,False,,,False,False,,,false,false,"[""state-range-photos/georgia/Lamars Trail Stop (Rockmart).jpg""]","Archery range located in Rockmart, GA.",Rockmart,Georgia
3c121a3b-8957-4fd2-b41b-c0694dfba155,Lamoille Valley Fish and Game Club,lamoille-valley-fish-and-game-club-vt,club,active,False,"1158 Garfield Road, Morrisville, VT 05661",,,,,,,,,,False,False,False,False,,,False,False,,,false,false,"[""state-range-photos/vermont/Lamoille Valley Fish and Game Club (Morrisville).jpg""]","Archery range located in Morrisville, VT.",Morrisville,Vermont
efcf0c31-904e-4d67-846a-88a376cbcceb,Lamprey River Bowhunters,lamprey-river-bowhunters-nh,volunteer_club,active,False,190 Route 125,03833,,,,patriotfan1@comcast.net,https://www.lampreyriverbowhunters.com/,,,,False,True,False,True,,,False,False,,,false,false,"[""state-range-photos/new-hampshire/Lamprey River Bowhunters (Brentwood).jpg""]",ASA-affiliated 3D archery club. Contact: Kevin Spence.,Brentwood,New Hampshire
bfbce6c7-ccc2-434f-bbef-2e574ba58749,LAN-OAK Park District - Explore Archery,lan-oak-park-district-explore-archery-il,volunteer_club,active,False,2550 178th Street,60438,,,(708) 895-7275,mhavran@lanoakparkdistrict.org,http://www.lanoakparkdistrict.org,,,,False,False,False,False,,,False,True,,,false,false,"[""https://www.lanoakparkdistrict.org/wp-content/uploads/2017/12/home-archery.jpg""]","Archery range located in Lansing, IL.",Lansing,Illinois
6db3b837-a3c1-481d-b1d7-482c6e4e1efb,Lancaster Archery Supply,lancaster-archery-supply-pa,commercial,active,False,2195A Old Philadelphia Pike,17602,,,,,https://www.lancasterarchery.com,,,,False,False,False,False,,,False,False,,,false,false,"[""https://lh5.googleusercontent.com/p/AF1QipOtJw9yZW60ZcF1SkdPsbEqz9By2QonCOlCNtj1""]","Archery range located in Lancaster, PA.",Lancaster,Pennsylvania
ecb9cedb-5124-45f6-9ff6-8c53aeb5fcff,Lancaster Joad Team,lancaster-joad-team-pa,hybrid,active,False,"2195-A Old Philadelphia Pike, Lancaster Archery Supply",17602,,,,hpfeil@lancasterarchery.com,https://www.lancasterarcheryacademy.com/Academy-JOAD-Club,,,,False,False,False,False,,,False,False,,,false,false,"[""https://www.lancasterarcheryacademy.com/storage/academy-joad-1686861866rjnlx.png""]",USA Archery affiliated club. Programs: Junior Olympic Archery Development (JOAD),Lancaster,Pennsylvania
068efad9-9b97-4e2c-8dfd-12a98872014b,Land-O-Lakes Bowmen,land-o-lakes-bowmen-mi,club,active,False,10380 Hartland Rd,48430,,,,,http://www.landolakesbowmen.com/,,,,False,False,False,False,,,False,False,,,false,false,"[""https://www.landolakesbowmen.com/uploads/6/7/6/1/6761200/2842796_orig.jpg""]","Archery range located in Fenton, MI.",Fenton,Michigan
15f0a97f-4623-401d-9af1-38e437871055,Landahl Archery Range,landahl-archery-range-mo,public,active,False,E Argo Road,,,,,,https://www.makeyourdayhere.com/Facilities/Landahl-Park,,,,False,False,True,False,,,False,False,,,false,false,"[""https://images.unsplash.com/photo-1574607774561-e645c79a2478?w=800&h=400&fit=crop""]","Archery range located in Independence, MO.",Independence,Missouri
c5e6fb6f-6aa5-49f3-9e9f-913bc72b29e6,Langhorne Rod & Gun Club,langhorne-rod-gun-club-pa,club,active,False,"251 Stoneyford Road, Holland, PA 18966",,,,+12159684202,membership@langhornerodandgun.com,https://langhornerodandgun.com/,,,,False,False,True,False,,,False,False,,,false,false,"[""state-range-photos/pennsylvania/Langhorne Rod  Gun Club (Langhorne).jpg""]","Archery range located in Langhorne, PA.",Langhorne,Pennsylvania
4b0ef18b-e60e-4523-8dc0-3d1a6b47f391,Larry's Archery & Pawn,larry-s-archery-pawn-al,commercial,active,False,15060 State Hwy 20,35756,,,,,,,,,False,False,False,False,,,False,False,,,false,false,"[""state-range-photos/alabama/Larrys Archery  Pawn (Madison).jpg""]","Archery range located in Madison, AL.",Madison,Alabama
1273c6f9-ab07-4cf5-a31d-1cc89f058fca,Las Vegas Archers,las-vegas-archers-nv,volunteer_club,active,False,Forrest Road 989,89161,36.0117509,-115.500401,+17024838151,lasvegasarcher@gmail.com,http://www.lasvegasarchers.net/,,,,False,False,False,False,,,False,False,,,false,false,"[""state-range-photos/nevada/Las Vegas Archers (Las Vegas).jpg""]","Archery range located in Las Vegas, NV.",Las Vegas,Nevada
16d99547-8396-490f-b393-929cd409d220,LaSalle Sportsmen's Club,lasalle-sportsmen-s-club-ny,club,active,False,2445 Tuscarora Road,14304,,,716-297-0410,,http://www.lasallesportsmensclub.com/,Mon-Fri 4pm-10pm; Sat 1pm-10pm; Sun 1pm-7pm,,,False,False,False,False,$120/year (regular members),,False,False,,,false,false,"[""https://images.unsplash.com/photo-1574607774561-e645c79a2478?w=800&h=400&fit=crop""]","Archery range located in Niagara Falls, NY.",NIAGARA FALLS,New York
bf86ab68-d537-4762-9a04-b9466030d266,Laughery Valley Fish & Game,laughery-valley-fish-game-in,commercial,active,False,"4852 South Friendship Road, Versailles, IN 47042",47042,,,,,,,,,False,False,False,False,,,False,False,,,false,false,"[""state-range-photos/indiana/Laughery Valley Fish  Game (Versailles).jpg""]",IBO pro shop (IBO directory).,Versailles,Indiana
68abb4c4-dad3-470a-bd26-b73d38080776,Laurel Bowhunters,laurel-bowhunters-ms,volunteer_club,active,False,97 Major Ulmer Rd,39443,,,+16014338832,tommyulmer@dixieepa.com,,,,,False,False,False,False,,,False,False,,,false,false,"[""state-range-photos/mississippi/Laurel Bowhunters (Laurel).jpg""]",ASA-affiliated 3D archery club. Contact: Tommy Ulmer.,Laurel,Mississippi
2bd79510-9ba6-4f10-8191-c049476702f9,Lazy Day Archery Club,lazy-day-archery-club-tn,volunteer_club,active,False,6133 Hwy 79 North,38242,,,+17313368996,mcgeemd@eastwoodclinic.net,,,,,False,False,False,False,,,False,False,,,false,false,"[""state-range-photos/tennessee/Lazy Day Archery Club (Paris).jpg""]",ASA-affiliated 3D archery club. Contact: Wayne McGee.,Paris,Tennessee
f109a5f0-966a-4916-8041-730ca06422eb,Lea County Archery Association,lea-county-archery-association-nm,volunteer_club,active,False,1/2 mile south of Stanolind Road on Hwy 18,88240,,,+15754417331,leacountyarchers@gmail.com,,,,,False,False,False,False,,,False,False,,,false,false,"[""state-range-photos/new-mexico/Lea County Archery Association (Hobbs).jpg""]",ASA-affiliated 3D archery club. Contact: Roman Acosta.,Hobbs,New Mexico
4fdd84f1-c615-4caf-ac8b-8d64472d4175,Leading Edge Archery,leading-edge-archery-tx,hybrid,active,False,117 Industrial Dr,78238,29.7648479,-98.713148,(210) 740-8230,info@leadingedgearchery.pro,http://www.leadingedgearchery.com,Tue-Fri 10am-7pm; Sat 11am-3pm; Sun-Mon Closed,,,False,False,False,False,,,False,False,,,false,false,"[""https://leadingedgearchery.com/wp-content/uploads/2024/01/IMG_6748-2-3-scaled-1.jpg""]","USA Archery affiliated club. Programs: Junior Olympic Archery Development (JOAD), Adult Archery Program, 3D Archery, Field Archery",San Antonio,Texas
43c35cfc-9c49-4664-9847-fa8d741bd90f,Leave Your Mark Archery,leave-your-mark-archery-ut,hybrid,active,False,4245 S Vernal Ave,84078,,,,leaveyourmarkarchery@gmail.com,http://4245 S Vernal Ave,,,,False,False,False,False,,,False,False,,,false,false,"[""state-range-photos/utah/Leave Your Mark Archery (VERNAL).jpg""]",USA Archery affiliated club. Programs: Junior Olympic Archery Development (JOAD),VERNAL,Utah
b83b2af8-79f7-450d-b436-22037af05357,Lee County Archers,lee-county-archers-fl,volunteer_club,active,False,8350 Nalle Grade Rd,33917,26.751728,-81.819932,,leecountyarchers@outlook.com,https://www.leecountyarchers.com,,,,False,True,True,True,$120/year,,False,True,,,false,false,"[""https://leecountyarchers.com/wp-content/uploads/2023/08/home-image.jpg""]","Archery range located in North Fort Myers, FL.",North Fort Myers,Florida
8ab331be-f2c0-434c-b8e6-e704f2a606b8,Leedey Archery Association,leedey-archery-association-ok,volunteer_club,active,False,"From 34 & 47 Jct 1 mile South, 1/2 mile East into range",73654,,,+15805157154,mikesarchery@dobsonteleco.com,,,,,False,False,False,False,,,False,False,,,false,false,"[""state-range-photos/oklahoma/Leedey Archery Association (Leedey).jpg""]",ASA-affiliated 3D archery club. Contact: Mike Holcomb.,Leedey,Oklahoma
4a874095-ab6d-49c7-9630-ea21c09a2585,Legacy Archery,legacy-archery-tx,volunteer_club,active,False,"1209 N Saginaw blvd, G166",76179,32.880202,-97.383001,,customerservice@legacyarcherydfw.com,https://www.legacyarcherydfw.com/,,,,False,False,False,False,,,False,False,,,false,false,"[""state-range-photos/texas/Legacy Archery (FORT WORTH).jpg""]","Archery range located in Fort Worth, TX.",FORT WORTH,Texas
a0978c1d-f521-4805-af4f-061d1aac39f7,Legacy Archery JOAD,legacy-archery-joad-tx,hybrid,active,False,3733 N. Beach St.,76137,,,,dastephens48@gmail.com,https://www.legacyarcherydfw.com/,,,,False,False,False,False,,,False,False,,,false,false,"[""state-range-photos/texas/Legacy Archery JOAD (Ft. Worth).jpg""]",USA Archery affiliated club. Programs: Junior Olympic Archery Development (JOAD),Ft. Worth,Texas
391adf33-25e4-43f8-a661-b3643e77937a,Legacy Indoor Range and Armory,legacy-indoor-range-and-armory-nj,commercial,active,False,2864 NJ-73,,,,,,,,,,False,False,False,False,,,False,False,,,false,false,"[""state-range-photos/new-jersey/Legacy Indoor Range and Armory (Maple Shade).jpg""]","Archery range located in Maple Shade, NJ.",Maple Shade,New Jersey
3e679bac-96fa-4d38-a7a2-9b9405eefaa0,Legends Archery Range,legends-archery-range-ok,volunteer_club,active,False,2910 North Choctaw Rd,73020,,,+14058378510,lostboy7375@gmail.com,,,,,False,False,False,False,,,False,False,,,false,false,"[""state-range-photos/oklahoma/Legends Archery Range (Choctaw).jpg""]",ASA-affiliated 3D archery club. Contact: Haskell Smith.,Choctaw,Oklahoma
089b889f-f3b7-408e-b9c3-09b6b8f37e26,Leipsic Fishing and Hunting,leipsic-fishing-and-hunting-oh,volunteer_club,active,False,"10605 County Road H, Ottawa, OH 45875",45875,,,419-523-6383,tbockrath@bright.net,https://leipsicfishingandhunting.com/,,,,False,True,False,True,,"$10 adults, kids 17 and under FREE (archery shoots)",False,False,,,false,false,"[""state-range-photos/ohio/Leipsic Fishing and Hunting (Ottawa).jpg""]",ASA-affiliated 3D archery club. Contact: Rodney Diemer.,Ottawa,Ohio
9c8278ce-4c0f-4329-9a2a-1351c60b96a0,Lejeune Archery Club,lejeune-archery-club-nc,club,active,False,,,,,+19104513889,,,,,,False,False,False,False,,,False,False,,,false,false,"[""state-range-photos/north-carolina/Lejeune Archery Club (Jacksonville).jpg""]","Archery range located in Jacksonville, NC.",Jacksonville,North Carolina
4fa035f5-a24c-4d80-84ca-a8eebfda06fc,Lekatchka Archers,lekatchka-archers-fl,volunteer_club,active,False,7701 Target Trail,34275,,,,LekatchkaArchery@yahoo.com,https://www.lekatchkaarchers.com,,,,False,True,False,True,$125/year,,False,True,,,false,false,"[""https://www.lekatchkaarchers.com/s/cc_images/teaserbox_4112650982.jpg?t=1718832854""]",ASA-affiliated 3D archery club. Contact: Gene Tomashosky.,Nokomis,Florida
311beeed-ba89-446c-819c-10ade60233b4,Leo's Field Archers,leo-s-field-archers-ny,volunteer_club,active,False,"55 Bridge Street, West Falls, NY 14170",14052,42.8055779,-78.5812331,,LeosJOAD@aol.com,https://www.leosjoad.com/,,,,False,False,False,False,,,False,True,,,false,false,"[""https://images.squarespace-cdn.com/content/v1/65b5507925e9311db2a66f2c/8d75755d-af4c-4259-8cec-0302511c8ebd/IMG_4303.jpg""]","Archery range located in East Aurora, NY.",East Aurora,New York
0cb9ffff-9dc9-4d3b-9a5d-d8c8e0081ca3,Leominster Archers,leominster-archers-ma,hybrid,active,False,1455 Elm St,01453,,,,leominsterarchers@gmail.com,https://www.lsa-ma.org/committee.cfm?id=1,,,,False,False,False,False,,,False,False,,,false,false,"[""state-range-photos/massachusetts/Leominster Archers (Leominster).jpg""]","USA Archery affiliated club. Programs: Junior Olympic Archery Development (JOAD), Adult Archery Program, Field Archery",Leominster,Massachusetts
151a691c-1dc2-431e-963f-1a1209583809,Lewis & Clark Archers - MT,lewis-clark-archers-mt-mt,volunteer_club,active,False,3654 US-12,59601,46.5915924,-111.9544382,,,https://lewisandclarckarchers.org,,,,False,False,False,False,,,False,False,,,false,false,"[""state-range-photos/montana/Lewis  Clark Archers - MT (HELENA).jpg""]","Archery range located in HELENA, MT.",HELENA,Montana
dd2cd15f-856f-4b41-8fa6-c7228278a459,Lewis & Clark Bowmen - WA,lewis-clark-bowmen-wa-wa,volunteer_club,active,False,9345 Barnes Dr,98611,46.341969,-122.9286972,,lewisnclarkbowmen@yahoo.com,,,,,False,False,False,False,,,False,False,,,false,false,"[""state-range-photos/washington/Lewis  Clark Bowmen - WA (Castle Rock).jpg""]","Archery range located in Castle Rock, WA.",Castle Rock,Washington
4f77172b-a5ca-4b7b-aafa-645599a729b3,Lewistown Bowhunters Association,lewistown-bowhunters-association-mt,volunteer_club,active,False,PO BOX 189,59457-0189,47.0624732,-109.428238,,lewistownmtbowhunters@gmail.com,,,,,False,False,False,False,,,False,False,,,false,false,"[""state-range-photos/montana/Lewistown Bowhunters Association (LEWISTOWN).jpg""]","Archery range located in LEWISTOWN, MT.",LEWISTOWN,Montana
5dff6be8-1c3a-4849-a3f7-91059174b8a6,LHYA-Arch City Archers,lhya-arch-city-archers-mo,hybrid,active,False,301 Tecumseh,63301,,,,info@lhyarchery.com,http://www.lhyarchery.com,,,,False,False,False,False,,,True,True,,,false,false,"[""state-range-photos/missouri/LHYA-Arch City Archers (St Charles).jpg""]","USA Archery affiliated club. Programs: Junior Olympic Archery Development (JOAD), Adult Archery Program",St Charles,Missouri
562cc3ba-296c-4f3c-b063-6a5e89860794,Li'l Abner Foundation Archery,li-l-abner-foundation-archery-fl,hybrid,active,False,11387 West Flagler St,33174,,,305.227.7240,lilabnerfoundation@gmail.com,http://www.lilabnerfoundation.org,,,,False,False,False,False,,,False,True,,,false,false,"[""https://www.lilabnerfoundation.org/wp-content/uploads/2024/03/LAF1.jpg""]","USA Archery affiliated club. Programs: Junior Olympic Archery Development (JOAD), Adult Archery Program",Miami,Florida
157ff6d1-05d9-44fb-aff7-75accad2b4fc,Libby Archery Club,libby-archery-club-mt,club,active,False,P.O. Box 755,59923,,,,libbyarcheryclubmt@yahoo.com,,,,,False,False,False,False,,,False,False,,,false,false,"[""state-range-photos/montana/Libby Archery Club (Libby).jpg""]","Archery range located in Libby, MT.",Libby,Montana
717e82e0-afe8-4bd0-ba14-2ccc05f2d096,Lights Out Archery,lights-out-archery-mo,hybrid,active,False,90 Spring Creek Road,63379,,,,lightsoutarchery@gmail.com,http://www.lightsoutarchery.org,,,,False,False,False,False,,,False,False,,,false,false,"[""https://images.unsplash.com/photo-1574607774561-e645c79a2478?w=800&h=400&fit=crop""]","USA Archery affiliated club. Programs: Junior Olympic Archery Development (JOAD), 3D Archery, Field Archery",Troy,Missouri
3ccd8d7f-5fc3-457e-8d38-61b25ec16f78,Lincoln Bowmen Archery Club,lincoln-bowmen-archery-club-mi,volunteer_club,active,False,26245 King Rd,48174,42.148728,-83.291677,(734) 494-2500,jsaimar@gmail.com,https://www.lincolnbowmen.org/,,,,False,True,True,False,$110 working member renewal/yr,,False,False,,,false,false,"[""state-range-photos/michigan/Lincoln Bowmen Archery Club (Brownstown).jpg""]","Archery range located in Brownstown, MI.",Brownstown,Michigan
f39bef12-6265-4c8e-a00c-95cef995b594,Lincoln Park Archery Club,lincoln-park-archery-club-il,volunteer_club,active,False,2 W Belmont Harbor Dr,60657,41.9455577,-87.6369783,,lincolnparkarchery@gmail.com,http://lincolnparkarcheryclub.org/newsite/,,,,False,False,False,False,,,False,False,,,false,false,"[""https://archerylessons.info/ranges/wp-content/uploads/2024/09/Lincoln-Park-Archery-Range.jpg""]","Archery range located in Chicago, IL.",Chicago,Illinois
d938ef39-2d5c-4d68-8506-cf3c7019d208,Liner12 Archery,liner12-archery-az,commercial,active,False,34212 E Leota Pl,85658,,,,,,,,,False,False,False,False,,,False,False,,,false,false,"[""state-range-photos/arizona/Liner12 Archery (Marana).jpg""]","Archery range located in Marana, AZ.",Marana,Arizona
6731b0dc-b46a-4998-a279-77a2f7521643,Linwood Smith Archery,linwood-smith-archery-vt,commercial,active,False,281 Old Bradley Rd,05819,,,,,,,,,False,False,False,False,,,False,False,,,false,false,"[""state-range-photos/vermont/Linwood Smith Archery (St. Johnsbury).jpg""]","Archery range located in St. Johnsbury, VT.",St. Johnsbury,Vermont
e1438821-f426-4500-a3eb-e776bcef9e1d,Little Bear Archery,little-bear-archery-nm,club,active,False,117 Starry Lane,88316,,,+15759374998,jake8822jones@gmail.com,,,,,False,False,False,False,,,False,False,,,false,false,"[""state-range-photos/new-mexico/Little Bear Archery (Capitan).jpg""]",ASA-affiliated archery club. Status: Expired 2025,Capitan,New Mexico
fb1219d6-d566-4aad-8c3c-6af47b853626,Little Creek Archery Club,little-creek-archery-club-la,club,active,False,1425 Fords Dairy Rd,,,,,,,,,,False,False,False,False,,,False,False,,,false,false,"[""state-range-photos/louisiana/Little Creek Archery Club (New Llano).jpg""]","Archery range located in New Llano, LA.",New Llano,Louisiana
fadcefdc-5bd8-4fe4-afb2-290c1c24a88d,Little Mountain Archery Club,little-mountain-archery-club-va,volunteer_club,active,False,539 Germantown Rd,24352,,,+12767337125,anester@ahc.cc,,,,,False,False,False,False,,,False,False,,,false,false,"[""state-range-photos/virginia/Little Mountain Archery Club (Laurel Fork).jpg""]",ASA-affiliated 3D archery club. Contact: Angela Nester.,Laurel Fork,Virginia
406b9a34-b93f-47f9-8e63-4004a3ef63ba,Little River Bow Hunters,little-river-bow-hunters-ar,volunteer_club,active,False,1398 Hwy 32 East,71822,,,+15012628575,mahardage21@gmail.com,,,,,False,False,False,False,,,False,False,,,false,false,"[""state-range-photos/arkansas/Little River Bow Hunters (Ashdown).jpg""]",ASA-affiliated 3D archery club. Contact: Michael Hardage.,Ashdown,Arkansas
9d5410a0-f931-497b-9218-7c43e5db167f,Little River Bowmen,little-river-bowmen-ms,volunteer_club,active,False,910 Games Reserve Rd,39429,,,+16016066159,ssncd@comcast.net,,,,,False,False,False,False,,,False,False,,,false,false,"[""state-range-photos/mississippi/Little River Bowmen (Columbia).jpg""]",ASA-affiliated 3D archery club. Contact: Stephen Hudson.,Columbia,Mississippi
b5bfab3e-bf77-4304-8bb0-03da85982d1f,Little Wind Archers,little-wind-archers-wy,club,active,False,,,,,,,,,,,False,False,False,False,,,False,False,,,false,false,"[""state-range-photos/wyoming/Little Wind Archers (Riverton).jpg""]","Archery range located in Riverton, WY.",Riverton,Wyoming
ced189c3-5565-4db4-8b4d-39732b4fe4f7,Live Oak Archery Bryan,live-oak-archery-bryan-tx,commercial,active,False,1600 S College Ave,77801,,,(979) 260-9831,support@liveoakarchery.com,https://liveoakarchery.com,Mon Closed; Tue-Thu 10am-6pm; Fri 6pm-7pm JOAD then closed; Sat 10am-5pm; Sun Closed,,,False,False,False,False,,,True,False,,,false,false,"[""https://archerydirectory.com/wp-content/uploads/2025/07/Live-Oak-Archery-Bryan-TX-1.png""]","Archery range located in Bryan, TX.",Bryan,Texas
01bd5c58-99b1-403f-875f-7d2b6cac4d94,Livingston Conservation & Sports Association,livingston-conservation-sports-association-mi,hybrid,active,False,8532 McClements Road,48114,,,+18102272917,archery.lcsa@gmail.com,http://lcsa.clubexpress.com,,,,False,True,False,False,,,False,False,,,false,false,"[""state-range-photos/michigan/Livingston Conservation  Sports Association (Brighton).jpg""]","USA Archery affiliated club. Programs: Junior Olympic Archery Development (JOAD), Adult Archery Program, 3D Archery, Field Archery",Brighton,Michigan
a2ab8052-a531-4429-af8b-80ec0914396e,Livingston Wildlife Conservation Club,livingston-wildlife-conservation-club-mi,volunteer_club,active,False,6060 East M-36,48189,,,(810) 231-1811,secretary@lcwcc.org,https://www.lcwcc.org,"Mon-Thu 2pm-9pm, Fri 2pm-11pm, Sat 12pm-11pm, Sun 12pm-8pm (winter)",,,False,True,False,False,,$15 non-member,False,True,,,false,false,"[""state-range-photos/michigan/Livingston Wildlife Conservation Club (Whitmore Lake).jpg""]",ASA-affiliated 3D archery club. Contact: Dan Gorman.,Whitmore Lake,Michigan
15efa3bc-1e9e-47f8-99be-87028def7766,Livonia Archery Range,livonia-archery-range-mi,public,active,False,32710 Glendale,48150,,,(734) 466-2900,akirvan@livonia.gov,https://livonia.gov/1406/Archery-Programs,,,,False,False,False,False,,$6 adult resident / $9 non-resident,True,True,,,false,false,"[""https://images.unsplash.com/photo-1574607774561-e645c79a2478?w=800&h=400&fit=crop""]","Archery range located in Livonia, MI.",Livonia,Michigan
0be6e732-b95d-44c5-baba-9cc2387781da,Locust Lake Archery,locust-lake-archery-pa,volunteer_club,active,False,1778 Lake Lane,18347,41.1228986,-75.5382693,(570) 646-3616,administration@locustlakevillage.org,https://locustlakevillage.org/archery-club/,,,10,False,True,False,False,$25/year family,,False,False,,,false,false,"[""https://locustlakevillage.org/wp-content/uploads/2025/04/archery.jpg""]","Archery range located in POCONO LAKE, PA.",POCONO LAKE,Pennsylvania
4a28a6fa-2e3e-4237-a0fc-85075a2fc013,Lodi Archery,lodi-archery-ca,commercial,active,False,12811 Brandt Road,95237,38.1475773,-121.1590424,(209) 727-7116,proshop@lodiarchery.com,https://lodiarchery.com,,,,True,False,False,False,,,False,True,,,false,false,"[""https://s3-media0.fl.yelpcdn.com/bphoto/Ny1RkA3CmGCfpUeK6iUsOw/348s.jpg""]","Archery range located in Lockeford, CA.",Lockeford,California
ad3ec102-9c88-4903-a996-49a83c6cd317,Lodi Bowmen,lodi-bowmen-ca,volunteer_club,active,False,226 Madera Dr,95240,,,,sydwolt@yahoo.com,https://lodibowmen.com,,,,False,False,False,False,,,False,False,,,false,false,"[""state-range-photos/california/Lodi Bowmen (Lodi).jpg""]","Archery range located in Lodi, CA.",Lodi,California
036760a1-4cf2-439f-9103-9faf421664e1,Londonderry Fish and Game Club,londonderry-fish-and-game-club-nh,club,active,False,,,,,603-262-6163,admin@londonderryfishandgameclub.com,https://www.londonderryfishandgameclub.com/,,,,False,False,False,False,,,False,False,,,false,false,"[""https://images.unsplash.com/photo-1574607774561-e645c79a2478?w=800&h=400&fit=crop""]","Archery range located in Londonderry, NH.",Londonderry,New Hampshire
db0d9b44-876e-49a2-89d6-cf5425ad4359,Lone Eagle Archers,lone-eagle-archers-oh,volunteer_club,active,False,"2623 S. R. 335, 2 mi south of Beaver on S.R. 335",,,,+17408202901,johnchummly8@gmail.com,,,,,False,False,False,False,,,False,False,,,false,false,"[""state-range-photos/ohio/Lone Eagle Archers (Beaver).jpg""]",ASA-affiliated 3D archery club. Contact: John Dunn.,Beaver,Ohio
e25e93e6-b7a4-4837-8035-d502c0d0ed54,Lone Eagle Bowmen,lone-eagle-bowmen-oh,volunteer_club,active,False,2276 Seeman St SW,44626,,,330-575-0744,gbmaw54@yahoo.com,https://loneeaglebowmen.com/,,,,False,False,False,False,,,False,False,,,false,false,"[""https://images.unsplash.com/photo-1574607774561-e645c79a2478?w=800&h=400&fit=crop""]",ASA-affiliated 3D archery club. Contact: Gary Williams.,East Sparta,Ohio
d00f4744-18e1-472b-ba6a-e1fea4afc268,Lone Star Ranch Austin,lone-star-ranch-austin-tx,commercial,active,False,8601 Bluff Springs Rd,78744,,,(512) 697 - 9769,Booking@LoneStarRanchTexas.com,https://lonestarranchtexas.com,,,,False,False,False,False,,,False,False,,,false,false,"[""state-range-photos/texas/Lone Star Ranch Austin (Austin).jpg""]","Archery range located in Austin, TX.",Austin,Texas
1dac8366-d732-4f0a-93ed-0b60c5f41ed5,Lone Tree Archers,lone-tree-archers-mt,club,active,False,P.O. Box 1385,59270,,,,,,,,,False,False,False,False,,,False,False,,,false,false,"[""https://www.roundupweb.com/home/cms_data/dfault/photos/stories/id/0/1/20801/s_top""]","Archery range located in Sidney, MT.",Sidney,Montana
ac8f5a15-138e-44cd-8d56-b8d05399f7cf,Lonesome Road Archery,lonesome-road-archery-pa,volunteer_club,active,False,401 S. MAIN ST,18517,41.3813217,-75.7132523,+15705620301,lonesomeroadarchery@gmail.com,,,,,False,False,False,False,,,False,False,,,false,false,"[""state-range-photos/pennsylvania/Lonesome Road Archery (Taylor).jpg""]","Archery range located in TAYLOR, PA.",Taylor,Pennsylvania
3f068f81-e3b4-499b-81c1-bfbbf03adc1c,Long Beach Bowhunters,long-beach-bowhunters-ca,volunteer_club,active,False,7550 EAST SPRING STREET,90815,33.8095992,-118.086983,+16262428870,michelle@idgroup-inc.com,,,,,False,False,False,False,,,False,False,,,false,false,"[""https://images.unsplash.com/photo-1574607774561-e645c79a2478?w=800&h=400&fit=crop""]","Archery range located in LONG BEACH, CA.",Long Beach,California
ec15e5e5-32e1-4b40-b6bf-c62878955a91,Long Beach State Archery Club,long-beach-state-archery-club-ca,volunteer_club,active,False,1250 Bellflower Blvd.,90840,,,,lbsac.info@gmail.com,http://lbsac.weebly.com/,,,,False,False,False,False,,,False,False,,,false,false,"[""https://lbsac.weebly.com/uploads/1/1/7/6/11765974/17_orig.jpg""]","Archery range located in Long Beach, CA.",Long Beach,California
b934b2b1-45c9-423f-b986-b353cea3f288,Long Hunter State Park Archery Range,long-hunter-state-park-archery-range-tn,public,active,False,,,,,1-615-885-2422,,https://tnstateparks.com/parks/long-hunter,,,,False,False,False,False,,,False,False,,,false,false,"[""state-range-photos/tennessee/Long Hunter State Park Archery Range (Hermitage).jpg""]","Archery range located in Hermitage, TN.",Hermitage,Tennessee
b2f9e9b8-e3eb-45be-8f69-e8556106a4dd,Lord of the Harvest Archery Club,lord-of-the-harvest-archery-club-oh,club,active,False,4435 S. Diamond Mill Rd,45426,,,,feathers3@peoplepc.com,http://www.lothac.com,,,,False,False,False,False,,,False,False,,,false,false,"[""https://harvestarchery.com/images/services/indoor-range-960.jpg""]",ASA-affiliated archery club. Status: Expired 2025,Dayton,Ohio
5dd391fd-4ed4-4a5a-9a48-d52d24a6e2ad,Los Altos Hills Archery,los-altos-hills-archery-ca,hybrid,active,False,12345 El Monte Rd,94022,,,,losaltoshillsarchery@gmail.com,https://www.losaltoshillsarchery.com/,Saturday 2:00-5:00PM,,,False,False,False,False,,Private lesson $50 per archer per hour (based on instructor availability),False,True,,Recurve and Barebow,false,false,"[""https://s3-media0.fl.yelpcdn.com/bphoto/9VgzSWp9IQC25pcZHdZRJg/348s.jpg""]","USA Archery affiliated club. Programs: Junior Olympic Archery Development (JOAD), Adult Archery Program",Los Altos Hills,California
2bcc8853-3765-43ce-a9bb-9926c88762f5,Los Cazadores,los-cazadores-tx,commercial,active,False,14887 US-290,78671,,,(830) 334-5959,support@loscazadores.com,https://loscazadores.com,Mon-Fri 9am-6pm; Sat 9am-5pm; Sun 10am-3pm,,,False,True,False,False,,,False,False,,,false,false,"[""https://cdn11.bigcommerce.com/s-0tbysdwt0g/images/stencil/original/image-manager/james.png?t=1772653498""]","Archery range located in Stonewall, TX.",Stonewall,Texas
e3404ac6-9bea-4e1d-ba69-430267d43fa4,Lost Arrow Archers,lost-arrow-archers-wy,volunteer_club,active,False,PO BOX 696,82636-0696,42.8619159,-106.2707678,,lostarrowarchers@yahoo.com,https://lostarrowarchers.com/,,,,False,False,False,False,,,False,False,,,false,false,"[""state-range-photos/wyoming/Lost Arrow Archers (EVANSVILLE).jpg""]","Archery range located in EVANSVILLE, WY.",EVANSVILLE,Wyoming
7dc5bd0c-6d7f-4067-8215-d154568969ac,Lost Arrow Archery LLC,lost-arrow-archery-llc-al,volunteer_club,active,False,2847 Atkins Rd,35576,,,+12057121497,crimmflooring@gmail.com,,,,,False,False,False,False,,,False,False,,,false,false,"[""state-range-photos/alabama/Lost Arrow Archery LLC (Millport).jpg""]",ASA-affiliated 3D archery club. Contact: Hunter Crimm.,Millport,Alabama
dd7a330e-2a37-4c23-9590-857e1d41098d,Lovettsville Game Protective Association,lovettsville-game-protective-association-va,hybrid,active,False,P.O. Box 101,20180,,,540-822-5997,info@lovettsvillegpa.org,https://www.lovettsvillegpa.org,,,,False,False,False,False,,,False,True,,,false,false,"[""state-range-photos/virginia/Lovettsville Game Protective Association (Lovettsville).png""]",USA Archery affiliated club. Programs: Junior Olympic Archery Development (JOAD),Lovettsville,Virginia
9cde02b4-415e-425f-b2f4-0da3cffbb965,Lowcountry Archery,lowcountry-archery-sc,hybrid,active,False,8163 Greenridge Road,29406,,,,nttsai@hotmail.com,http://lowcountryadaptiveshooting.com,,,,False,False,False,False,,,False,False,,,false,false,"[""state-range-photos/south-carolina/Lowcountry Archery (North Charleston).jpg""]","USA Archery affiliated club. Programs: Junior Olympic Archery Development (JOAD), Adult Archery Program, Field Archery",North Charleston,South Carolina
5a762745-8f17-43ed-9bc5-1ed767d2256f,Lower Delaware Archers,lower-delaware-archers-de,hybrid,active,False,24257 Springfield Rd.,19947,,,,lowerdelawarearchers@gmail.com,,,,,False,False,False,False,,,False,False,,,false,false,"[""state-range-photos/delaware/Lower Delaware Archers (Georgetown).jpg""]","USA Archery affiliated club. Programs: Junior Olympic Archery Development (JOAD), Adult Archery Program",Georgetown,Delaware
e417148f-67b1-4a13-a2b0-4e914c1af016,Lower Providence Rod and Gun Club,lower-providence-rod-and-gun-club-pa,hybrid,active,False,"2857 Egypt Road, PO Box 7070",19407,,,,lprgcarchery@gmail.com,https://lprgc.org/,,,,False,True,False,False,,,False,True,,,false,false,"[""state-range-photos/pennsylvania/Lower Providence Rod and Gun Club (Audubon).jpg""]","USA Archery affiliated club. Programs: Junior Olympic Archery Development (JOAD), Adult Archery Program, 3D Archery",Audubon,Pennsylvania
d63c9134-60c1-49aa-a0ce-75bfd42a3899,Lumberport Archery Club,lumberport-archery-club-wv,club,active,False,,,,,,,,,,,False,False,False,False,,,False,False,,,false,false,"[""state-range-photos/west-virginia/Lumberport Archery Club (Lumberport).jpg""]","Archery range located in Lumberport, WV.",Lumberport,West Virginia
0902f1b9-e80d-4f4a-9ed1-10f091b121f3,Lunenburg Sportsmens Club,lunenburg-sportsmens-club-ma,hybrid,active,False,250 Reservoir Road Lunenburg MA 01462,01462,,,,dcjs@comcast.net,http://www.lunenburgsportsmensclub.org,,,,False,False,False,False,$65/year individual,,False,True,$15/lesson,,false,false,"[""https://images.unsplash.com/photo-1574607774561-e645c79a2478?w=800&h=400&fit=crop""]","USA Archery affiliated club. Programs: Junior Olympic Archery Development (JOAD), Adult Archery Program",Lunenburg,Massachusetts
8e1e17b2-951c-450f-abc7-0dd555f49d8f,M.R. Archery,m-r-archery-mn,commercial,active,False,1743 Meadow Ln,55038,,,,,,,,,False,False,False,False,,,False,False,,,false,false,"[""state-range-photos/minnesota/MR Archery (Centerville).jpg""]","Archery range located in Centerville, MN.",Centerville,Minnesota
d22245af-f424-48d4-91f4-410c8c1c3e0c,M&J Archery Academy,m-j-archery-academy-nj,hybrid,active,False,191W Englewood Ave,07631,,,201-294-3133,mnjarchery@gmail.com,http://www.mjarcheryacademy.com,"Mon-Fri 10AM-9PM, Sat 10AM-7PM, Sun Closed",,,False,False,False,False,,,True,True,,,false,false,"[""https://s3-media0.fl.yelpcdn.com/bphoto/oPDWpTT34XhE_gaCaXq1dQ/l.jpg""]","USA Archery affiliated club. Programs: Junior Olympic Archery Development (JOAD), Adult Archery Program",Englewood,New Jersey
84fda70d-5f4f-4ceb-b727-d5c327ed22a1,Madera Field Archers,madera-field-archers-ca,volunteer_club,active,False,6091 North Iola Ave.,93722,,,,mfarchers@gmail.com,http://sites.google.com/site/maderafieldarchers,,,,False,True,True,False,,,False,False,,,false,false,"[""state-range-photos/california/Madera Field Archers (Fresno).jpg""]","Archery range located in Fresno, CA.",Fresno,California
57b6497a-b3d3-4b83-9790-6fe431c1fb36,Madera Field Archers and Bowhunters,madera-field-archers-and-bowhunters-ca,volunteer_club,active,False,Rd 207,93614,37.1270116,-119.7634151,+15594342787,mfarchers@gmail.com,https://sites.google.com/site/maderafieldarchers,,,,False,False,False,False,,,False,False,,,false,false,"[""state-range-photos/california/Madera Field Archers and Bowhunters (Coarsegold).jpg""]","Archery range located in Coarsegold, CA.",Coarsegold,California
6331ee90-8108-4128-9747-94db1f89c01b,Magic Valley Bowhunters,magic-valley-bowhunters-id,volunteer_club,active,False,691 Hwy 30,83328,42.5631272,-114.6133025,,magicvalleybowhunters@gmail.com,,,,,False,False,False,False,,,False,False,,,false,false,"[""https://gray-kmvt-prod.gtv-cdn.com/resizer/v2/GS23Y7PNIJCSFC6NJ5ECPMD5NY.jpg?auth=ccecfb086621b2b8b8987ec7e044ef7cffa25dd6bee8388ed1b2555ea2f9d961&width=1200&height=600&smart=true""]","Archery range located in Filer, ID.",Filer,Idaho
5cfb06d6-5476-4291-99f0-260db45429ee,Magic Valley Bowhunters,magic-valley-bowhunters-nv,volunteer_club,active,False,1002 US Highway 93,89825,41.9877169,-114.6722676,,,,,,,False,False,False,False,,,False,False,,,false,false,"[""state-range-photos/nevada/Magic Valley Bowhunters (Jackpot).jpg""]","Archery range located in Jackpot, NV.",Jackpot,Nevada
38cd0f5c-84dc-47f4-b786-853a45e76959,Magnolia Ridge,magnolia-ridge-ok,volunteer_club,active,False,570 Wendall Wade Rd,74740,,,+12543960849,apollobowstrings@gmail.com,,,,,False,False,False,False,,,False,False,,,false,false,"[""state-range-photos/oklahoma/Magnolia Ridge (Haworth).jpg""]",ASA-affiliated 3D archery club. Contact: Randy Duren.,Haworth,Oklahoma
e1932f84-2cba-434e-8ef4-d318924e9d9d,Mahaska County Izaak Walton League,mahaska-county-izaak-walton-league-ia,volunteer_club,active,False,2357 Pilgrim Path,52577,,,+16416608867,jakeindianhills@gmail.com,,,,,False,False,False,False,,,False,False,,,false,false,"[""state-range-photos/iowa/Mahaska County Izaak Walton League (Oskaloosa).jpg""]",ASA-affiliated 3D archery club. Contact: Jake Van Polen.,Oskaloosa,Iowa
1ea33692-2b2c-48c7-8db6-845377b27632,Maine School of Archery,maine-school-of-archery-me,hybrid,active,False,166 Brackett St,04102,,,,winnbrown33@gmail.com,http://maineschoolofarchery.com,,,,False,False,False,False,,,False,False,,,false,false,"[""state-range-photos/maine/Maine School of Archery (Portland).png""]","USA Archery affiliated club. Programs: Junior Olympic Archery Development (JOAD), Adult Archery Program",Portland,Maine
3174da79-f039-4aad-9fa1-80f28483f55c,Makoshika Bowmen,makoshika-bowmen-mt,club,active,False,P.O. Box 781,59330,,,,,,,,,False,False,False,False,,,False,False,,,false,false,"[""state-range-photos/montana/Makoshika Bowmen (Glendive).jpg""]","Archery range located in Glendive, MT.",Glendive,Montana
69cbbc2b-ba40-4efa-9a95-b093b1c28aa3,Manahoac Bowmen,manahoac-bowmen-va,volunteer_club,active,False,12400 Herndon Rd,22553,,,,edward.curley@verizon.net,https://manahoacarchery.com,,,,False,True,True,False,,,False,False,,,false,false,"[""state-range-photos/virginia/Manahoac Bowmen (Spotsylvania).jpg""]",ASA-affiliated 3D archery club. Contact: Edward  Curley.,Spotsylvania,Virginia
28981ac0-d82e-4da9-98e6-f896602b2c12,Manistique Rifle & Pistol Club,manistique-rifle-pistol-club-mi,volunteer_club,active,False,11921W Firetower Rd,49817,45.9693007,-86.479657,+19064502621,manistiquerifleandpistolclub@gmail.com,https://manistiquerifleandpistolclub.com/,,,,False,False,False,False,,,False,False,,,false,false,"[""https://images.squarespace-cdn.com/content/v1/54cd57ffe4b0c656a63a1507/1425672983278-LZC5079G2YYPWKR255E3/P1310084.jpg""]","Archery range located in Cooks, MI.",Cooks,Michigan
d6e3d1d7-adca-4f9a-b579-dee3fd60f6be,Marias Valley Archers,marias-valley-archers-mt,volunteer_club,active,False,800 4th Street South,59474,48.50291,-111.865952,,,,,,,False,False,False,False,,,False,False,,,false,false,"[""state-range-photos/montana/Marias Valley Archers (Shelby).jpg""]","Archery range located in Shelby, MT.",Shelby,Montana
99e88232-2bcf-424e-8a37-d86aef6fbffc,Marion County Fish and Game,marion-county-fish-and-game-in,club,active,False,,,,,,,https://indyrange.net/,,,,False,False,False,False,,,False,False,,,false,false,"[""state-range-photos/indiana/Marion County Fish and Game (Indianapolis).jpg""]","Archery range located in Indianapolis, IN.",Indianapolis,Indiana
eb4dbdda-40b1-4cf9-85e1-18717539d671,Markham Park Archery Range,markham-park-archery-range-fl,public,active,False,Markham Park Road,33321,,,954-357-8868,support@markhampark.com,https://markhampark.com,"Wed 1-5pm, Sat-Sun 8am-5pm; closed Mon-Tue-Thu-Fri",,,False,False,False,False,,$7 adults/$5 juniors per hour,False,False,,,false,false,"[""state-range-photos/florida/Markham Park Archery Range (Tamarac).jpg""]","Archery range located in Tamarac, FL.",Tamarac,Florida
860a71ee-da79-4dd5-8891-9c0c530bf67e,Marshall Bowhunters,marshall-bowhunters-mo,volunteer_club,active,False,"Indian Foothills Park, East Vest Street",65340,,,+16608150504,robinbaker90@gmail.com,,,,,False,False,False,False,,,False,False,,,false,false,"[""state-range-photos/missouri/Marshall Bowhunters (Marshall).jpg""]",ASA-affiliated 3D archery club. Contact: Robin Baker.,Marshall,Missouri
1fd5a097-b288-4483-8f1a-915e0a1147b8,Massachusetts Institute of Technology- Archery,massachusetts-institute-of-technology-archery-ma,volunteer_club,active,False,"77 Massachusetts avenue, W20-549",02139,,,,archery@mit.edu,http://archery.mit.edu,"Mon & Thu evenings, usually 7:30-9:30pm",,,False,False,False,True,,,False,False,,"compound, olympic recurve, barebow, traditional",false,false,"[""state-range-photos/massachusetts/Massachusetts Institute of Technology- Archery (Cambridge).jpg""]","Archery range located in Cambridge, MA.",Cambridge,Massachusetts
f30b2bc0-8e39-4b89-a9b9-c0d9e66bb095,Massanutten Archery Club,massanutten-archery-club-va,commercial,active,False,,22630,,,,,,,,,False,False,False,False,,,False,False,,,false,false,"[""state-range-photos/virginia/Massanutten Archery Club (Front Royal).jpg""]",IBO pro shop (IBO directory).,Front Royal,Virginia
d1323897-b0b3-4a69-b966-353e751ae17f,Maui Hunters And Sportsmens,maui-hunters-and-sportsmens-hi,volunteer_club,active,False,251 Olinda Road,96768,20.8489275,-156.3083463,,troyhelmer@icloud.com,,,,,False,False,False,False,,,False,False,,,false,false,"[""state-range-photos/hawaii/Maui Hunters And Sportsmens (Makawao).jpg""]","Archery range located in Makawao, HI.",Makawao,Hawaii
3bbb0978-bec4-4aed-8340-947e14185cc3,May's Custom Archery,may-s-custom-archery-wa,commercial,active,False,14701 104th Ave E,98374,,,,,,,,,False,False,False,False,,,False,False,,,false,false,"[""state-range-photos/washington/Mays Custom Archery (PUYALLUP).jpg""]","Archery range located in Puyallup, WA.",PUYALLUP,Washington
11a0f594-8062-4f01-846a-ab9a4c861222,Maya Bowhunters of Roseville,maya-bowhunters-of-roseville-ca,volunteer_club,active,False,750 Galleria Blvd,95678,38.7600059,-121.2651179,,mayaarchers@yahoo.com,https://mayaarchers.com,,,,False,True,False,False,,,True,True,,,false,false,"[""https://images.unsplash.com/photo-1574607774561-e645c79a2478?w=800&h=400&fit=crop""]","Archery range located in ROSEVILLE, CA.",ROSEVILLE,California
719f81df-dee7-455c-9569-dd6ffedd082e,Mayberry Archers,mayberry-archers-md,club,active,False,2555 Mayberry Rd,21158,,,,,,,,,False,False,False,False,,,False,False,,,false,false,"[""https://cdn-az.allevents.in/events4/banners/3eb1de7dc421d71b1efe7de49cf3dbcf009eb25c2b0c949469b034268e0b93e3-rimg-w613-h693-dcddd6d5-gmir?v=1767639509""]","Archery range located in Westminster, MD.",WESTMINSTER,Maryland
b8bfd60a-c9f7-413b-8da1-c9795c1e7b23,McCormic Archery,mccormic-archery-oh,commercial,active,False,"1227 TWP Rd 593, Ashland, OH 44805",,,,419-685-4835,bowtechtoad@live.com,,,,,True,False,False,False,,,False,False,,,false,false,"[""state-range-photos/ohio/McCormic Archery (Ashland).jpg""]","Archery range located in Ashland, OH.",Ashland,Ohio
b7949529-7d55-46f6-92f9-e799e1b5c8f2,McDonald Youth Archery,mcdonald-youth-archery-pa,hybrid,active,False,"One Sportsman Club Way, Midway, PA 15060",15057,,,(724) 796-2271,mcdonaldyoutharchery@gmail.com,https://www.mcdonaldsportsmen.com/youth-archery,,,,False,True,False,False,,,False,False,,,false,false,"[""https://images.squarespace-cdn.com/content/v1/5fad7953a37a092c9002a0ab/bcc67f2d-fbb2-433d-9409-e4572deb37e8/joad+team+2024.jpg""]","USA Archery affiliated club. Programs: Junior Olympic Archery Development (JOAD), 3D Archery",McDonald,Pennsylvania
5db68b1f-2196-43be-ac21-97d80adcc788,McHenry Parks & Recreation,mchenry-parks-recreation-il,hybrid,active,False,333 S Green St,60050,,,,nthompson@cityofmchenry.org,http://www.cityofmchenry.org,,,,False,False,False,False,,,False,False,,,false,false,"[""https://images.unsplash.com/photo-1574607774561-e645c79a2478?w=800&h=400&fit=crop""]",USA Archery affiliated club. Programs: Junior Olympic Archery Development (JOAD),Mchenry,Illinois
9fbbca8c-b890-465b-a44c-ac7a0ba3abbc,McIntosh Reserve Park Archery Range,mcintosh-reserve-park-archery-range-ga,public,active,False,4695 Flat Bridge Road SW,,,,770-830-5879,,,,,,False,False,False,False,,,False,False,,,false,false,"[""state-range-photos/georgia/McIntosh Reserve Park Archery Range (Whitesburg).jpg""]","Archery range located in Whitesburg, GA.",Whitesburg,Georgia
70f38037-1060-4fda-869e-b18aa06f67d6,McKenzie County Sportsmans Club,mckenzie-county-sportsmans-club-nd,club,active,False,2306 121X Ave NW,58854,,,,,,,,,False,False,False,False,,,False,False,,,false,false,"[""state-range-photos/north-dakota/McKenzie County Sportsmans Club (Watford City).jpg""]","Archery range located in Watford City, ND.",Watford City,North Dakota
490d25f4-d1ae-488b-a9df-a1f8a44d1118,Meade County Archery,meade-county-archery-ky,commercial,active,False,,40108,,,,,,,,,False,False,False,False,,,False,False,,,false,false,"[""state-range-photos/kentucky/Meade County Archery (Bradenburg).jpg""]",IBO pro shop (IBO directory).,Bradenburg,Kentucky
8bf8eb4c-bbb1-4707-9852-1adf2634e8a4,Meadow Ridge MetroPark archery range,meadow-ridge-metropark-archery-range-oh,public,active,False,"2051 Timberman Road, Hamilton, OH 45013",,,,513-867-5835,,https://www.yourmetroparks.net/archery,Open daily 8am to dusk,,,False,False,False,False,,Free,False,False,,,false,false,"[""https://images.unsplash.com/photo-1574607774561-e645c79a2478?w=800&h=400&fit=crop""]","Archery range located in Hamilton, OH.",Hamilton,Ohio
6f763e33-8048-4172-9ffd-206872a9abbf,Mechanicsburg Sportsmen's Association,mechanicsburg-sportsmen-s-association-pa,volunteer_club,active,False,"493 Sample Bridge Road, Enola, PA 17025",17050,40.2108638,-77.0370547,717-706-1109,mechanicsburgsportsmens@gmail.com,https://www.msa-pa.org/,,,,False,False,True,True,,,False,False,,,false,false,"[""https://static.wixstatic.com/media/a2c00d_244926a573616643fba7baf5cb4fd963.jpg/v1/fill/w_381,h_221,al_c,q_80,usm_0.66_1.00_0.01,enc_auto/a2c00d_244926a573616643fba7baf5cb4fd963.jpg""]","Archery range located in Mechanicsburg, PA.",Mechanicsburg,Pennsylvania
d63f92e8-91ed-475b-97bb-73d965879683,Mecklenburg Wildlife Club,mecklenburg-wildlife-club-nc,club,active,False,,,,,+17043993733,,,,,,False,False,False,False,,,False,False,,,false,false,"[""state-range-photos/north-carolina/Mecklenburg Wildlife Club (Charlotte).jpg""]","Archery range located in Charlotte, NC.",Charlotte,North Carolina
ec2f085b-e8d6-4810-b975-e3bf9c4ecc72,MelinHead Customs,melinhead-customs-az,commercial,active,False,39506 N Daisy Mountain Dr,85086,,,+16029200029,darin@melinheadcustoms.com,,,,,False,False,False,False,,,False,False,,,false,false,"[""state-range-photos/arizona/MelinHead Customs (Anthem).jpg""]","Archery range located in Anthem, AZ.",Anthem,Arizona
da159aa1-fc16-4819-a471-41e59c987df1,Menard Archers,menard-archers-il,volunteer_club,active,False,State Park Road & Deerfield Road,62675,,,+12174157911,gscmsgt@aol.com,,,,,False,False,False,False,,,False,False,,,false,false,"[""state-range-photos/illinois/Menard Archers (Petersburg).jpg""]",ASA-affiliated 3D archery club. Contact: Gary Sumpter.,Petersburg,Illinois
12e434ef-151a-4654-ab09-129cdd6d6915,Mesquite Archery Club,mesquite-archery-club-tx,club,active,False,415 SH 205,75160,,,+19722044970,craig@archerdental.com,,,,,False,False,False,False,,,False,False,,,false,false,"[""state-range-photos/texas/Mesquite Archery Club (Terrell).jpg""]",ASA-affiliated archery club. Status: Expired 2025,Terrell,Texas
1e16afd9-bf9f-4399-955f-2cadf48b8516,Mesquite Archery San Antonio,mesquite-archery-san-antonio-tx,commercial,active,False,5711 Kenwick St,78238,,,(210)256-8004,mesquitearchery@sbcglobal.net,https://mesquite-archery.com,Tue-Thu 10am-7pm; Fri-Sat 10am-5pm; Sun-Mon Closed,,,False,False,False,False,,,False,False,,,false,false,"[""https://archerylessons.info/ranges/wp-content/uploads/2024/09/Mesquite-Archery.jpg""]","Archery range located in San Antonio, TX.",San Antonio,Texas
e0ae415a-c5b6-435c-a55c-c1305e2b7c70,metropolitan rod & gun club,metropolitan-rod-gun-club-ny,hybrid,active,False,162 Pacific St.,11201,,,(718) 625-8019,info@metrorgc.org,https://metrorgc.org,,,,False,False,False,False,,,False,False,,,false,false,"[""https://farm6.staticflickr.com/5592/30134572280_4cd539c1af_b.jpg""]","USA Archery affiliated club. Programs: Junior Olympic Archery Development (JOAD), Adult Archery Program",BROOKLYN,New York
b309f6d9-dab6-412c-8090-169dbda417b0,MIAMI ARCHERY CLUB,miami-archery-club-fl,hybrid,active,False,17415 Bauer Dr,33031,,,,miamiarcheryclub@gmail.com,http://www.miamiarcheryclub.com,"Mon-Fri 10am-9pm, Sat-Sun 9am-6pm",,,False,False,False,False,,,False,False,,,false,false,"[""https://images.unsplash.com/photo-1574607774561-e645c79a2478?w=800&h=400&fit=crop""]","USA Archery affiliated club. Programs: Junior Olympic Archery Development (JOAD), 3D Archery, Field Archery, Olympic Archery in the Schools",Homestead,Florida
608844b8-dde7-4130-9ad6-e549508c2025,Michiana Archery,michiana-archery-in,hybrid,active,False,50510 State Road 933 North,46637,41.7600149,-86.2502223,574-272-5300,info@michianaarchery.com,http://MichianaArchery.com,,,10,True,False,False,False,,,True,True,,,false,false,"[""state-range-photos/indiana/Michiana Archery (South Ben).jpg""]","USA Archery affiliated club. Programs: Junior Olympic Archery Development (JOAD), Adult Archery Program",South Ben,Indiana
704e7713-34c6-44f5-b89d-dc8067517a75,Mid GA Archery Club,mid-ga-archery-club-ga,hybrid,active,False,1802 Tucker Rd,31069,32.4503107,-83.7100023,,midgaarcheryclub@gmail.com,http://www.midgaarchery.com,,,,False,False,False,False,,,True,True,$20,,false,false,"[""state-range-photos/georgia/Mid GA Archery Club (Perry).jpg""]","USA Archery affiliated club. Programs: Junior Olympic Archery Development (JOAD), Adult Archery Program",Perry,Georgia
54364025-a22f-46d2-be8d-eb46c4f80c18,Mid Iowa Archers,mid-iowa-archers-ia,club,active,False,PO Box 7581,50323,,,,,http://www.midiowaarchers.com,,,,False,True,False,False,,,False,False,,,false,false,"[""state-range-photos/iowa/Mid Iowa Archers (Indianola).jpg""]","Archery range located in Indianola, IA.",Indianola,Iowa
06315a01-d040-45b9-988e-7a180fca722b,Mid Nebraska Bowhunters,mid-nebraska-bowhunters-ne,hybrid,active,False,207 N. Main Street,68852,,,,bluth@prairiehillswireless.com,http://www.midnebraskabowhunters.homestead.com,,,,False,False,False,False,,,False,False,,,false,false,"[""state-range-photos/nebraska/Mid Nebraska Bowhunters (Litchfield).jpg""]",USA Archery affiliated club. Programs: Adult Archery Program,Litchfield,Nebraska
82ee4366-7809-44e9-bd9c-62f582a2de55,Mid-Del Archers,mid-del-archers-de,volunteer_club,active,False,743 Fox Hunters Rd,19952,38.902409,-75.6561979,,,,,,,False,False,False,False,,,False,False,,,false,false,"[""state-range-photos/delaware/Mid-Del Archers (Harrington).jpg""]","Archery range located in Harrington, DE.",Harrington,Delaware
d2bb8065-bdfd-47bf-8ba6-ad7fe44dbcb0,Mid-Michee Bowmen Inc,mid-michee-bowmen-inc-mi,volunteer_club,active,False,151 S 9 MILE ROAD,48640,43.6057337,-84.423886,+19895135800,midmicheebowman@gmail.com,https://mid-micheebowmen.org/,,,,False,True,False,False,,,False,False,,,false,false,"[""state-range-photos/michigan/Mid-Michee Bowmen Inc (MIDLAND).jpg""]","Archery range located in MIDLAND, MI.",MIDLAND,Michigan
4a7c6710-1394-4aa4-8970-35d9a8492d55,Mid-Mississippi Bowhunters,mid-mississippi-bowhunters-ms,club,active,False,,,,,,,,,,,False,False,False,False,,,False,False,,,false,false,"[""state-range-photos/mississippi/Mid-Mississippi Bowhunters (Kosciusko).jpg""]","Archery range located in Kosciusko, MS.",Kosciusko,Mississippi
d7b11c5e-6d65-4792-bd50-926191d35201,Mid-State Archers,mid-state-archers-wv,volunteer_club,active,False,2615 Airport Road,26601,38.6878537,-80.65051,,chris.shortall00@gmail.com,,,,,False,False,False,False,,,False,False,,,false,false,"[""https://braxtonwv.org/wp-content/uploads/2019/10/DSC_0036aS.jpg""]","Archery range located in SUTTON, WV.",SUTTON,West Virginia
7423c02b-c025-4a85-971c-81525c1b14e9,Middletown Archery,middletown-archery-pa,commercial,active,False,"127 Barren Rd., Media, PA 19063",,,,(610) 566-8092,middletown.archery.club@gmail.com,https://www.middletownarchery.com/,Monday-Friday 4PM-8PM; Saturday 10AM-4PM; Closed Sundays,,,True,False,False,False,,,False,True,$35-$125,,false,false,"[""https://middletownarchery.com/wp-content/uploads/2018/01/cropped-DSC_0818-1-scaled-1.jpg""]","Archery range located in Middletown, PA.",Middletown,Pennsylvania
85a7ad6f-37f9-481d-a3d5-85c0d7e017f0,Midlands Archery Center,midlands-archery-center-sc,hybrid,active,False,366 Ebenezer Rd.,29070,,,,coachindy@hotmail.com,http://www.midlandsarcherycenter.com,,,30,False,True,False,False,,,False,False,,,false,false,"[""https://images.unsplash.com/photo-1574607774561-e645c79a2478?w=800&h=400&fit=crop""]","USA Archery affiliated club. Programs: Junior Olympic Archery Development (JOAD), Adult Archery Program, 3D Archery",Leesville,South Carolina
0c9d32ec-4f1b-4039-a9df-4d9ab11396a9,Midwest Mavericks Archery,midwest-mavericks-archery-in,hybrid,active,False,551 W County Road 1100 North,47850,39.2406103,-87.4181954,,jasonelambert2012@gmail.com,,,,,False,False,False,False,,,False,False,,,false,false,"[""state-range-photos/indiana/Midwest Mavericks Archery (Farmersburg).jpg""]",USA Archery affiliated club. Programs: Junior Olympic Archery Development (JOAD),Farmersburg,Indiana
8451162e-aa12-453f-be00-ed6bc81f435b,Midwest Open Indoor Archery,midwest-open-indoor-archery-il,volunteer_club,active,False,Scheel’s Sport Park,62701,,,+12178239291,karakuhnert@gmail.com,,,,,False,False,False,False,,,False,False,,,false,false,"[""state-range-photos/illinois/Midwest Open Indoor Archery (Springfield).jpg""]",ASA-affiliated 3D archery club. Contact: Kara Kuhnert.,Springfield,Illinois
2642d28e-8c2c-40b8-9d50-b2f4711be478,Milbank Valley Archers,milbank-valley-archers-sd,volunteer_club,active,False,204 EAST RAILWAY AVE,57252,45.221069,-96.6370571,,,,,,,False,False,False,False,,,False,False,,,false,false,"[""state-range-photos/south-dakota/Milbank Valley Archers (MILBANK).jpg""]","Archery range located in MILBANK, SD.",MILBANK,South Dakota
48a92738-96f1-45c3-a9d9-6b35b976d1be,Mile High Archers,mile-high-archers-co,hybrid,active,False,3050 E 78th Ave,80229-6106,,,,4theloveofarchery54@gmail.com,,,,,False,False,False,False,,,False,False,,,false,false,"[""state-range-photos/colorado/Mile High Archers (DENVER).jpg""]","USA Archery affiliated club. Programs: Junior Olympic Archery Development (JOAD), Adult Archery Program, 3D Archery, Field Archery",DENVER,Colorado
8c37cad0-b337-421b-8180-7d4b41b8e6d7,Mile Square Regional Park Archery Range,mile-square-regional-park-archery-range-ca,public,active,False,16801 Euclid St.,92708,,,(714) 973-6600,,https://ocparks.com/parks-trails/mile-square-regional-park/archery-range,7:00am to Sunset daily; closed Thursday 7:00am to 11:00am for maintenance,,24,False,False,False,False,,Free,False,False,,,false,false,"[""https://daytrippen.com/wp-content/uploads/2019/02/mile-square-park-archery-range.jpg""]","Archery range located in Fountain Valley, CA.",Fountain Valley,California
7115737b-64c4-429f-892e-8b93e640abf4,Mill River Archery,mill-river-archery-ma,hybrid,active,False,"Hampshire College, 893 West Street",01002,,,,millriverarchery@gmail.com,http://millriverarchery.com,,,,False,False,False,False,,,False,True,,,false,false,"[""state-range-photos/massachusetts/Mill River Archery (Amherst).jpg""]","USA Archery affiliated club. Programs: Junior Olympic Archery Development (JOAD), Adult Archery Program",Amherst,Massachusetts
2a0efbd9-c6eb-4b4a-95f0-397ac9fc41fa,Milwaukee Kyudo Kai,milwaukee-kyudo-kai-wi,hybrid,active,False,"St John's Lutheran, 7877 N Port Washington Rd",53217,,,,milwaukeekyudo@yahoo.com,https://sites.google.com/site/milwaukeekyudo/,Sundays 1-2 PM (winter indoor at Nicolet High School); Sundays 5-6:30 PM (summer at local park),,,False,False,False,False,,,False,False,,,false,false,"[""https://tuba-archery.com/wp-content/uploads/2026/01/th-429.jpg""]",USA Archery affiliated club. Programs: Adult Archery Program,Glendale,Wisconsin
bdbe15f4-0562-41c5-bfed-9ddf88ff8d7f,MINARA Archery,minara-archery-nm,hybrid,active,False,2910 Carlisle Blvd NE,87111,,,(505) 440-8036,abdurrauf.minara@gmail.com,https://minaraabq.org/,,,,False,False,False,False,,,False,False,,,false,false,"[""state-range-photos/new-mexico/MINARA Archery (Albuquerque).jpg""]","USA Archery affiliated club. Programs: Junior Olympic Archery Development (JOAD), Adult Archery Program",Albuquerque,New Mexico
9f4ecaee-5d0f-4146-ba7f-0ad747913890,"Minnehaha Archers, Inc.",minnehaha-archers-inc-sd,hybrid,active,False,5108 N. Harvestore Rd.,57107,43.5147831,-96.7744956,+16053361979,MAI@Minnehaha-Archers.com,http://www.minnehaha-archers.com,,,30,False,False,False,False,,$5 per person fee is required for non-members,True,False,,,false,false,"[""https://images.unsplash.com/photo-1574607774561-e645c79a2478?w=800&h=400&fit=crop""]","USA Archery affiliated club. Programs: Junior Olympic Archery Development (JOAD), Adult Archery Program, Field Archery",Sioux Falls,South Dakota
32e03dfc-ee98-44e9-853a-a6acacdf9988,Minnesota Kyudo Renmei,minnesota-kyudo-renmei-mn,hybrid,active,False,229 Tower Avenue,55019,,,,info@mnkyudo.org,http://www.mnkyudo.org,,,,False,False,False,False,,,False,False,,,false,false,"[""state-range-photos/minnesota/Minnesota Kyudo Renmei (Dundas).jpg""]",USA Archery affiliated club. Programs: Adult Archery Program,Dundas,Minnesota
cdea8065-a284-400d-a2de-4e06a73ea047,Mission Ridge Range & Academy,mission-ridge-range-academy-tx,commercial,active,False,4507 N Loop 1604 W,78249,,,+12105049000,,https://www.missionridgerange.com,,,,False,False,False,False,,,False,False,,,false,false,"[""http://ww4.hdnux.com/photos/61/74/70/13094443/3/rawImage.jpg""]","Archery range located in San Antonio, TX.",San Antonio,Texas
f553c458-c92d-45dc-b1ca-f720bc9faddb,Mississippi Archery Academy,mississippi-archery-academy-ms,hybrid,active,False,"162 Concourse Drive, Suite E",39208,,,(601) 500-2670,mississippiarcheryacademy@gmail.com,http://mississippiarcheryacademy.com,"Monday-Thursday 4:00-8:00pm, Friday Closed, Saturday 11:00-3:00pm",,,False,False,False,False,$200/month (month-to-month); $135/month (12-month contract),"$25/visit (Genesis bow, up to 4 hrs); $30/visit (recurve/compound, up to 4 hrs)",True,True,,,false,false,"[""https://images.unsplash.com/photo-1574607774561-e645c79a2478?w=800&h=400&fit=crop""]","USA Archery affiliated club. Programs: Junior Olympic Archery Development (JOAD), Adult Archery Program, 3D Archery, Field Archery",Pearl,Mississippi
cd64c1dc-e6b4-4505-8fc2-261a1e8dad0d,Mississippi Traditional Archery Association,mississippi-traditional-archery-association-ms,club,active,False,"36 ABIDE STREET, GREENVILLE, MS 38701",,,,,,,,,,False,False,False,False,,,False,False,,,false,false,"[""state-range-photos/mississippi/Mississippi Traditional Archery Association (Greenville).jpg""]","Archery range located in Greenville, MS.",Greenville,Mississippi
a1c9d54d-4d0f-4195-b638-142a260b836f,Missouri Basin Bowmen,missouri-basin-bowmen-nd,club,active,False,PO Box 305,58802,,,,,https://www.missouribasinbowmen.com/,,,,False,True,False,False,,,False,False,,,false,false,"[""https://images.unsplash.com/photo-1574607774561-e645c79a2478?w=800&h=400&fit=crop""]","Archery range located in Williston, ND.",Williston,North Dakota
1225d707-eeac-4fd2-abd2-3dca49d00814,Mohican Bowmen,mohican-bowmen-md,volunteer_club,active,False,802 PAINTER PL,20743,38.8768183,-76.8879271,,james@burrellenvisions.com,,,,,False,False,False,False,,,False,False,,,false,false,"[""state-range-photos/maryland/Mohican Bowmen (CAPITOL HTS).jpg""]","Archery range located in CAPITOL HTS, MD.",CAPITOL HTS,Maryland
9be27dcf-91c8-4801-909c-448e40b6eb5b,Mojave Archers,mojave-archers-ca,hybrid,active,False,"13186 Sheep Creek Rd, Phelan, CA 92371",92342,34.43,-117.57,,arrow2hi@verizon.net,http://www.mojavearchers.com,,,,False,True,True,False,,,False,False,,,false,false,"[""https://images.unsplash.com/photo-1574607774561-e645c79a2478?w=800&h=400&fit=crop""]",USA Archery affiliated club. Programs: Junior Olympic Archery Development (JOAD),Helendale,California
34f86114-65a4-4d3a-b05a-06d4982e5869,Molokai Bowhunters,molokai-bowhunters-hi,club,active,False,,,,,808-646-1872,mbowhunters@gmail.com,http://www.molokaibowhunters.com/,,,,False,False,False,False,,,False,False,,,false,false,"[""state-range-photos/hawaii/Molokai Bowhunters (Molokai).jpg""]","Archery range located in Molokai, HI.",Molokai,Hawaii
38855409-e8ed-4ce8-863c-35f2b74e2888,Monroe County Bowhunters,monroe-county-bowhunters-al,volunteer_club,active,False,580 H Kyle Road,36502,,,+12518622131,gcbyrd3@gmail.com,,,,,False,False,False,False,,,False,False,,,false,false,"[""state-range-photos/alabama/Monroe County Bowhunters (Atmore).jpg""]",ASA-affiliated 3D archery club. Contact: Cole Byrd.,Atmore,Alabama
72ac88ca-e54c-476b-9056-0f6f742cf4d7,Montana Black Gold,montana-black-gold-mt,commercial,active,False,461-B Jetway Dr,59714,,,,,,,,,False,False,False,False,,,False,False,,,false,false,"[""state-range-photos/montana/Montana Black Gold (Belgrade).jpg""]","Archery range located in Belgrade, MT.",Belgrade,Montana
55cb7471-f15d-4b9b-85eb-02033cf19936,Montana Northwest Archers,montana-northwest-archers-mt,volunteer_club,active,False,55 Grigg,59901,48.3008902,-114.2486006,,,,,,,False,False,False,False,,,False,False,,,false,false,"[""https://flatheadbeacon.com/wp-content/uploads/2021/11/2021121_ARCHERY_RANGE_104.jpg""]","Archery range located in Kalispell, MT.",Kalispell,Montana
69921817-4f76-4c1a-b682-4c6c37083848,Montgomery County Shooting Complex,montgomery-county-shooting-complex-tn,public,active,False,,,,,+931 387 3456,info@ShootTN.com,https://shoottn.com/,"Open Friday, Saturday, Sunday 9am to 7pm",,,False,False,False,False,,,False,False,,,false,false,"[""state-range-photos/tennessee/Montgomery County Shooting Complex (Clarksville).jpg""]","Archery range located in Clarksville, TN.",Clarksville,Tennessee
29fb651a-33ef-4603-b33a-3b0d8c7dad27,Monument Beach Sportsmans Club,monument-beach-sportsmans-club-ma,hybrid,active,False,199 MacArthur Blvd.,02553,,,,leolarson3@gmail.com,http://www.monumentbeachsports.com,,,,False,False,False,False,,,False,False,,,false,false,"[""https://images.unsplash.com/photo-1574607774561-e645c79a2478?w=800&h=400&fit=crop""]","USA Archery affiliated club. Programs: Junior Olympic Archery Development (JOAD), Adult Archery Program",Monument Beach,Massachusetts
82955337-e728-4f16-9ec3-65f09552757c,Moore Co Bowhunters of NC,moore-co-bowhunters-of-nc-nc,volunteer_club,active,False,4300 Lobelia Rd,28394,,,+19105789940,anlchavis@gmail.com,,,,,False,False,False,False,,,False,False,,,false,false,"[""state-range-photos/north-carolina/Moore Co Bowhunters of NC (Vass).jpg""]",ASA-affiliated 3D archery club. Contact: Amber Chavis.,Vass,North Carolina
e60e5fa3-2a46-4f2a-946a-687693e45a27,Morley Field Archery Range,morley-field-archery-range-ca,public,active,False,,,,,+16195258262,,https://www.sandiego.gov/centers/recctr/morley,,,,False,False,False,False,,,False,False,,,false,false,"[""state-range-photos/california/Morley Field Archery Range (San Diego).jpg""]","Archery range located in San Diego, CA.",San Diego,California
17a2a423-08d9-4389-8fa6-b7209e791da3,Morristown Archery Club,morristown-archery-club-tn,volunteer_club,active,False,2953 Cherokee Park Rd,37814,,,+14233128080,joecombs3@yahoo.com,,,,,False,False,False,False,,,False,False,,,false,false,"[""state-range-photos/tennessee/Morristown Archery Club (Morristown).jpg""]",ASA-affiliated 3D archery club. Contact: Junior Sizemore.,Morristown,Tennessee
abbdee3c-176a-41e3-a9b6-40e2797cf7b2,Mosquito Bowmen,mosquito-bowmen-oh,volunteer_club,active,False,2535 McCleary Jacoby Rd,44410,,,+13307704437,bowbums396@aol.com,,,,,False,False,False,False,,,False,False,,,false,false,"[""state-range-photos/ohio/Mosquito Bowmen (Cortland).jpg""]",ASA-affiliated 3D archery club. Contact: Brenda Zannetakis.,Cortland,Ohio
2654591f-7221-4d04-acab-b8b2b279d4b7,Mountain State Sportsmen Association,mountain-state-sportsmen-association-wv,club,active,False,605 Hoagland Run Rd,26104,,,+13044820105,bigredsarchery@yahoo.com,https://mtstate.org,,,,False,False,False,False,,,False,False,,,false,false,"[""state-range-photos/west-virginia/Mountain State Sportsmen Association (Parkersbur).jpeg""]",ASA-affiliated archery club. Status: Expired 2025,Parkersbur,West Virginia
b5a13fec-d5a5-45ef-9df4-7779239e8484,Mountain Valley,mountain-valley-ca,volunteer_club,active,False,P.O. Box 464,93302,,,,nantidwel@aol.com,https://kernriverarchers.com,,,,False,False,False,False,,,False,False,,,false,false,"[""https://images.squarespace-cdn.com/content/v1/67d08b3d40626d3a4aee55e9/60f7c008-2540-4b47-87b6-2381b2bf7a78/JAS01237.jpg?format=2500w""]","Archery range located in Bakersfield, CA.",BAKERSFIELD,California
535a027a-8b1b-47c6-9b26-99d03fc99a42,Mt. Tabor Rod and Gun Club,mt-tabor-rod-and-gun-club-vt,club,active,False,,,,,,,,,,,False,False,False,False,,,False,False,,,false,false,"[""state-range-photos/vermont/Mt Tabor Rod and Gun Club (Mt. Tabor).jpg""]","Archery range located in Mt. Tabor, VT.",Mt. Tabor,Vermont
8ac734e9-4fca-4642-8aed-9dfb8bdee893,Muddy Bayou Archery Inc.,muddy-bayou-archery-inc-tn,hybrid,active,False,502 C Steam Plant RD,37066,,,615-855-0555,muddybayou510@gmail.com,http://muddybayouarchery.com,,,,False,False,False,False,,,False,True,,,false,false,"[""state-range-photos/tennessee/Muddy Bayou Archery Inc (Gallatin).jpg""]","USA Archery affiliated club. Programs: Junior Olympic Archery Development (JOAD), Adult Archery Program, 3D Archery, Field Archery",Gallatin,Tennessee
1ada3595-e7b7-41da-a273-c518606a718e,Multi-Lakes Conservation Association,multi-lakes-conservation-association-mi,volunteer_club,active,False,3680 Newton Road,48383,42.577239,-83.4703845,+12483639109,marketing@multilakes.com,https://multilakes.com/,,,,False,False,False,False,,,False,False,,,false,false,"[""state-range-photos/michigan/Multi-Lakes Conservation Association (Commerce Twp).jpg""]","Archery range located in Commerce Twp, MI.",Commerce Twp,Michigan
b58bf90f-2351-4ab5-b242-d4f931c0be57,Music City Archery,music-city-archery-tn,commercial,active,False,1113 Murfreesboro Rd,,,,,musiccityarchery@gmail.com,https://musiccityarchery.com/,,,,True,False,False,False,,,False,True,,,false,false,"[""https://musiccityarchery.com/wp-content/uploads/2025/05/486243705_1431875304538666_3478716274367438882_n.jpg""]","Archery range located in Franklin, TN.",Franklin,Tennessee
09568153-cc73-467c-82b4-83144e966874,Muskegon Bowmen Inc,muskegon-bowmen-inc-mi,volunteer_club,active,False,2380 CENTRAL RD,49445,43.2993533,-86.2460067,(231) 766-3447,muskbowmen@gmail.com,https://muskegonbowmen.com/,,,18,False,True,True,False,$90 single/yr,,False,False,,,false,false,"[""https://images.unsplash.com/photo-1574607774561-e645c79a2478?w=800&h=400&fit=crop""]","Archery range located in MUSKEGON, MI.",Muskegon,Michigan
2faa45bb-03ce-4fbc-94f8-a79487525669,Mustangs Archery,mustangs-archery-mi,hybrid,active,False,775 N Center St,48167,42.4097525,-83.4837146,,mustangsarchery@gmail.com,https://mustangs.usarchery.org/,,,,False,False,False,False,,,False,False,,,false,false,"[""state-range-photos/michigan/Mustangs Archery (Northville).jpg""]","USA Archery affiliated club. Programs: Junior Olympic Archery Development (JOAD), Adult Archery Program",Northville,Michigan
0e02803c-a8b7-4a6e-a2ff-77433b1cd9a4,MWS Smashing Arrows,mws-smashing-arrows-ga,hybrid,active,False,52 HILL BROWN ROAD,31044,,,404-963-3731,smashingarrows@outlook.com,http://www.smashingarrows.com,,,,False,False,False,False,$45/year,$10,True,True,,,false,false,"[""state-range-photos/georgia/MWS Smashing Arrows (JEFFERSONVILLE).jpg""]","USA Archery affiliated club. Programs: Junior Olympic Archery Development (JOAD), Adult Archery Program, Field Archery",JEFFERSONVILLE,Georgia
9e5e2a8d-5d77-486d-8bf8-515b6a90c358,Myer Creek Archers,myer-creek-archers-ky,volunteer_club,active,False,210 Park Loop,42327,,,+12703138923,jennifer.warner83@yahoo.com,,,,,False,False,False,False,,,False,False,,,false,false,"[""https://i.ytimg.com/vi/xGJfXP0ylEo/hqdefault.jpg""]",ASA-affiliated 3D archery club. Contact: Jennifer Warner.,Calhoun,Kentucky
9f798a78-c278-4e49-8242-53d82965a435,N.E.Kansas Overton's Archery Center,n-e-kansas-overton-s-archery-center-ks,volunteer_club,active,False,"1035 N. 3rd Street, Suite 104",66044,,,(785) 832-1654,info@overtonsarcherycenter.com,https://overtonsarcherycenter.com/,,,,True,False,False,False,,,False,True,,,false,false,"[""https://images.unsplash.com/photo-1574607774561-e645c79a2478?w=800&h=400&fit=crop""]","Archery range located in Lawrence, KS.",Lawrence,Kansas
1e0171a6-a212-4c7b-b57c-3da401e5d76b,N2 Deep Archery,n2-deep-archery-ok,volunteer_club,active,False,"(35.52/8403,-96.016934)",74437,,,+19187525930,n2deeparchery@gmail.com,,,,,False,False,False,False,,,False,False,,,false,false,"[""state-range-photos/oklahoma/N2 Deep Archery (Heynryetta).jpg""]",ASA-affiliated 3D archery club. Contact: Morgan Potter.,Heynryetta,Oklahoma
6e80ceb7-cfbf-4c13-9f63-ef2ef7e73bf0,NAAVAK,naavak-ca,hybrid,active,False,"648 Andrews Way, El Sobrante, CA 94803-1406",94518,,,(510) 409-3200,Naavakarchery@gmail.com,https://naavak.usarchery.org/,,,,False,False,False,False,,,False,True,,,false,false,"[""state-range-photos/california/NAAVAK (Concord).jpg""]","USA Archery affiliated club. Programs: Junior Olympic Archery Development (JOAD), Adult Archery Program, Olympic Archery in the Schools",Concord,California
fba7bbf6-182d-4f41-9fc4-55bd3588f5dd,Nampa Bow Chiefs Inc,nampa-bow-chiefs-inc-id,volunteer_club,active,False,222 W Railroad St,83687,43.5940195,-116.5779522,(208) 466-4374,info@nampabowchiefs.org,https://nampabowchiefs.com/,,,,False,False,False,False,$40.00 single (no key) / $120.00 single (with key),,False,False,,,false,false,"[""state-range-photos/idaho/Nampa Bow Chiefs Inc (NAMPA).jpg""]","Archery range located in NAMPA, ID.",NAMPA,Idaho
a4b1b7b4-bedc-498e-9eee-5e4f8aa4a43a,Nancy’s Broken Arrow 3-D,nancy-s-broken-arrow-3-d-in,commercial,active,False,,47456,,,,,,,,,False,False,False,False,,,False,False,,,false,false,"[""https://archerylessons.info/ranges/wp-content/uploads/2024/09/Nancys-Broken-Arrow.jpg""]",IBO commercial range (IBO directory).,Quincy,Indiana
4e3d3494-96d4-4a85-a6fd-3187d754e9e9,Narragansett Bowhunters,narragansett-bowhunters-ri,volunteer_club,active,False,1531 Ten Rod Rd,02852,41.5780725,-71.5097209,(401) 295-7228,narragansettbowhunters@gmail.com,https://www.narragansettbowhunters.org,,,12,False,True,True,True,,,False,True,,,false,false,"[""state-range-photos/rhode-island/Narragansett Bowhunters (North Kingstown).jpg""]","Archery range located in North Kingstown, RI.",North Kingstown,Rhode Island
2e750efe-10d5-441d-b4ba-d7cd1554f631,Nashua Fish & Game Association,nashua-fish-game-association-nh,club,active,False,21 Al Paul Lane,,,,,,https://nfga.org,,,,False,False,False,False,,,False,False,,,false,false,"[""state-range-photos/new-hampshire/Nashua Fish  Game Association (Merrimack).jpg""]","Archery range located in Merrimack, NH.",Merrimack,New Hampshire
4d92b8c5-236f-4c55-b24f-19dc0dd1ffa6,Nashville North Archery,nashville-north-archery-tn,commercial,active,False,1203 Old Hydes Ferry Pike,,,,(931) 603-1680,matt@podiumarcher.com,https://nashvillenortharchery.com/,Tue-Fri: 10am-6pm; Sat: 10am-4pm; Sun-Mon: Closed,,,False,False,False,False,,,False,False,,,false,false,"[""state-range-photos/tennessee/Nashville North Archery (Nashville).jpg""]","Archery range located in Nashville, TN.",Nashville,Tennessee
50e6c33e-3423-4605-bed8-0f7f9c5e76e2,Navigators Adaptive Sports Club,navigators-adaptive-sports-club-nj,hybrid,active,False,136 Oak Ridge Rd,07066,,,,main@navigatorsadaptivesports.com,https://www.navigatorsadaptivesports.com/home,,,,False,False,False,False,,,False,False,,,false,false,"[""state-range-photos/new-jersey/Navigators Adaptive Sports Club (Clark).png""]",USA Archery affiliated club. Programs: Adult Archery Program,Clark,New Jersey
1c35324a-b890-47a5-9faa-19224e52e1b9,NCRR Carbon Quest Archery Club,ncrr-carbon-quest-archery-club-va,hybrid,active,False,4321 S. Military Hwy,23321,,,+17576211388,esquared35@yahoo.com,,,,,False,False,False,False,,,False,False,,,false,false,"[""state-range-photos/virginia/NCRR Carbon Quest Archery Club (Chesapeake).jpg""]",USA Archery affiliated club. Programs: Junior Olympic Archery Development (JOAD),Chesapeake,Virginia
6d207884-5ffc-4ef6-8119-2befc97f62cc,Neil's Archery and Crossbow,neil-s-archery-and-crossbow-ny,commercial,active,False,1460 Union Center Highway,13760,,,(607) 953-0511,,https://neilsarcheryandcrossbow.com/,,,24,True,False,False,False,,,False,True,,,false,false,"[""https://s3-media0.fl.yelpcdn.com/bphoto/HkAYMFJ-pE_IlnO6DC4fuw/l.jpg""]","Archery range located in Endicott, NY.",Endicott,New York
985377b3-4da7-485d-8d88-fe28015fcd3d,Nelson Ledges Archery LLC,nelson-ledges-archery-llc-oh,commercial,active,False,,44288,,,+13305274940,,http://nla.kevcamp.com,,,,False,False,False,False,,,False,False,,,false,false,"[""state-range-photos/ohio/Nelson Ledges Archery LLC (Windham).jpg""]",IBO commercial range (IBO directory).,Windham,Ohio
5d6dcbcc-e296-4b3a-857a-1c7c1d519177,Nenameseck Sportsmens Club,nenameseck-sportsmens-club-ma,volunteer_club,active,False,150 Bacon Road Palmer MA 01069,01069,42.2197456,-72.2697982,(413) 967-3720,memberships@nenameseck.com,https://nenameseck.com/,,,,False,True,False,True,,,False,False,,,Wheel Chair Friendly Club House and Ranges,false,"[""state-range-photos/massachusetts/Nenameseck Sportsmens Club (Palmer).png""]","Archery range located in Palmer, MA.",Palmer,Massachusetts
6e3a7cee-ec45-4c60-9732-af9912508d6b,NEO Archery Club,neo-archery-club-ok,volunteer_club,active,False,915 E Apperson Rd,74301,,,+19182445802,archery1260@gmail.com,,,,,False,False,False,False,,,False,False,,,false,false,"[""state-range-photos/oklahoma/NEO Archery Club (Vinita).jpg""]",ASA-affiliated 3D archery club. Contact: Janet Corlett-Payne.,Vinita,Oklahoma
21b68e82-73d8-4868-8660-ddc694a215c4,Neshoba County Bowmen,neshoba-county-bowmen-ms,club,active,False,10121 Road 2812,39350,,,+16015048894,neshobabowmen@yahoo.com,,,,,False,False,False,False,,,False,False,,,false,false,"[""state-range-photos/mississippi/Neshoba County Bowmen (Philadelphia).jpg""]",ASA-affiliated archery club. Status: Expired 2025,Philadelphia,Mississippi
9a987118-e865-44cf-83f5-addbeb890cdc,Neuse River Bowhunters,neuse-river-bowhunters-nc,volunteer_club,active,False,6357 Cleveland Rd,27520,,,+19107039722,daddyrabbit008@yahoo.com,,,,,False,False,False,False,,,False,False,,,false,false,"[""state-range-photos/north-carolina/Neuse River Bowhunters (Clayton).jpg""]",ASA-affiliated 3D archery club. Contact: Randy Thompson.,Clayton,North Carolina
b21459b7-8dcf-4aff-b995-188c9cf47350,Nevada County JOAD,nevada-county-joad-ca,hybrid,active,False,11296 Banner Mountain Trail,95959,,,+15302655131,vosslings3@yahoo.com,,,,,False,False,False,False,,,False,False,,,false,false,"[""state-range-photos/california/Nevada County JOAD (Nevada City).jpg""]",USA Archery affiliated club. Programs: Junior Olympic Archery Development (JOAD),Nevada City,California
7bbaf130-fa32-4a0c-9f21-52f1ac174c29,Nevada County Sportsmen's Club,nevada-county-sportsmen-s-club-ca,volunteer_club,active,False,11296 BANNER MT TRAIL,95959,39.2497901,-121.0016174,(530) 265-5131,eckenburg.richard@gmail.com,https://nevadacountysportsmen.com,"Archery range open 7 days a week, dawn to dusk",,,False,False,False,False,,,False,False,,,false,false,"[""https://images.unsplash.com/photo-1574607774561-e645c79a2478?w=800&h=400&fit=crop""]","Archery range located in NEVADA CITY, CA.",Nevada City,California
7ac68fb7-a3d1-48b8-82c0-9c9d06f605c5,New Castle Hundred Archers,new-castle-hundred-archers-de,volunteer_club,active,False,2272 SUNSET LAKE RD,19702,39.6256265,-75.7216348,(302) 722-7997,infonc100archers@gmail.com,https://nc100archers.odoo.com/,,,18,False,True,True,True,$100 (Jan-Jun) / $50 (Jul-Sep) / $25 (Oct-Nov) + $150 initiation fee,,False,True,,,false,false,"[""https://images.unsplash.com/photo-1574607774561-e645c79a2478?w=800&h=400&fit=crop""]","Archery range located in NEWARK, DE.",Newark,Delaware
417c997b-a1f2-407c-9754-313aa11452ce,New England Outfitters & Range Center,new-england-outfitters-range-center-ct,commercial,active,False,342 Quinnipiac St.,06492,,,,,,,,,False,False,False,False,,,False,False,,,false,false,"[""state-range-photos/connecticut/New England Outfitters  Range Center (Wallingford).jpg""]","Archery range located in Wallingford, CT.",Wallingford,Connecticut
72a6e39d-d125-4a80-b36e-9a92820c9638,New England School of Archery (NESA LLC),new-england-school-of-archery-nesa-llc-nh,hybrid,active,False,P.O. Box 3513,03301,,,,nesainc@yahoo.com,"http://www.nearchery.com, www.theFlyingArcher.com",,,,False,False,False,False,,,False,False,,,false,false,"[""state-range-photos/new-hampshire/New England School of Archery (NESA LLC) (Concord).jpg""]","USA Archery affiliated club. Programs: Junior Olympic Archery Development (JOAD), Adult Archery Program",Concord,New Hampshire
ae6081bb-3d38-4833-b929-978f3af6e2c9,New Hampshire Bowmen,new-hampshire-bowmen-nh,club,active,False,Box 237,03455,,,603-209-8007,barebownh@aol.com,https://sites.google.com/site/nhbowmen/,,,,False,False,False,False,,,False,False,,,false,false,"[""state-range-photos/new-hampshire/New Hampshire Bowmen (Marlborough).jpg""]","Archery range located in Marlborough, NH.",Marlborough,New Hampshire
d7f509d9-3239-48bd-83c0-d006b33741a0,New Haven Raccoon Club,new-haven-raccoon-club-ct,club,active,False,853 New Haven Rd,06422,,,,,https://www.nhraccoonclub.com/,,,,False,True,False,True,,,False,False,,,false,false,"[""state-range-photos/connecticut/New Haven Raccoon Club (Durham).png""]","Archery range located in Durham, CT.",Durham,Connecticut
94562d9e-36e6-4d26-8426-827be6c8aabe,New Jersey School Of Archery Joad,new-jersey-school-of-archery-joad-nj,hybrid,active,False,9 Old Lane Extension,07082,,,,usherm@optonline.net,https://www.schoolofarchery.com/,,,,False,False,False,False,,,False,True,,,false,false,"[""http://www.schoolofarchery.com/wp/wp-content/uploads/2014/12/201.png""]","USA Archery affiliated club. Programs: Junior Olympic Archery Development (JOAD), Adult Archery Program",Towaco,New Jersey
eafe1861-9067-47b3-ad45-10d58f0da59e,New Mexico Chile Peppers,new-mexico-chile-peppers-nm,hybrid,active,False,2910 Carlisle Blvd. N.E.,87110,,,,chavgi@aol.com,http://www.archeryshoppe.biz,,,,False,False,False,False,,,False,False,,,false,false,"[""state-range-photos/new-mexico/New Mexico Chile Peppers (Albuquerque).jpg""]","USA Archery affiliated club. Programs: Junior Olympic Archery Development (JOAD), Adult Archery Program, 3D Archery",Albuquerque,New Mexico
b689de23-50bb-43b1-9252-40670a7437b6,New River Archery Club,new-river-archery-club-nc,volunteer_club,active,False,549 Tailor Made Ranch Rd,28694,,,+13369771522,howellgrega@hotmail.com,,,,,False,False,False,False,,,False,False,,,false,false,"[""state-range-photos/north-carolina/New River Archery Club (West Jefferson).jpg""]",ASA-affiliated 3D archery club. Contact: Greg Howell.,West Jefferson,North Carolina
e512c405-6cee-4007-8701-02ac6ce27aa1,New River Bowhunters,new-river-bowhunters-nc,volunteer_club,active,False,1101 Ladonia Church Road,27030,,,+13366487755,sagecreek@surry.net,,,,,False,False,False,False,,,False,False,,,false,false,"[""state-range-photos/north-carolina/New River Bowhunters (Mount Airy).jpg""]",ASA-affiliated 3D archery club. Contact: David Smith.,Mount Airy,North Carolina
7d42d4de-d43b-4b7d-b163-c11d53d762be,Next Arrow Archery Academy Inc.,next-arrow-archery-academy-inc-ok,hybrid,active,False,461754 E. 1130 Rd,74955,,,,nextarrowarchery@gmail.com,https://nextarrowarchery.org,,,,False,False,False,False,,,False,False,,,false,false,"[""state-range-photos/oklahoma/Next Arrow Archery Academy Inc (Sallisaw).jpg""]","USA Archery affiliated club. Programs: Junior Olympic Archery Development (JOAD), Adult Archery Program, 3D Archery, Field Archery",Sallisaw,Oklahoma
130edacc-3426-41d0-8967-8bae4fc41060,Next Step Archery,next-step-archery-wa,volunteer_club,active,False,"22313 70th Ave W, Suite U1A",98043,47.7962569,-122.3270757,(425) 312-3345,info@nextsteparchery.org,https://nextsteparchery.org/,,,,False,False,False,False,,,False,False,,,false,false,"[""state-range-photos/washington/Next Step Archery (Mountlake Terrace).jpg""]","Archery range located in Mountlake Terrace, WA.",Mountlake Terrace,Washington
53974c54-c15f-4a9b-9e5a-39ce4e6df79a,NFAA Easton Yankton Archery Center,nfaa-easton-yankton-archery-center-sd,volunteer_club,active,False,800 ARCHERY LANE,57078,42.8767722,-97.3662585,+16052609282,info@neyac.org,https://www.neyac.org/,Monday-Friday: 9 AM - 8 PM | Saturday: 10 AM - 6 PM | Sunday: 12 PM - 6 PM,,,False,True,True,False,,,False,True,,,false,false,"[""state-range-photos/south-dakota/NFAA Easton Yankton Archery Center (Yankton).jpg""]","Archery range located in Yankton, SD.",Yankton,South Dakota
a55a9c74-a92c-4860-94f9-19ecf4fac91b,Ninnescah Bowhunters Association,ninnescah-bowhunters-association-ks,volunteer_club,active,False,10769 S 215th,67149,,,+13163059711,henrycboss2@gmail.com,,,,,False,False,False,False,,,False,False,,,false,false,"[""state-range-photos/kansas/Ninnescah Bowhunters Association (Viola).jpg""]",ASA-affiliated 3D archery club. Contact: Henry Boss.,Viola,Kansas
a3988d11-9bca-4a4a-bc12-023aa89ca009,Ninnescah Valley Archers,ninnescah-valley-archers-ks,volunteer_club,active,False,835 Country Club Rd,67124,,,+16206720767,aaron.austin@ks.gov,,,,,False,False,False,False,,,False,False,,,false,false,"[""state-range-photos/kansas/Ninnescah Valley Archers (Pratt).jpg""]",ASA-affiliated 3D archery club. Contact: Aaron  Austin.,Pratt,Kansas
eb782f81-a187-493c-b890-1ceb0b98faf6,Nishu Bowmen,nishu-bowmen-nd,volunteer_club,active,False,PO BOX 509,58502-0509,46.85,-100.72,701-221-3529,NishuBowmen@outlook.com,http://www.nishubowmen.com/,,,,False,True,True,False,$75/year (single),,False,True,,,false,false,"[""state-range-photos/north-dakota/Nishu Bowmen (Bismarck).jpg""]","Archery range located in BISMARCK, ND.",Bismarck,North Dakota
83985dbe-3cd5-4383-8ae8-220c8ca9d055,No Limits Archery,no-limits-archery-tn,volunteer_club,active,False,800 Carter Rd SE,37323,,,+17066955515,stacy.laviana@shawinc.com,,,,,False,False,False,False,,,False,False,,,false,false,"[""https://static.wixstatic.com/media/051f9c_a8735a8cc25c44d5b959fdfabf8f975a~mv2.jpg/v1/fill/w_309,h_412,al_c,q_80,usm_0.66_1.00_0.01,enc_auto/IMG_7953_JPG.jpg""]",ASA-affiliated 3D archery club. Contact: Stacy Laviana.,Cleveland,Tennessee
99a4abcc-5010-4d03-ab32-0a772af9e1f7,No Limits Archery,no-limits-archery-co,commercial,active,False,"3050 E 78th Ave, Denver, CO 80229",,,,,,https://www.nolimitsarchery.com/,,,,False,False,False,False,,,False,False,,,false,false,"[""https://images.unsplash.com/photo-1574607774561-e645c79a2478?w=800&h=400&fit=crop""]","Archery range located in Denver, CO.",DENVER,Colorado
5430a0de-c008-48f3-af31-b6719406472a,NO LIMITS ARCHERY PRO SHOP,no-limits-archery-pro-shop-co,commercial,active,False,3050 E 78th Ave,80229,39.8379986,-104.7034986,,phill@nolimitsarchery.com,https://nolimitsarchery.com,,,,False,False,False,False,,,False,False,,,false,false,"[""https://s3-media0.fl.yelpcdn.com/bphoto/lrZAsDz6zzZw6xRjmGQkpQ/348s.jpg""]","Archery range located in Denver, CO.",DENVER,Colorado
abadf432-ab4d-4965-877f-9f028fb41b8b,Noble Aim Shooting Sports,noble-aim-shooting-sports-oh,volunteer_club,active,False,2430 Funston Dr,44510,41.1207152,-80.6759233,,,https://nobleaimshootingsports.org/,,,,False,False,False,False,,,False,True,,,false,false,"[""https://images.unsplash.com/photo-1574607774561-e645c79a2478?w=800&h=400&fit=crop""]","Archery range located in Youngstown, OH.",Youngstown,Ohio
c94022ac-2197-4bbe-8f7f-f1fefcbc5dbc,Nock & Feather Kustom Archery,nock-feather-kustom-archery-il,commercial,active,False,439 S Lake St,60506,,,,,,,,,False,False,False,False,,,False,False,,,false,false,"[""https://nockandfeatherkustomarchery.com/cdn/shop/t/7/assets/slide_4.jpg?v=9617300074933507001580417930""]","Archery range located in Aurora, IL.",Aurora,Illinois
6c5f05be-91c4-4131-aaae-2dfdcb5215b1,Nock Em Up Archery,nock-em-up-archery-ga,volunteer_club,active,False,6781 Roosterville Rd,30217,,,+17062994644,jgirton1610@gmail.com,,,,,False,False,False,False,,,False,False,,,false,false,"[""state-range-photos/georgia/Nock Em Up Archery (Franklin).jpg""]",ASA-affiliated 3D archery club. Contact: James Girton.,Franklin,Georgia
93c9e2a7-414d-43b6-b930-94b150f5f176,Nocked & Loaded,nocked-loaded-tx,commercial,active,False,5001 S Fort Hood St,76542,,,(254) 833-5771,info@nocked-loaded.com,https://nocked-loaded.com,Sun-Mon Closed; Tue-Fri 10am-6pm; Sat 10am-5pm,,,False,False,False,False,,,False,False,,,false,false,"[""state-range-photos/texas/Nocked  Loaded (Killeen).jpg""]","Archery range located in Killeen, TX.",Killeen,Texas
afb6b986-4cbd-4d2e-9f7d-81a9622a35a4,Nocking Point Archers,nocking-point-archers-oh,hybrid,active,False,8051 Mayfield Road,44062,41.5219838,-81.354633,440-829-8730,info@ohioarcherycenter.com,http://ohioarcherycenter.com/archery-club/,Mon-Fri 1pm-8pm; Sat 9am-6pm; Sun by appointment,,8,False,False,False,True,$100/year,$15/hour,False,True,,,false,false,"[""https://thenockpoint.com/wp-content/uploads/2025/05/IMG_8280-scaled.jpeg""]","USA Archery affiliated club. Programs: Junior Olympic Archery Development (JOAD), Adult Archery Program, Field Archery",Chesterland,Ohio
b843a735-1faf-473e-9ee8-54bc1b498fd3,Nocking Point Deadeyes,nocking-point-deadeyes-oh,volunteer_club,active,False,01116 co rd 17,43506,41.4291999,-84.4963673,+14196333150,nockingpointoutfitters@gmail.com,,,,,False,False,False,False,,,False,False,,,false,false,"[""state-range-photos/ohio/Nocking Point Deadeyes (bryan).jpg""]","Archery range located in bryan, OH.",bryan,Ohio
d08498c8-18e5-4b65-832d-db694a3d17e2,Nocking Point Outfitters,nocking-point-outfitters-oh,commercial,active,False,,,,,+14196333150,nockingpointoutfitters@gmail.com,,,,,False,False,False,False,,,False,False,,,false,false,"[""state-range-photos/ohio/Nocking Point Outfitters (bryan).jpg""]","Archery range located in Bryan, OH.",bryan,Ohio
f6507b7d-d6ce-44a3-a5ff-4952ff1b39d1,Nodaho Bowhunters Inc,nodaho-bowhunters-inc-mo,volunteer_club,active,False,33476 Holt 150,64466,40.1960898,-95.0774387,+18162624115,talbottrichard10@gmail.com,,,,,False,False,False,False,,,False,False,,,false,false,"[""state-range-photos/missouri/Nodaho Bowhunters Inc (Maitland).jpg""]","Archery range located in Maitland, MO.",Maitland,Missouri
7f32d89e-ae61-4d49-984c-1fd33192c553,Nomo Bowhunter,nomo-bowhunter-mo,volunteer_club,active,False,2283 Hwy 24,65270,,,+16609980264,spencer.barron@kraftfoods.com,,,,,False,False,False,False,,,False,False,,,false,false,"[""https://zeta.creativecirclecdn.com/moberly/medium/20220726-113421-7-27-SPEC-R100-Archery-1-sized.jpg""]",ASA-affiliated 3D archery club. Contact: Spencer Barron.,Moberly,Missouri
515aa5d7-74f5-4929-9807-f50529a76fb8,Norfolk Archery Club,norfolk-archery-club-ne,volunteer_club,active,False,"302 Phillip Ave, Norfolk, NE 68701",68702,42.03,-97.42,,norfolkarcheryclub@norfolkarcheryclub.org,https://norfolkarcheryclub.org/,,,,False,True,False,False,,,False,False,,,false,false,"[""state-range-photos/nebraska/Norfolk Archery Club (NORFOLK).jpg""]","Archery range located in NORFOLK, NE.",NORFOLK,Nebraska
8bd67383-d9fe-45c1-b27e-da96002fe76f,North Alabama Archery Association,north-alabama-archery-association-al,volunteer_club,active,False,14001 Court Street,35650,,,+12565654534,dmccay16@att.net,,,,,False,False,False,False,,,False,False,,,false,false,"[""state-range-photos/alabama/North Alabama Archery Association (Moulton).jpg""]",ASA-affiliated 3D archery club. Contact: Dwight McCay.,Moulton,Alabama
2fe84b9d-c541-4739-b6c4-1edc4a50d067,North American Outfitters,north-american-outfitters-il,commercial,active,False,"13104 US-40, Highland, IL 62249",,,,618-651-1800,naoarchery@yahoo.com,https://www.naoarchery.com,"Mon-Thurs 12:00-8:00, Friday 12:00-6:00, Saturday 9:00-3:00",,,True,True,False,False,,,False,False,,,false,false,"[""state-range-photos/illinois/North American Outfitters (unknown).jpg""]",,,Illinois
b2a5f8c6-d4ef-4ee9-9d26-e5c471a10bd2,North Caddo Shooting Club,north-caddo-shooting-club-la,volunteer_club,active,False,8516 LA Hwy 169,71060,,,,ncscshooting@yahoo.com,https://ncscshooting.org/,,,,False,False,False,False,,,False,False,,,false,false,"[""https://images.unsplash.com/photo-1574607774561-e645c79a2478?w=800&h=400&fit=crop""]",ASA-affiliated 3D archery club. Contact: Johnny Kemp.,Mooringsport,Louisiana
24e6a51a-2648-43f5-bc52-9a4ce6d72b05,North Central Elite Archers,north-central-elite-archers-co,hybrid,active,False,9790 Fox Den Dr,80125,39.4767058,-105.0695383,(612)599-5364,lbeck73@gmail.com,http://www.northcentralelitearchers.com,,,,False,False,False,False,,,False,False,,,false,false,"[""state-range-photos/colorado/North Central Elite Archers (Littleton).jpg""]","USA Archery affiliated club. Programs: Junior Olympic Archery Development (JOAD), Adult Archery Program, 3D Archery, Field Archery",Littleton,Colorado
532af965-0baa-48d0-b118-69fc905edba1,North Florida Archers,north-florida-archers-fl,volunteer_club,active,False,"7000 Roosevelt Blvd, Tilly Fowler Park",32244,,,(904) 445-0001,nfarchers@gmail.com,https://northflarchers.org/,,,,False,False,False,False,,,False,False,,,false,false,"[""https://northflarchers.org/wp-content/uploads/2025/12/imgi_30_IMG_2929x640.jpg""]",ASA-affiliated 3D archery club. Contact: Jeremy Hall.,Jacksonville,Florida
421fbc55-468a-4b2b-a173-87822b2976a1,North Forty Archery Club,north-forty-archery-club-ga,volunteer_club,active,False,785 Skipper Jackson Rd,31014,,,+17068165804,sapp_stephen@yahoo.com,,,,,False,False,False,False,,,False,False,,,false,false,"[""state-range-photos/georgia/North Forty Archery Club (Cochran).jpg""]",ASA-affiliated 3D archery club. Contact: Stephen Sapp.,Cochran,Georgia
1a83ee7d-4334-471a-854f-4c98c216afbe,North Iowa Archers,north-iowa-archers-ia,volunteer_club,active,False,"Joe Sheldon Park, 2210 Sheldon Ave Rd",50548,,,+15638809057,danhoffmand6@yahoo.com,,,,,False,False,False,False,,,False,False,,,false,false,"[""state-range-photos/iowa/North Iowa Archers (Humboldt).jpg""]",ASA-affiliated 3D archery club. Contact: Dan Hoffman.,Humboldt,Iowa
33934b01-095c-4ed9-9f67-8ece43dcb23a,North Mississippi Bowhunters Association,north-mississippi-bowhunters-association-ms,club,active,False,,,,,,,,,,,False,False,False,False,,,False,False,,,false,false,"[""state-range-photos/mississippi/North Mississippi Bowhunters Association (Hernando).jpg""]","Archery range located in Hernando, MS.",Hernando,Mississippi
e68dee03-13b0-48da-9731-640aa83227d2,North Side Archery Club,north-side-archery-club-il,hybrid,active,False,"2818 North Halsted Street, Chicago, IL 60657",60657,41.9455577,-87.6369783,,northsidearcheryclub@gmail.com,http://www.northsidearcheryclub.org,,,,False,False,False,False,,,False,True,$50 for 1 session; $110-$160 for 4-session packages,,false,false,"[""https://images.squarespace-cdn.com/content/v1/57facfcaf7e0abb4ae010fc5/1666403186429-TGAFW4X5NKWNNCHTD3Q1/IMG_7579.jpg""]","USA Archery affiliated club. Programs: Junior Olympic Archery Development (JOAD), Adult Archery Program, 3D Archery",Chicago,Illinois
9519b693-262a-4e61-a65e-1a8f734c9339,North Side Sportsmen's Association Joad,north-side-sportsmen-s-association-joad-pa,hybrid,active,False,325 Mount Pleasant Road,15086,,,,youtharchery@northsidesportmen.com,https://www.northsidesportsmen.com/,,,,False,True,False,True,,,False,False,,,false,false,"[""state-range-photos/pennsylvania/North Side Sportsmens Association Joad (Warrendale).png""]","USA Archery affiliated club. Programs: Junior Olympic Archery Development (JOAD), Adult Archery Program",Warrendale,Pennsylvania
d59a63a9-a67a-4bf1-8ec2-83f16853d76a,Northeast Arkansas Bowhunters,northeast-arkansas-bowhunters-ar,volunteer_club,active,False,334 County Road 414,72404,,,+18703782315,willmarriott@icloud.com,,,,,False,False,False,False,,,False,False,,,false,false,"[""state-range-photos/arkansas/Northeast Arkansas Bowhunters (Jonesboro).jpg""]",ASA-affiliated 3D archery club. Contact: Will  Marriott.,Jonesboro,Arkansas
a119455c-1ce9-4573-8d03-f46f37558bd3,Northeast Shooters Association,northeast-shooters-association-nj,hybrid,active,False,"1 Jill Court, Bldg 16, Unit 4",08502,40.4930934,-74.6408683,,northeastshootersassociation@gmail.com,https://www.nsaarchery.com/,,,,True,False,False,False,,,False,True,,,false,false,"[""state-range-photos/new-jersey/Northeast Shooters Association (Belle Mead).jpg""]",USA Archery affiliated club. Programs: Junior Olympic Archery Development (JOAD),Belle Mead,New Jersey
ebb2f643-92fc-48c2-ae4a-3ca7765765f7,Northern Hills Archers,northern-hills-archers-sd,club,active,False,PO Box 441,57732,,,,,,,,,False,False,False,False,,,False,False,,,false,false,"[""state-range-photos/south-dakota/Northern Hills Archers (Deadwood).jpg""]","Archery range located in Deadwood, SD.",Deadwood,South Dakota
3234fb65-49cf-4cdb-b537-1b086259a5fa,Northern Illinois Archery Organization JOAD,northern-illinois-archery-organization-joad-il,hybrid,active,False,PO Box 102,60538,,,,classes@niarchery.org,https://niao.usarchery.org,,,,False,False,False,False,,,False,False,,,false,false,"[""state-range-photos/illinois/Northern Illinois Archery Organization JOAD (Montgomery).jpg""]","USA Archery affiliated club. Programs: Junior Olympic Archery Development (JOAD), Adult Archery Program",Montgomery,Illinois
2885a5e9-bf93-4536-8895-3fa8c760b257,Northern Kentucky JOAD,northern-kentucky-joad-ky,hybrid,active,False,"300 Kerns Lane, Barn",41052,,,859-282-6333,mandmarchery@gmail.com,http://www.nkyjoad.com,,,,False,False,False,False,,,False,False,,,false,false,"[""https://images.unsplash.com/photo-1574607774561-e645c79a2478?w=800&h=400&fit=crop""]","USA Archery affiliated club. Programs: Junior Olympic Archery Development (JOAD), Adult Archery Program",Jonesville,Kentucky
656356a9-5169-4681-8ce7-56028ecd658f,Northern Lites Archery Club,northern-lites-archery-club-nd,volunteer_club,active,False,37 7th Str E,58237,48.4178178,-97.4100348,,nlacgrafton@gmail.com,,,,,False,False,False,False,,,False,False,,,false,false,"[""state-range-photos/north-dakota/Northern Lites Archery Club (Grafton).jpg""]","Archery range located in Grafton, ND.",Grafton,North Dakota
b6c958cd-8854-49b9-a0a3-35cffeb2d58f,Northern Virginia Archers,northern-virginia-archers-va,volunteer_club,active,False,10875 Hampton Rd,22039,38.7272408,-77.3200078,,,https://norva.club/,,,,False,False,False,False,,,False,False,,,false,false,"[""https://norva.club/wp-content/uploads/Norva-Entry-and-Parking-Lot.jpg""]","Archery range located in Fairfax, VA.",Fairfax,Virginia
d284e645-da6d-4729-a314-3d93cc70913e,Northriver Sprotsman Club,northriver-sprotsman-club-wv,commercial,active,False,,25434,,,,,,,,,False,False,False,False,,,False,False,,,false,false,"[""state-range-photos/west-virginia/Northriver Sprotsman Club (PawPaw).jpg""]",IBO pro shop (IBO directory).,PawPaw,West Virginia
03492124-f98c-4af0-8d73-4324fa2a22af,Northwest Archers Association Inc,northwest-archers-association-inc-ak,volunteer_club,active,False,9401 Raspberry Road,99502,61.1542242,-150.0565216,,swc@mtaonline.net,,,,,False,False,False,False,,,False,False,,,false,false,"[""state-range-photos/alaska/Northwest Archers Association Inc (Anchorage).jpg""]","Archery range located in ANCHORAGE, AK.",Anchorage,Alaska
67d46c3e-d0d9-47bd-b67a-33a6d77d9c7c,Northwest Connecticut Sportsman's Association,northwest-connecticut-sportsman-s-association-ct,club,active,False,177 Route 44,06021,,,,,,,,,False,False,False,False,,,False,False,,,false,false,"[""state-range-photos/connecticut/Northwest Connecticut Sportsmans Association (Colebrook).jpg""]","Archery range located in Colebrook, CT.",Colebrook,Connecticut
f5f84419-ea8f-407b-b313-aa284602975c,Northwoods Archery Club - Grayling,northwoods-archery-club-grayling-mi,volunteer_club,active,False,1421 Burdell Rd,48653,44.4782591,-84.6421492,,starht@live.com,,,,,False,False,False,False,,,False,False,,,false,false,"[""state-range-photos/michigan/Northwoods Archery Club - Grayling (Roscommon).jpg""]","Archery range located in Roscommon, MI.",Roscommon,Michigan
2ed7728d-95c0-409f-9ed3-10f9e53e9be6,"Northwoods Bowmens Club, Inc",northwoods-bowmens-club-inc-ca,volunteer_club,active,False,PO Box 1492,94948,38.1,-122.57,+17077530615,info@northwoodsbowmensclub.org,http://northwoodsbowmensclub.org/,,,,False,False,False,False,,,False,True,,,false,false,"[""https://northwoodsbowmensclub.org/wp-content/uploads/2013/11/20120929_113057.mp4-0.0001.jpg""]","Archery range located in Novato, CA.",Novato,California
dc5b306c-0945-492e-8321-970ffac6a440,Norwich Archery,norwich-archery-ct,commercial,active,False,"110 Wawecus Hill Rd, Bozrah, CT 06334",06334,,,(860) 460-2535,1alycia4nac@gmail.com,https://www.norwicharcheryclub.com/,,,,False,False,False,True,$300/year single; $350/year family,,False,True,$30 per person per hour,,false,false,"[""state-range-photos/connecticut/Norwich Archery (Bozrah).jpg""]",IBO pro shop (IBO directory).,Bozrah,Connecticut
b4bd6905-4efd-47e9-837a-f9bfb5837093,Nova Archery Club,nova-archery-club-va,hybrid,active,False,3505 Carlin Springs Rd,22041,,,,donna@novaarcheryclub.com,https://novafencingclub.com,,,,False,False,False,False,,,False,True,,,false,false,"[""https://dynamic-media-cdn.tripadvisor.com/media/photo-o/1c/a4/a4/a7/learn-how-to-shoot-correctly.jpg?w=1200&h=1200&s=1""]","USA Archery affiliated club. Programs: Junior Olympic Archery Development (JOAD), Adult Archery Program",Falls Church,Virginia
37966c38-dac0-484a-bb08-49ab3d083018,Oakland County Sportsmen's Club,oakland-county-sportsmen-s-club-mi,hybrid,active,False,4770 Waterford Rd,48346,,,,coach.ron59@gmail.com,http://ocsc-archery.org,,,,False,False,False,False,,,False,False,,,false,false,"[""http://ocsc-archery.org/images/indoor/indoor_18.jpg""]","USA Archery affiliated club. Programs: Junior Olympic Archery Development (JOAD), Adult Archery Program, 3D Archery",Clarkston,Michigan
a93be0e1-d251-4b5b-b261-f74aa28f95cd,Oakridge Archery,oakridge-archery-tx,commercial,active,False,,78645,,,+15127334729,info@oakridgearcherytx.com,https://www.oakridgearcherytx.com,,,,False,False,False,False,,,False,False,,,false,false,"[""state-range-photos/texas/Oakridge Archery (Logo Vista).jpg""]",IBO pro shop (IBO directory).,Logo Vista,Texas
13fa1a8e-3848-4ca3-93f0-983fc7273b71,Oakridge Archery Club,oakridge-archery-club-in,hybrid,active,False,10506 N 100 W,46392,41.1641144,-87.0720031,,lschu.archery@gmail.com,https://oakridgearcheryclub.usarchery.org,,,,False,True,False,False,,,False,False,,,false,false,"[""state-range-photos/indiana/Oakridge Archery Club (Wheatfield).jpg""]","USA Archery affiliated club. Programs: Junior Olympic Archery Development (JOAD), Adult Archery Program, 3D Archery",Wheatfield,Indiana
68c7295a-376d-4caa-b4e7-b3a9f6fdd6e0,OASIS Archery,oasis-archery-ca,hybrid,active,False,2294 Baldwin Lane,95215,,,,ccvaainfo@gmail.com,http://oasisarchery.com,,,,False,False,False,False,,,False,True,,,false,false,"[""https://images.unsplash.com/photo-1574607774561-e645c79a2478?w=800&h=400&fit=crop""]","USA Archery affiliated club. Programs: Junior Olympic Archery Development (JOAD), Adult Archery Program",Stockton,California
b78e1fce-15e8-4455-ba17-0d5339953cab,Obissquasoit Bowmen,obissquasoit-bowmen-nj,volunteer_club,active,False,398 Alloway-Friesburg Road,08302,39.543389,-75.307877,+18568871864,info@obiss.org,https://obiss.org/,,,12,False,True,True,True,,,False,False,,,false,false,"[""https://images.unsplash.com/photo-1574607774561-e645c79a2478?w=800&h=400&fit=crop""]","Archery range located in Bridgeton, NJ.",Bridgeton,New Jersey
4002326b-bbc2-45d6-bdeb-c2d55cf20af5,Ocean State Archery,ocean-state-archery-ri,hybrid,active,False,179 Conant St,02861,,,,info@oceanstatearchery.com,http://www.oceanstatearchery.com,,,,False,False,False,False,,,False,False,,,false,false,"[""state-range-photos/rhode-island/Ocean State Archery (Pawtucket).png""]","USA Archery affiliated club. Programs: Junior Olympic Archery Development (JOAD), Adult Archery Program",Pawtucket,Rhode Island
61e80f35-f4b8-4e82-910a-b80b433c5c5d,Oceana Archers,oceana-archers-mi,volunteer_club,active,False,117 S. State St,49420,43.7014373,-86.3639307,+12318614078,,,,,,False,False,False,False,,,False,False,,,false,false,"[""state-range-photos/michigan/Oceana Archers (Hart).jpg""]","Archery range located in Hart, MI.",Hart,Michigan
ddc9cfd1-2bf5-4664-b314-926486e0eae0,Odd Vane Out Archery,odd-vane-out-archery-ok,commercial,active,False,12691 S 4230 Rd,74016,,,,,,,,,False,False,False,False,,,False,False,,,false,false,"[""state-range-photos/oklahoma/Odd Vane Out Archery (Chelsea).jpg""]","Archery range located in Chelsea, OK.",Chelsea,Oklahoma
182396ee-7e45-4f22-bd16-e466122730ad,Odin's Archers,odin-s-archers-me,hybrid,active,False,297 Collins Mills Road,04345,,,,jamessavage@maine.rr.com,,,,,False,False,False,False,,,False,False,,,false,false,"[""state-range-photos/maine/Odins Archers (West Gardiner).jpg""]",USA Archery affiliated club. Programs: Junior Olympic Archery Development (JOAD),West Gardiner,Maine
68afc88f-ed5e-4aa0-84e7-d1b7fc8654b7,OE Archers,oe-archers-oh,volunteer_club,active,False,480 Ginghamsburg Rd.,45371,,,(937) 667-3315,archery@oeoutfitters.com,http://oeoutfitters.com,Mon & Thu 11am-8pm; Tue/Wed/Fri 11am-6pm; Sat 9am-5pm; Sun Closed,,27,True,False,False,False,,,False,False,,,false,false,"[""state-range-photos/ohio/OE Archers (Tipp City).jpeg""]","Archery range located in Tipp City, OH.",Tipp City,Ohio
867dd4d0-94a3-4cc9-a51c-bc3152b05751,Ogeechee Bowmen Archery Club,ogeechee-bowmen-archery-club-ga,hybrid,active,False,195 Scott Stell park,31419,,,+19126674534,regislesueur@yahoo.com,,,,,False,False,False,False,,,False,False,,,false,false,"[""state-range-photos/georgia/Ogeechee Bowmen Archery Club (Savannah).jpg""]","USA Archery affiliated club. Programs: Junior Olympic Archery Development (JOAD), Adult Archery Program",Savannah,Georgia
fd028f26-d90b-4d17-8773-b90b2283b9a9,Ogemaw Hills Sportsmen Association,ogemaw-hills-sportsmen-association-mi,volunteer_club,active,False,"2025 M-55, Rifle Creek Archery Park",48661,44.2769541,-84.2068886,,,https://ogemawhillssportsmen.com/,,,,False,False,False,False,,,False,False,,,false,false,"[""https://www.visitwestbranch.com/wp-content/uploads/2023/01/attractions-archery.jpg""]","Archery range located in West Branch, MI.",West Branch,Michigan
a1a50d6e-dbc2-4146-b847-362285197881,Ohio Archery Learning Center,ohio-archery-learning-center-oh,commercial,active,False,8051 Mayfield Road,44026,41.5219838,-81.354633,440-829-8730,info@ohioarcherycenter.com,https://ohioarcherycenter.com/,Mon-Fri 1pm-8pm; Sat 9am-6pm; Sun By Appointment,,8,False,False,False,False,,$15/hour,False,True,,,false,false,"[""https://images.unsplash.com/photo-1574607774561-e645c79a2478?w=800&h=400&fit=crop""]","Archery range located in Chesterland, OH.",Chesterland,Ohio
0cabfd3c-b6bf-46ee-9cc4-e99f780ddfac,Ohio County Archery Club,ohio-county-archery-club-ky,volunteer_club,active,False,Back Gate Dr,42347,,,,jordansautorepair18@yahoo.com,https://ohiocountyarchery.com/,,,,False,False,False,False,,,False,False,,,false,false,"[""http://ocsc-archery.org/images/indoor/indoor_10.jpg""]",ASA-affiliated 3D archery club. Contact: Chris  Jordan.,Hartford,Kentucky
509ef5a2-16f9-4cd0-9158-719c76205c0d,Ohio Premier Archery and Sports,ohio-premier-archery-and-sports-oh,commercial,active,False,14980 S State Ave,44062,,,+14406328007,info@ohiopremierarchery.com,https://ohiopremierarchery.com/,Tue-Thu 12pm-6pm; Fri 12pm-5pm; Sat 9am-3pm; Sun-Mon Closed,,,False,True,False,False,,,False,False,,,false,false,"[""https://images.unsplash.com/photo-1574607774561-e645c79a2478?w=800&h=400&fit=crop""]","Archery range located in Middlefield, OH.",Middlefield,Ohio
c4e48428-6879-4543-917a-7b92b26552a0,Ohlone Archery,ohlone-archery-ca,commercial,active,False,2301 VERNA COURT,94577,37.7073731,-122.1729426,,alii.archery@gmail.com,https://ohlonearchery.com,,,,False,False,False,False,,,False,False,,,false,false,"[""state-range-photos/california/Ohlone Archery (San Leandro).jpg""]","Archery range located in SAN LEANDRO, CA.",San Leandro,California
184645bd-603d-4e67-9566-bc945c3567b8,Ojibwa Bowhunters of Milwaukee Inc,ojibwa-bowhunters-of-milwaukee-inc-wi,volunteer_club,active,False,3045 South Johnson Rd,53146,42.9894154,-88.171938,,ojibwabowclubmedia@gmail.com,https://ojibwabowhunters.clubexpress.com/,,,,False,True,True,True,,,False,False,,,false,false,"[""https://images.unsplash.com/photo-1574607774561-e645c79a2478?w=800&h=400&fit=crop""]","Archery range located in New Berlin, WI.",New Berlin,Wisconsin
682052b1-a1c1-48a8-8773-d0754894fa7f,Ojibway Archers,ojibway-archers-mi,volunteer_club,active,False,Camp Gibbs,49935,46.2031359,-88.6698072,+19062653429,,,,,,False,False,False,False,,,False,False,,,false,false,"[""state-range-photos/michigan/Ojibway Archers (IRON RIVER).jpg""]","Archery range located in IRON RIVER, MI.",IRON RIVER,Michigan
47d477d4-25a7-488f-ae60-10b1c02919f2,Okie-Land Bowhunters Pro-Shop & Indoor Range LLC.,okie-land-bowhunters-pro-shop-indoor-range-llc-ok,commercial,active,False,325 Opportunity Drive,73071,35.2407401,-97.4056928,405-928-9934,okielandbowhunters@gmail.com,https://okielandbowhunters.com/,"Mon-Fri: 11am-7pm, Sat: 9am-1pm, Sun: Closed",,16,True,False,False,False,,,False,True,,,false,false,"[""state-range-photos/oklahoma/Okie-Land Bowhunters Pro-Shop  Indoor Range LLC (Norman).jpg""]","Archery range located in Norman, OK.",Norman,Oklahoma
94f5703b-468a-4b9e-8e41-2090230d82f7,Oklahoma City Gun Club,oklahoma-city-gun-club-ok,volunteer_club,active,False,"Sorghum Mill Rd, 1/2 between ANderson and Hiawassee",73007,,,+14053707203,archery@okcgunclub.org,https://www.okcgunclub.org/,,,,False,True,False,True,,,False,False,,,false,false,"[""state-range-photos/oklahoma/Oklahoma City Gun Club (Arcadia).jpg""]",ASA-affiliated 3D archery club. Contact: Rob York.,Arcadia,Oklahoma
61e400eb-df29-4d50-a16c-6b0f5a2a170e,Oklahoma Redhawk Archery Team,oklahoma-redhawk-archery-team-ok,hybrid,active,False,2207 Barclay Rd,73120,,,+14056374129,redhawkarcheryteam@gmail.com,,,,,False,False,False,False,,,False,False,,,false,false,"[""state-range-photos/oklahoma/Oklahoma Redhawk Archery Team (Oklahoma City).jpg""]","USA Archery affiliated club. Programs: Junior Olympic Archery Development (JOAD), Adult Archery Program",Oklahoma City,Oklahoma
a139184d-0736-47c2-bc69-0ef0e5584fe2,Oklahoma Shooting Academy,oklahoma-shooting-academy-ok,volunteer_club,active,False,2931 Red Cedar Rd,73401,,,+15802205939,support@bowshack.com,,,,,False,False,False,False,,,False,False,,,false,false,"[""state-range-photos/oklahoma/Oklahoma Shooting Academy (Ardmore).jpg""]",ASA-affiliated 3D archery club. Contact: Ryan Thomason.,Ardmore,Oklahoma
ee51c78b-5ff2-4c08-b410-c18a92175d0e,Oklahoma Storm JOAD,oklahoma-storm-joad-ok,hybrid,active,False,"H & H Shooting Sports, 400 Vermont Ave - Indoor, Trosper Archery Park - Outdoor",73108,,,,Registration@OklahomaStormJoad.com,http://oklahomastormjoad.com/,,,,False,False,False,False,,,False,False,,,false,false,"[""http://www.goodwinarchery.com/wp-content/gallery/2017-state-usa-archery-joad-indoor/aIMG_2585.JPG""]","USA Archery affiliated club. Programs: Junior Olympic Archery Development (JOAD), Adult Archery Program",Oklahoma City,Oklahoma
5c4126d1-1317-4eaf-bc37-af1c6829015a,OLD 45 Archery,old-45-archery-wi,commercial,active,False,"107 W. Coleman Street Rice Lake, WI 54868",,,,,,https://www.old45archery.com,,,,False,False,False,False,,,False,False,,,false,false,"[""state-range-photos/wisconsin/OLD 45 Archery (unknown).jpg""]",,,Wisconsin
74e9fd66-3186-4971-bbdd-397ef6223028,Old Hickory Archery Range,old-hickory-archery-range-tn,public,active,False,Power Plant Rd,,,,+16158224846,,,,,,False,False,False,False,,,False,False,,,false,false,"[""state-range-photos/tennessee/Old Hickory Archery Range (Hendersonville).jpg""]","Archery range located in Hendersonville, TN.",Hendersonville,Tennessee
396e93e8-c930-4568-a4c7-d06badccb759,Old Hickory Lake Bowmen Club,old-hickory-lake-bowmen-club-tn,club,active,False,480 Shute Ln,,,,+16153531133,ohlbcarchers@gmail.com,,,,,False,False,False,False,,,False,False,,,false,false,"[""state-range-photos/tennessee/Old Hickory Lake Bowmen Club (Hendersonville).jpg""]","Archery range located in Hendersonville, TN.",Hendersonville,Tennessee
5877b02a-67a0-4d8b-afe0-5dafbb86ffac,Oliver County Archers,oliver-county-archers-nd,club,active,False,PO Box 1174,58530,,,,,,,,,False,False,False,False,,,False,False,,,false,false,"[""state-range-photos/north-dakota/Oliver County Archers (Center).jpg""]","Archery range located in Center, ND.",Center,North Dakota
bcb0f73d-ccf3-46b5-aeda-7a83330de892,Ollie Liner Center,ollie-liner-center-tx,club,active,False,2000 S. Columbia,79072,,,(806) 293-2183,ollielinercenter@hotmail.com,https://www.halecounty.org/county_offices/ollie_liner_center.php,,,,False,False,False,False,,,False,False,,,false,false,"[""https://images.unsplash.com/photo-1574607774561-e645c79a2478?w=800&h=400&fit=crop""]","Archery range located in Plainview, TX.",Plainview,Texas
ce3e06a3-c27f-48b9-9710-4190ca148b40,Omro Bowhunters,omro-bowhunters-wi,volunteer_club,active,False,1230 E Main St,54963,44.0400368,-88.7276332,920-685-6869,obhclub@gmail.com,https://www.obhclub.org/,,,,False,True,False,True,,,False,False,,,false,false,"[""https://images.unsplash.com/photo-1574607774561-e645c79a2478?w=800&h=400&fit=crop""]","Archery range located in Omro, WI.",Omro,Wisconsin
a3beaacb-35b4-4da3-bb9b-4c4a933c2a30,On Site Archery,on-site-archery-ma,hybrid,active,False,79 Bicknell Road,01821,,,(339) 234-1297,bob@onsitearchery.com,http://www.onsitearchery.com,,,,False,False,False,False,,,False,True,,,false,false,"[""state-range-photos/massachusetts/On Site Archery (Billerica).png""]","USA Archery affiliated club. Programs: Junior Olympic Archery Development (JOAD), Adult Archery Program",Billerica,Massachusetts
53eb3296-d207-478b-84f5-7d3e20dcf017,On Target Outfitters - Canfield,on-target-outfitters-canfield-oh,volunteer_club,active,False,7209 W. Calla Rd,44406,40.971465,-80.7875079,(330) 423-5101 ext 1,katrina@ontargetoutfitters.org,https://ontargetoutfitters.org/canfield,,,,False,False,False,False,,,True,True,,,false,false,"[""https://images.squarespace-cdn.com/content/v1/62bca8404aee995eaf1d2b62/ecc2ceee-64bd-4797-b9eb-198b6f958973/IMG_5603.jpg""]","Archery range located in Canfield, OH.",Canfield,Ohio
71636d17-f2b3-4c34-95fa-cd952404ee19,On Target Outfitters - Findlay,on-target-outfitters-findlay-oh,volunteer_club,active,False,3246 SR 224,45858,41.0514019,-83.819097,(330) 423-5101 ext 3,Steve@OnTargetOutfitters.org,https://ontargetoutfitters.org/findlay,,,,False,False,False,False,,,False,True,,,false,false,"[""https://images.unsplash.com/photo-1574607774561-e645c79a2478?w=800&h=400&fit=crop""]","Archery range located in McComb, OH.",McComb,Ohio
3e3793e0-96a6-4e07-9807-0d9eb3edc187,On the Mark Archery,on-the-mark-archery-ma,club,active,False,"115 Kinnaird Street, Cambridge, MA 02139",,,,(617) 943-2532,hello@onthemarkarchery.com,https://onthemarkarchery.com/,,,,False,False,False,False,,,True,True,,,false,false,"[""state-range-photos/massachusetts/On the Mark Archery (Cambridge).jpg""]","Archery range located in Cambridge, MA.",Cambridge,Massachusetts
4e2ee327-693f-4fcc-8b2e-bfefd88d0f53,On-Point Archery,on-point-archery-ct,hybrid,active,False,170 Main Street,06851,41.1259997,-73.4195072,(203) 750-0887,onpointarcheryct@gmail.com,https://onpointarcheryct.com/,"Tues-Sat 10am-7pm, Sun 1-5pm, Mon closed",,,True,False,False,False,,,True,True,,,false,false,"[""state-range-photos/connecticut/On-Point Archery (Norwalk).png""]","USA Archery affiliated club. Programs: Junior Olympic Archery Development (JOAD), Adult Archery Program",Norwalk,Connecticut
10792eca-b705-4e74-ae47-27bf2a6f0f9d,Ontelaunee Archers JOAD Team,ontelaunee-archers-joad-team-pa,hybrid,active,False,"8100 Gun Club Rd, P.O. Box 111, New Tripoli, Pennsylvania 18066",18066,,,,joad@ontelaunee.org,https://ontelaunee.org,,,,False,True,True,False,,,False,False,,,false,false,"[""https://ontelaunee.org/wp-content/uploads/2024/01/20240107_124800-1200x900.jpg""]",USA Archery affiliated club. Programs: Junior Olympic Archery Development (JOAD),New Tripoli,Pennsylvania
90cb93e6-2732-4902-a0a6-eaf88399682d,Oranco Bowmen Archery Club,oranco-bowmen-archery-club-ca,volunteer_club,active,False,17504 Pomona Rincon Rd.,91708,,,(909) 597-7582,orancobowmen@orancobowmen.org,https://orancobowmen.org,,,,False,False,True,False,,,False,True,,,false,false,"[""https://archerylessons.info/ranges/wp-content/uploads/2024/09/Oranco-Bowmen-Archery-Range3.jpg""]","Archery range located in Chino, CA.",Chino,California
88add2e9-adc7-4be2-89f9-2465896bea59,Orange County Archery,orange-county-archery-ca,commercial,active,False,25782 Obrero Dr.,92691,,,+19499166855,info@mvocarchery.com,https://www.orangecountyarchery.com/,,,,True,False,False,False,,,False,True,,,false,false,"[""https://s3-media0.fl.yelpcdn.com/bphoto/TG3-2EOoVQphKX6sxsKW4w/348s.jpg""]","Archery range located in Mission Viejo, CA.",Mission Viejo,California
298b8137-2ef2-4c43-b5d8-5bdd37912ab9,Orange County Archery Fountain Valley,orange-county-archery-fountain-valley-ca,commercial,active,False,18792 Brookhurst,92708,,,+17149736600,info@ocarchery.com,,,,,False,False,False,False,,,False,False,,,false,false,"[""https://images.unsplash.com/photo-1574607774561-e645c79a2478?w=800&h=400&fit=crop""]","Archery range located in Fountain Valley, CA.",Fountain Valley,California
65b5d90b-7db4-4951-94fe-5ea5d36c6d60,Oregon Sportsman's Club,oregon-sportsman-s-club-wi,club,active,False,1726 Sand Hill Road,,,,,OregonSportsmansClub@gmail.com,http://www.oregonsportsmans.com,,,,False,True,False,True,$125 single / $150 family annual,,False,True,,,false,false,"[""state-range-photos/wisconsin/Oregon Sportsmans Club (Oregon).jpg""]","Archery range located in Oregon, WI.",Oregon,Wisconsin
63f7a5e7-6fcc-4690-ba9c-2e6e42430c20,Organ Mountain Bowman,organ-mountain-bowman-nm,volunteer_club,active,False,12712 State Park Road,88054,,,+15753735304,buffeyautry@gmail.com,,,,,False,False,False,False,,,False,False,,,false,false,"[""state-range-photos/new-mexico/Organ Mountain Bowman (Radium Springs).jpg""]",ASA-affiliated 3D archery club. Contact: Buffey Autry.,Radium Springs,New Mexico
fd415be1-7e31-4aa2-9af0-db48a481e080,Oriole Archers,oriole-archers-md,hybrid,active,False,1107 Greenway Road,21030,,,,tedlight8@gmail.com,,,,,False,False,False,False,,,False,False,,,false,false,"[""state-range-photos/maryland/Oriole Archers (Cockeysville).jpg""]",USA Archery affiliated club. Programs: Adult Archery Program,Cockeysville,Maryland
4d6bc3ff-1f02-4ae9-9245-658d9a973ef0,Orion Archery,orion-archery-ne,volunteer_club,active,False,1526 Washington St Suite A,68008,,,+14026609508,darbster550@gmail.com,,,,,False,False,False,False,,,False,False,,,false,false,"[""state-range-photos/nebraska/Orion Archery (Blair).jpg""]",ASA-affiliated 3D archery club. Contact: Darby Anderson.,Blair,Nebraska
44e73ed0-ab82-4851-bc97-78f45db31149,Orion Archery Inc,orion-archery-inc-wa,commercial,active,False,,,,,,,,,,,False,False,False,False,,,False,False,,,false,false,"[""https://archerylessons.info/ranges/wp-content/uploads/2024/09/Orion-Indoor-Archery-Range4.jpg""]","Archery range located in Auburn, WA.",Auburn,Washington
6d17ce94-9b7e-4ead-995d-6f47d5577dcb,Orlando Archery Academy,orlando-archery-academy-fl,hybrid,active,False,5043 Edgewater Dr,32810,,,(407) 422-6649,info@orlandoarcheryacademy.com,http://www.orlandoarcheryacademy.com,"Mon-Fri 10am-7pm, Sat 9am-3pm, Sun closed",,,True,False,False,False,,$25/hour per lane,False,True,,,false,false,"[""https://s3-media0.fl.yelpcdn.com/bphoto/mfeUXzw9OpJaAaiIYuQeMg/l.jpg""]","USA Archery affiliated club. Programs: Junior Olympic Archery Development (JOAD), Adult Archery Program, 3D Archery, Field Archery",Orlaando,Florida
6ef82f36-2bc8-4588-9228-4e8b32c54b9d,Oro Valley Archery Range,oro-valley-archery-range-az,public,active,False,660 W Naranja Dr,85737,,,+15202295050,,https://www.orovalleyaz.gov/Government/Departments/Parks-and-Recreation/Facilities/Archery-Range,,,,False,False,False,False,,,False,False,,,false,false,"[""https://s3-media0.fl.yelpcdn.com/bphoto/7K6KTd44AJ_0So33xicDRw/o.jpg""]","Archery range located in Oro Valley, AZ.",Oro Valley,Arizona
9ca9f1db-5a5c-4095-be6d-19a420a49347,Osceola Rod and Gun Club,osceola-rod-and-gun-club-wi,club,active,False,PO Box 35,54020,,,,osceolarodandgun@gmail.com,http://www.osceolarodandgunclub.org,,,,False,False,False,True,,,False,False,,,false,false,"[""state-range-photos/wisconsin/Osceola Rod and Gun Club (Osceola).jpg""]","Archery range located in Osceola, WI.",Osceola,Wisconsin
61149855-93f3-48bd-a5fc-c915bc141ba3,"OTOW Archery Club, Inc.",otow-archery-club-inc-fl,volunteer_club,active,False,9750 SW 98th Street,34481,29.080704,-82.2689379,,info@otowarcheryclub.org,https://www.otowarcheryclub.org,,,,False,False,False,False,,,False,True,,,false,false,"[""https://ontopoftheworldnews.com/redesign-2025/wp-content/uploads/2025/05/Club-Photo.jpg""]","Archery range located in Ocala, FL.",Ocala,Florida
3442bc5a-8a9c-457c-93e2-110290aac7bf,Outdoorsman Sport Shop,outdoorsman-sport-shop-il,commercial,active,False,221 Sheridan Rd,60096,,,,,,,,,False,False,False,False,,,False,False,,,false,false,"[""https://static.wixstatic.com/media/c5538e_0ca419a45d7c4cf3ab0a1911ce92c3d1~mv2.jpg/v1/fill/w_480,h_317,al_c,q_80,usm_0.66_1.00_0.01,enc_avif,quality_auto/c5538e_0ca419a45d7c4cf3ab0a1911ce92c3d1~mv2.jpg""]","Archery range located in Winthrop Harbor, IL.",Winthrop Harbor,Illinois
9ada0904-45ea-4382-a8e2-226b1b3eb2c1,Outlaw Archers,outlaw-archers-ca,volunteer_club,active,False,P.O. Box 1015,95667,,,,theoutlawarchers@gmail.com,https://theoutlawarchers.com,,,,False,False,False,False,,,False,False,,,false,false,"[""https://outlaw-archery.com/wp-content/uploads/2023/09/DSC05140-768x1151.jpeg""]","Archery range located in Placerville, CA.",Placerville,California
30b5d46d-6bcf-4836-8b52-f60c748aa128,Outpost Archers                                     Tap Archery,outpost-archers-tap-archery-co,commercial,active,False,,81242,,,,,,,,,False,False,False,False,,,False,False,,,false,false,"[""state-range-photos/colorado/Outpost Archers                                     Tap Archery (Poncha Springs).jpg""]",IBO pro shop (IBO directory).,Poncha Springs,Colorado
bdd7cbda-6dd3-4354-b015-67cd02756e22,Owensboro Archery Club,owensboro-archery-club-ky,volunteer_club,active,False,2400 Calhoun Rd,42301,,,+12703149462,chriscurtis123@att.net,,,,,False,False,False,False,,,False,False,,,false,false,"[""https://cdn.owensborotimes.com/wp-content/uploads/2019/04/2019-04-14-ARCH-OAC.jpg""]",ASA-affiliated 3D archery club. Contact: Chris Curtis.,Owensboro,Kentucky
f8d121f5-58da-42fd-a9da-7b236a80a5d3,Ozarks Target Archers,ozarks-target-archers-mo,hybrid,active,False,5780 South Farm Road 141,65810,37.1099841,-93.3229563,417-874-2910,afrancka@springfieldmo.gov,https://www.parkboard.org/archery,"Monday - Friday, 1 - 7 p.m.",,,False,True,True,False,,,True,True,,,false,false,"[""https://images.unsplash.com/photo-1574607774561-e645c79a2478?w=800&h=400&fit=crop""]","USA Archery affiliated club. Programs: Junior Olympic Archery Development (JOAD), Adult Archery Program, 3D Archery, Field Archery",Springfield,Missouri
cc9cb84f-2f84-4a1c-8a1e-1f165074821a,Pachaug Outdoor Club,pachaug-outdoor-club-ct,commercial,active,False,,06351,,,,,,,,,False,False,False,False,,,False,False,,,false,false,"[""state-range-photos/connecticut/Pachaug Outdoor Club (Griswald).jpg""]",IBO pro shop (IBO directory).,Griswald,Connecticut
fb108ae1-a3d8-455a-8d0d-f1ef22bbd1ba,Pacifica Archery,pacifica-archery-ca,commercial,active,False,"2995 Junipero Serra Blvd, Daly City, CA 94014",94014,37.686899,-122.4699808,(650) 756-4868,info@pacificaarchery.com,https://pacificaarchery.com,"Tue-Fri 11am-8pm, Sat 10am-7pm",,,True,False,False,False,,,True,True,,,false,false,"[""https://s3-media0.fl.yelpcdn.com/bphoto/VK1WiYQNZcyCPOgIRIid1w/348s.jpg""]","Archery range located in DALY CITY, CA.",DALY CITY,California
cba96109-f8b2-4399-b816-6e3bcc7c07d4,Palmetto Archery Club,palmetto-archery-club-sc,volunteer_club,active,False,1212 Ranger Dr,29436,,,+18435091080,mcmcknight@yahoo.com,,,,,False,False,False,False,,,False,False,,,false,false,"[""state-range-photos/south-carolina/Palmetto Archery Club (Cross).jpg""]",ASA-affiliated 3D archery club. Contact: Michael McKnight.,Cross,South Carolina
4240d0af-16de-4edc-9231-6dd465bb06ff,Palmyra Sportsmens,palmyra-sportsmens-pa,volunteer_club,active,False,"410 Sportsman Rd., Annville, PA 17003",17003,,,717-832-0488,office@palmyrasportsmens.com,http://www.palmyrasportsmens.com,,,,False,True,False,False,,,False,False,,,false,false,"[""state-range-photos/pennsylvania/Palmyra Sportsmens (Annville).jpg""]",ASA-affiliated 3D archery club. Contact: Andy Dumbauld.,Annville,Pennsylvania
3b389db9-d07e-47e2-ae93-2b60ab785ab6,Palo Duro Bowhunters Club,palo-duro-bowhunters-club-tx,volunteer_club,active,False,781 E Willow Creek Dr,79108,,,+18062829540,jdzaharia@hotmail.com,,,,,False,False,False,False,,,False,False,,,false,false,"[""state-range-photos/texas/Palo Duro Bowhunters Club (Amarillo).jpg""]",ASA-affiliated 3D archery club. Contact: Jackson Zaharia.,Amarillo,Texas
8c74b8c8-c850-46e8-90d9-c45d7448c524,Palomo Archery,palomo-archery-ca,commercial,active,False,4022 Transport St,94303,37.4255175,-122.1004745,,info@palomoarchery.com,https://palomoarchery.com,Mon-Sat 3pm-9pm,,,False,False,False,False,,,False,True,,,false,false,"[""state-range-photos/california/Palomo Archery (Palo Alto).jpg""]","Archery range located in Palo Alto, CA.",Palo Alto,California
c908d5de-3c29-4763-9dfe-b17ab439d9e2,Panhandle Bowhunters and Archery Association,panhandle-bowhunters-and-archery-association-fl,volunteer_club,active,False,7201 Sparshott Drive,32526,,,,tjn1125@gmail.com,,,,,False,False,False,False,,,False,False,,,false,false,"[""http://www.northescambia.com/wp-content/uploads/2014/12/archerypark11.jpg""]",ASA-affiliated 3D archery club. Contact: Tyler Newton.,Pensacola,Florida
c381887d-674b-4ce7-bf96-6e37d815119e,Panola Archery Club,panola-archery-club-tx,club,active,False,Carthage Civic Center 1702 S. Adams St.,75633,,,+19036936634,panolaarcheryclub75633@gmail.com,,,,,False,False,False,False,,,False,False,,,false,false,"[""state-range-photos/texas/Panola Archery Club (Carthage).jpg""]","Archery range located in Carthage, TX.",Carthage,Texas
4967f462-f16c-4a9c-abe4-10c009c2b00f,Panola Mountain Archery Range,panola-mountain-archery-range-ga,public,active,False,4695 Flat Bridge Road SW,,,,770-389-7801,,https://georgiawildlife.com/panola-mountain-archery-range,Daily: Sunrise-Sunset,,12,False,True,False,False,,$10,False,False,,,false,false,"[""state-range-photos/georgia/Panola Mountain Archery Range (Stockbridge).jpg""]","Archery range located in Stockbridge, GA.",Stockbridge,Georgia
4074df1c-7fd4-40c5-ba18-7b709a274f5a,Panther Creek Bowhunters Archery Club,panther-creek-bowhunters-archery-club-il,volunteer_club,active,False,"1 Gilreath Rd, Chatham, IL 62629",62629,,,,jackdadog1@att.net,https://www.panthercreekbowhuntersclub.com,,,,False,True,False,False,,"Adults $12, Youth $8, Family $30",False,False,,,false,false,"[""https://images.squarespace-cdn.com/content/v1/65c179d01194526e9cea326d/ca64e921-7522-4812-86a7-7705948058d9/IMG_1746.png?format=750w""]",ASA-affiliated 3D archery club. Contact: Steve Brown.,Chatham,Illinois
02945d29-3f9d-4e44-966b-53526a89ad4a,Papago Archery Association,papago-archery-association-az,hybrid,active,False,6201 E Oak St,85008,,,,info@papagoarchery.com,http://www.papagoarchery.com,,,,False,False,False,True,"$100/year individual, $250/year family",,False,True,,,false,false,"[""https://images.unsplash.com/photo-1574607774561-e645c79a2478?w=800&h=400&fit=crop""]","USA Archery affiliated club. Programs: Junior Olympic Archery Development (JOAD), Adult Archery Program",Phoenix,Arizona
ccf3d336-8953-4c73-a162-c07e04ec0e84,Paradise Bowhunters,paradise-bowhunters-ca,volunteer_club,active,False,Merchants Bar Rd,,,,(530) 720-7139,paradisebowhunters@yahoo.com,https://paradisebowhunters.org,,,,False,False,False,False,,,False,False,,,false,false,"[""state-range-photos/california/Paradise Bowhunters (Magalia).jpg""]","Archery range located in Magalia, CA.",Magalia,California
78aadd34-cf1e-477b-8d6d-4b28b2b4aa45,Parish Park Bowmen,parish-park-bowmen-la,volunteer_club,active,False,211 Parish Park Rd,71270,,,,gscriber70@gmail.com,,,,,False,False,False,False,,,False,False,,,false,false,"[""state-range-photos/louisiana/Parish Park Bowmen (Ruston).jpg""]",ASA-affiliated 3D archery club. Contact: Glenn Scriber.,Ruston,Louisiana
6a9b0a53-01aa-4032-bfac-c778bbdb4ae5,Park County Rod & Gun Club,park-county-rod-gun-club-mt,club,active,False,154 Meigs Rd,59047,,,,PCRandGC@gmail.com,https://www.parkcountyrodandgun.com/,,,,False,False,False,True,$52,,False,False,,,false,false,"[""state-range-photos/montana/Park County Rod  Gun Club (Livingston).jpeg""]","Archery range located in Livingston, MT.",Livingston,Montana
931d31f0-26cd-40c4-b8c7-6a56c397b922,Parker's Archery,parker-s-archery-in,commercial,active,False,2614 E. STATE RD 46,47460,39.2818009,-86.7187268,,,,,,,False,False,False,False,,,False,False,,,false,false,"[""state-range-photos/indiana/Parkers Archery (SPENCER).jpg""]","Archery range located in SPENCER, IN.",SPENCER,Indiana
989ea25a-40cb-402f-b5e0-0bdca385b53c,Parma Armory Shooting Center,parma-armory-shooting-center-oh,commercial,active,False,"5301 Hauserman Road, Cleveland, OH 44130",,,,+12162426717,,,,,,False,False,False,False,,,False,False,,,false,false,"[""state-range-photos/ohio/Parma Armory Shooting Center (Cleveland).jpg""]","Archery range located in Cleveland, OH.",Cleveland,Ohio
8538736b-a58f-4abc-9e35-018fa3cb4667,Parma Woods Shooting Range,parma-woods-shooting-range-mo,public,active,False,15900 NW River Rd,,,,,,https://mdc.mo.gov/discover-nature/places/parma-woods-shooting-range-outdoor-education-center,,,,False,False,False,False,,,False,False,,,false,false,"[""https://s3-media0.fl.yelpcdn.com/bphoto/-apKjU8QsZq84g-_Jew8Gw/l.jpg""]","Archery range located in Parkville, MO.",Parkville,Missouri
df0e7066-a8d7-4cb9-b53f-f914f27b23b3,Partridge Creek Archers,partridge-creek-archers-il,volunteer_club,active,False,704 North Fork Road,61548,,,,baior1@comcast.net,,,,,False,False,False,False,,,False,False,,,false,false,"[""state-range-photos/illinois/Partridge Creek Archers (Metamora).jpg""]",ASA-affiliated 3D archery club. Contact: Albert Baior.,Metamora,Illinois
611c5538-eab9-4be0-aa9e-48765b5e9d1d,Pasadena Roving Archers,pasadena-roving-archers-ca,hybrid,active,False,Po Box 683,91102,,,,board@rovingarchers.com,http://www.rovingarchers.com,,,,False,False,True,False,,,False,True,,,false,false,"[""https://www.pasadenastarnews.com/wp-content/uploads/2018/09/pasadenaarchery-1.jpg?w=620""]","USA Archery affiliated club. Programs: Junior Olympic Archery Development (JOAD), Adult Archery Program",Pasadena,California
75976b4f-6252-4332-a4ca-1b67a4f46bff,Paseo Vista Archery,paseo-vista-archery-az,club,active,False,3850 S McQueen Rd,85286,,,,info@paseovista.org,https://www.paseoarchery.org,,,,False,False,False,False,,,False,True,,,false,false,"[""https://archerylessons.info/ranges/wp-content/uploads/2024/09/Paseo-Vista-Archery6.jpg""]","Archery range located in Chandler, AZ.",Chandler,Arizona
f3374a68-06ee-40aa-a7d0-5d3cb16d2bc1,Passin Time Archery,passin-time-archery-tn,club,active,False,550 Guhse Rd,38583,,,+19318080635,muscleshunt20@gmail.com,,,,,False,False,False,False,,,False,False,,,false,false,"[""state-range-photos/tennessee/Passin Time Archery (Sparta).jpg""]",ASA-affiliated archery club. Status: Expired 2025,Sparta,Tennessee
5d94011b-5e22-4d5e-acbe-261eeeebc7f1,Pat's Archery & Outdoors,pat-s-archery-outdoors-al,commercial,active,False,306 Hwy 78 W,35501,,,+12053877678,info@patsarchery.com,https://www.patsarchery.com,"Mon-Fri 9:00 am-6:00 pm, Sat 9:00 am-2:00 pm, Sun Closed",,,False,False,False,False,,,False,False,,,false,false,"[""https://archerydirectory.com/wp-content/uploads/2025/06/Pats-Archery-Outdoors-Jasper-AL.png""]","Archery range located in Jasper, AL.",Jasper,Alabama
b59cdb05-d34e-4892-bd74-430a6a93f60b,Patoka Lake Bowhunters,patoka-lake-bowhunters-in,volunteer_club,active,False,Patoka Lake,,,,,donrohlman@yahoo.com,,,,,False,False,False,False,,,False,False,,,false,false,"[""state-range-photos/indiana/Patoka Lake Bowhunters (Birdseye).jpg""]",ASA-affiliated 3D archery club. Contact: Don Rohlman.,Birdseye,Indiana
706d19d9-3dda-4b22-a5a7-a7a36aa21493,Patsy T. Mink Central Oahu Regional Park Archery Range,patsy-t-mink-central-oahu-regional-park-archery-range-hi,public,active,False,,,,,808-768-3003,parks@honolulu.gov,,,,,False,False,False,False,,,False,False,,,false,false,"[""state-range-photos/hawaii/Patsy T Mink Central Oahu Regional Park Archery Range (Waipio).jpg""]","Archery range located in Waipio, HI.",Waipio,Hawaii
646138e1-1499-446a-bd18-235ad2da8733,Pawnee Bow Range,pawnee-bow-range-ok,volunteer_club,active,False,14718 E 44 Rd,74058,,,+19186193336,scott.n.jayme1@gmail.com,,,,,False,False,False,False,,,False,False,,,false,false,"[""state-range-photos/oklahoma/Pawnee Bow Range (Pawnee).jpg""]",ASA-affiliated 3D archery club. Contact: Jayme Buchanan.,Pawnee,Oklahoma
609190a8-9710-4632-8a53-07a74840844b,Pearl Creek Archers,pearl-creek-archers-sd,club,active,False,2128 US Hwy 14 E,57350,,,,pearlcreekarchers@gmail.com,,,,,False,False,False,False,,,False,False,,,false,false,"[""state-range-photos/south-dakota/Pearl Creek Archers (Huron).jpg""]","Archery range located in Huron, SD.",Huron,South Dakota
093aa65e-fe2b-44cf-ad01-5390f4c6af4e,Pearl River Archery,pearl-river-archery-ms,volunteer_club,active,False,515 MS-16,39051,,,+16014807249,jarvis@gocltd.com,,,,,False,False,False,False,,,False,False,,,false,false,"[""state-range-photos/mississippi/Pearl River Archery (Carthage).jpg""]",ASA-affiliated 3D archery club. Contact: Jarvis Hamilton.,Carthage,Mississippi
219931bd-df9f-4d3a-bb1c-a514720dd2a1,Pearland Archery Club,pearland-archery-club-tx,volunteer_club,active,False,4102 Veterans Drive,77584,,,,info@pearlandarcheryclub.com,http://www.pearlandarcheryclub.com,,,,False,False,False,False,,,False,False,,,false,false,"[""https://images.unsplash.com/photo-1574607774561-e645c79a2478?w=800&h=400&fit=crop""]","Archery range located in Pearland, TX.",Pearland,Texas
9c11c374-51d0-4af6-92c2-d02ef10bf004,Pekin Archers N.F.P.,pekin-archers-n-f-p-il,volunteer_club,active,False,2501 Edgewater Drive,61554,,,,kerley@hotmail.com,,,,,False,False,False,False,,,False,False,,,false,false,"[""https://images.squarespace-cdn.com/content/v1/5d0a6f3895f37b00018f23c3/e033f6aa-a644-4a6b-9e8a-f7c7a99d5f05/A7305275-3.jpg""]",ASA-affiliated 3D archery club. Contact: Nancy Kerley.,Pekin,Illinois
82c31aa4-b632-4334-9395-037415722680,Penn Del Archers,penn-del-archers-pa,hybrid,active,False,"Penn Del Archers, 1280 Naaman's Creek Road, Bethel Township",19061,,,,penndelarchers@verizon.net,http://www.penndelarchers.com,,,,False,True,True,True,,,False,True,,,false,false,"[""https://images.unsplash.com/photo-1574607774561-e645c79a2478?w=800&h=400&fit=crop""]",USA Archery affiliated club. Programs: Adult Archery Program,Garnet Valley,Pennsylvania
4c3e41ff-7a19-4260-992c-531cd4f07fe2,Pennsylvania State Archery,pennsylvania-state-archery-pa,commercial,active,False,,,,,,,http://ancestortracks.com,,,,False,False,False,False,,,False,False,,,false,false,"[""state-range-photos/pennsylvania/Pennsylvania State Archery (unknown).jpg""]",,,Pennsylvania
8a0759cb-7df0-4ea8-aaff-7bfd2c042022,Pequoig Bowmen Club,pequoig-bowmen-club-ma,club,active,False,1141 Chase Road,,,,+19782496512,,,,,,False,False,False,False,,,False,False,,,false,false,"[""state-range-photos/massachusetts/Pequoig Bowmen Club (Athol).jpg""]","Archery range located in Athol, MA.",Athol,Massachusetts
976d0586-1cf4-47cd-bcf5-615ddc1ef696,Percy Quin Archery,percy-quin-archery-ms,volunteer_club,active,False,2036 Percy Quin Dr,39648,,,+1 601-684-3938,percyquinstatepark@wfp.ms.gov,https://www.mdwfp.com/parks-destinations/park/percy-quin-state-park,"8 AM to 5 PM, Seven Days a Week",,,False,False,False,False,,,False,False,,,false,false,"[""state-range-photos/mississippi/Percy Quin Archery (McComb).jpg""]",ASA-affiliated 3D archery club. Contact: James Whittington.,McComb,Mississippi
c8a96c35-4d8e-4209-b7c9-8d3447b2c74d,Percy Quin Archery Club,percy-quin-archery-club-ms,volunteer_club,active,False,"1044 Camp Beaver Drive, Percy Quin State Park",39648,31.1799469,-90.5383553,,robinhood560@yahoo.com,,,,,False,False,False,False,,,False,False,,,false,false,"[""https://images.unsplash.com/photo-1574607774561-e645c79a2478?w=800&h=400&fit=crop""]","Archery range located in McComb, MS.",McComb,Mississippi
dd68968b-e58b-4457-8fa1-c0f3ab1f296e,Performance Archery,performance-archery-ca,commercial,active,False,"8665 Miralani Dr. Suite 200, San Diego, CA 92126",,,,(858) 653-5945,info@performancearchery.net,https://performancearchery.net/,"Mon-Fri 10:00am-6:00pm, Saturday 10:00am-5:00pm, Sunday Closed",,,True,False,False,False,,,False,True,,,false,false,"[""https://images.unsplash.com/photo-1574607774561-e645c79a2478?w=800&h=400&fit=crop""]","Archery range located in San Diego, CA.",San Diego,California
86799600-b66b-48b7-82e8-4392ae0a5125,Permian Basin Archers Association,permian-basin-archers-association-tx,hybrid,active,False,Loop 338 and 8th St,79762,,,,permianbasinarchersassociation@yahoo.com,https://permianbasinarchers.com,,,,False,False,False,False,,,False,False,,,false,false,"[""https://images.squarespace-cdn.com/content/v1/653c785a0cc46b1b96b4cf92/711505df-91fa-448f-97c2-e9ba26fbc513/DSC_0280.jpg""]","USA Archery affiliated club. Programs: Junior Olympic Archery Development (JOAD), Adult Archery Program",Odessa,Texas
a20b74f2-1c18-49f8-9b5c-2481e9959a2c,Perry's Archery Center,perry-s-archery-center-in,commercial,active,False,102 N SMITH ST,47348,40.4514465,-85.3818537,+17653486165,perrysarcherycenter@gmail.com,http://perrysarcherycenter.com,,,,False,False,False,False,,,False,False,,,false,false,"[""state-range-photos/indiana/Perrys Archery Center (HARTFORD CITY).jpg""]","Archery range located in HARTFORD CITY, IN.",HARTFORD CITY,Indiana
dd1f2260-6c87-4cd0-9794-6fb186d8dd9d,Philadelphia Archery & Gun Club,philadelphia-archery-gun-club-pa,club,active,False,,,,,,,,,,,False,False,False,False,,,False,False,,,false,false,"[""https://static.wixstatic.com/media/51d319_a4de33122370494eb5f52bd7c4b3bfea~mv2.jpg/v1/fill/w_980,h_980,al_c,q_85,usm_0.66_1.00_0.01,enc_auto/51d319_a4de33122370494eb5f52bd7c4b3bfea~mv2.jpg""]","Archery range located in Philadelphia, PA.",Philadelphia,Pennsylvania
46ad9a01-dc1b-46e2-8dec-bcf7db152b51,Philly Archery,philly-archery-pa,hybrid,active,False,"446 N 12 St., Philadelphia, PA 19125",19138,,,(267) 320-4305,questions@phillyarchery.com,http://www.phillyarchery.com,Wednesday-Friday 1PM-9PM; Saturday 10AM-9PM; Sunday 11AM-9PM,,,False,False,False,False,$75-$150/month,,False,True,,,false,false,"[""state-range-photos/pennsylvania/Philly Archery (Philadelphia).png""]",USA Archery affiliated club. Programs: Adult Archery Program,Philadelphia,Pennsylvania
d29dcd96-afe3-49de-8e5c-902c5634b13c,PHOENIX FOCUS JOAD,phoenix-focus-joad-az,hybrid,active,False,40726 N TRAILHEAD WAY,85086,,,+16232615335,j.coe.adams@cox.net,,,,,False,False,False,False,,,False,False,,,false,false,"[""state-range-photos/arizona/PHOENIX FOCUS JOAD (Anthem).jpg""]","USA Archery affiliated club. Programs: Junior Olympic Archery Development (JOAD), Adult Archery Program",Anthem,Arizona
e40a43f1-eaed-4f4f-983f-1e6e10385c18,Phoenix Rod & Gun Club,phoenix-rod-gun-club-az,club,active,False,915 W Olney Ave,85041,,,602-276-0510,staff@phoenixrodandgun.org,https://phoenixrodandgun.org,Sat-Sun public 7am-noon; members daily 7am-sunset,,,False,False,False,False,,,False,False,,,false,false,"[""state-range-photos/arizona/Phoenix Rod  Gun Club (Phoenix).png""]","Archery range located in Phoenix, AZ.",Phoenix,Arizona
ca65d651-124f-4adf-9131-0a59b0deeb41,"Piedra Bowhunters, Inc",piedra-bowhunters-inc-co,volunteer_club,active,False,Rock Creek Archery Range,81144,,,+13036609336,piedrabowhunters1957@yahoo.com,,,,,False,False,False,False,,,False,False,,,false,false,"[""state-range-photos/colorado/Piedra Bowhunters Inc (Monte Vista).jpg""]",ASA-affiliated 3D archery club. Contact: Stephanie Gallegos.,Monte Vista,Colorado
bd21f974-fa2a-41aa-a4bb-8993ca467457,Pike Outfitters,pike-outfitters-ga,commercial,active,False,6323 US-19,30295,,,+17705675040,,,,,,False,False,False,False,,,False,False,,,false,false,"[""state-range-photos/georgia/Pike Outfitters (Zebulon).jpg""]","Archery range located in Zebulon, GA.",Zebulon,Georgia
6553d6ab-a3a2-4567-9a2c-a580a623bf7d,Pikes Peak Gun Club – Isaak Walton Range,pikes-peak-gun-club-isaak-walton-range-co,club,active,False,450 S Franceville Coal Mine Rd,80929,,,(719) 683-4420,info@pikespeakgunclub.org,https://www.pikespeakgunclub.org/,"Wed 9am-6:30pm, Fri 9am-6:30pm, Sat 9am-5pm, Sun 9am-5pm, Mon/Tue/Thu Closed",,,False,False,False,False,,$15,False,False,,,handicap accessible,false,"[""state-range-photos/colorado/Pikes Peak Gun Club  Isaak Walton Range (Colorado Springs).png""]","Archery range located in Colorado Springs, CO.",Colorado Springs,Colorado
7a2a6c93-a122-4aea-ad8d-ad7fc1e10589,Pinckney Pirate Archers,pinckney-pirate-archers-mi,hybrid,active,False,169 Templar,48169,,,+15178616197,bfarmeroutdoors@gmail.com,,,,,False,False,False,False,,,False,False,,,false,false,"[""state-range-photos/michigan/Pinckney Pirate Archers (Pinckney).jpg""]",USA Archery affiliated club. Programs: Junior Olympic Archery Development (JOAD),Pinckney,Michigan
7290d715-f2ba-49ab-a342-9a09a7df45da,Pine City Sportsmen,pine-city-sportsmen-ny,club,active,False,187 Mountain View Drive,14871,,,,membership@pinecitysportsmensclub.com,https://pinecitysportsmensclub.com/,,,,False,False,False,False,,,False,False,,,false,false,"[""https://images.unsplash.com/photo-1574607774561-e645c79a2478?w=800&h=400&fit=crop""]","Archery range located in Pine City, NY.",Pine City,New York
bc3d3026-c6ac-4f0c-b76e-4ccde2b9c9d6,Pine Hill Archery Club,pine-hill-archery-club-in,volunteer_club,active,False,167 Cartersburg Rd,46122,39.7369757,-86.5060989,317-757-9344,pinehillarchery@gmail.com,https://www.pinehillarcheryclub.com/,,,28,False,True,True,False,,,False,False,,,false,false,"[""https://assets.simpleviewinc.com/simpleview/image/upload/c_fill,h_422,q_75,w_750/v1/clients/hendricks/temp_cb83ce40-8d2a-4cb8-9d4e-0811b6afaa7c.jpg""]","Archery range located in Danville, IN.",Danville,Indiana
be2ed6b1-a2d0-4879-8e0e-1f83943b8aa6,Pine Lake Archers,pine-lake-archers-ia,club,active,False,2002 11th Street,50627,,,,tmkoppes@heartofiowa.net,,,,,False,False,False,False,,,False,False,,,false,false,"[""state-range-photos/iowa/Pine Lake Archers (Eldora).jpg""]","Archery range located in Eldora, IA.",Eldora,Iowa
bdb5e25c-bd59-45c9-8a86-71a435668587,Pine Ridge Archery,pine-ridge-archery-tn,volunteer_club,active,False,855 Hayes Ridge Road,37079,,,1.931.534.9090,info@pineridgefarmtn.com,https://www.pineridgefarmtn.com/,,,,False,False,False,False,,,False,False,,,false,false,"[""state-range-photos/tennessee/Pine Ridge Archery (Indian Mound).jpg""]",ASA-affiliated 3D archery club. Contact: Joey Wright.,Indian Mound,Tennessee
44d0a9e7-94ed-487b-acd5-cb82428d185f,Pineapple Archery,pineapple-archery-az,club,active,False,18015 N 75th Ave,85308,,,(602) 448-9869,pineapple3d@hotmail.com,http://pineapplearchery.com,,,,False,True,False,False,,,False,True,,,false,false,"[""state-range-photos/arizona/Pineapple Archery (Glendale).jpg""]",ASA-affiliated archery club. Status: Expired 2025,Glendale,Arizona
427d5307-27fa-4361-b223-cd2217e2e469,Pineapple JOAD,pineapple-joad-az,hybrid,active,False,18015 N. 75th Avenue,85308,,,+16024489869,pineapple3d@hotmail.com,http://pineapplearchery.com,,,,False,False,False,False,,,False,False,,,false,false,"[""state-range-photos/arizona/Pineapple JOAD (Glendale).jpg""]",USA Archery affiliated club. Programs: Junior Olympic Archery Development (JOAD),Glendale,Arizona
15935e49-5d60-467e-8864-ca7177769dd0,Pinehurst Archery,pinehurst-archery-nc,hybrid,active,False,Chicken Plant Rd,28315,,,(910) 638-2366,pinehurstarchery@gmail.com,https://pinehurstarchery.com/,,,,False,True,False,False,,,True,True,,,false,false,"[""https://images.unsplash.com/photo-1574607774561-e645c79a2478?w=800&h=400&fit=crop""]","USA Archery affiliated club. Programs: Junior Olympic Archery Development (JOAD), Adult Archery Program",Pinehurst,North Carolina
dfa809f7-209a-4e2f-a172-ce454b6d8cfc,Pioneer Sportsmen JOAD,pioneer-sportsmen-joad-nh,hybrid,active,False,"Pioneer Sportsmen Club, 21 Farrington Corner Road",03046,,,,big_mike1@comcast.net,https://www.pioneerjoad.org/,,,,False,False,False,False,,,False,False,,,false,false,"[""state-range-photos/new-hampshire/Pioneer Sportsmen JOAD (Dunbarton).jpg""]","USA Archery affiliated club. Programs: Junior Olympic Archery Development (JOAD), Adult Archery Program",Dunbarton,New Hampshire
2b91f9f7-aa43-4680-a79a-fc9381072f74,Pivot Archery,pivot-archery-ga,hybrid,active,False,3181 Midway Rd,30032-2815,,,,pivotarchery@gmail.com,,,,,False,False,False,False,,,False,False,,,false,false,"[""state-range-photos/georgia/Pivot Archery (Decatur).jpg""]","USA Archery affiliated club. Programs: Junior Olympic Archery Development (JOAD), Adult Archery Program",Decatur,Georgia
81809ca5-ce19-4e64-9e08-7e937a9a7204,Platte Valley Archers Inc,platte-valley-archers-inc-ne,volunteer_club,active,False,1261 26TH AVE,68601,41.4288872,-97.3592147,,pvashoot@gmail.com,https://pvarchers.com/,,,,False,True,False,False,,,False,True,,,false,false,"[""https://images.unsplash.com/photo-1574607774561-e645c79a2478?w=800&h=400&fit=crop""]","Archery range located in COLUMBUS, NE.",COLUMBUS,Nebraska
cb291891-a1f9-44fd-9467-bc8c912b20d3,Plum Creek Archery,plum-creek-archery-ia,commercial,active,False,204 1ST AVE E,52040,42.4848909,-91.1225982,(563) 875-7525,pcastaff@plumcreekarchery.com,https://www.plumcreekarchery.com/,Mon: CLOSED / Tues-Fri: 5:00pm - 9:00pm / Sat: 8:00am - 4:00pm / Sun: 11:00am - 4:00pm,,,True,False,False,False,,,False,True,,,false,false,"[""https://www.dyersville.org/wp-content/uploads/2021/04/72980921_2746998731978223_6908836129798094848_n.jpg""]","Archery range located in DYERSVILLE, IA.",DYERSVILLE,Iowa
b5d45444-0e43-4966-b85f-8b21522cd100,Pocatello Field Archer's,pocatello-field-archer-s-id,volunteer_club,active,False,PO BOX 2201,83206,42.868187,-112.4431033,+12082302236,pocatellofieldarchers0000@gmail.com,https://www.pocatellofieldarchers.com/,,,,False,False,False,False,$50 (annual single membership),,False,False,,,false,false,"[""state-range-photos/idaho/Pocatello Field Archers (POCATELLO).jpg""]","Archery range located in POCATELLO, ID.",POCATELLO,Idaho
3e97dbd5-e657-4b2d-b37d-20dbf5d35225,Podium JOAD,podium-joad-ky,hybrid,active,False,564 Elizabeth Station Rd.,40361,,,+18599834948,podiumjoad@gmail.com,https://www.podiumjoad.com/,,,,False,False,False,False,,,False,False,,,false,false,"[""state-range-photos/kentucky/Podium JOAD (Paris).png""]","USA Archery affiliated club. Programs: Junior Olympic Archery Development (JOAD), Adult Archery Program, 3D Archery",Paris,Kentucky
4bb5b281-9e93-4656-bd6d-2b880e25ac30,Ponca City Bowman Club,ponca-city-bowman-club-ok,volunteer_club,active,False,1029 Brentwood DR,74601,36.7341385,-97.0718825,,,,,,,False,False,False,False,,,False,False,,,false,false,"[""state-range-photos/oklahoma/Ponca City Bowman Club (PONCA CITY).jpg""]","Archery range located in PONCA CITY, OK.",PONCA CITY,Oklahoma
ded5ea2b-f7ad-439f-9cef-acd6cde64c72,Ponderosa Archery Club,ponderosa-archery-club-sd,club,active,False,1022 W Main St,57701,,,,,,,,,False,False,False,False,,,False,False,,,false,false,"[""https://www.visitponderosa.com/wp-content/uploads/2022/07/Archery.jpg""]","Archery range located in Rapid City, SD.",RAPID CITY,South Dakota
4230e153-d3f4-45bd-bcf5-507212c32b30,Possum Hollow Sportsman's Club,possum-hollow-sportsman-s-club-pa,volunteer_club,active,False,352 Possum Hollow Rd,16157,40.8566715,-80.3558162,+17246014796,possumhollowsc@yahoo.com,https://possumhollow4985.wordpress.com,,,,False,False,False,False,,,False,False,,,false,false,"[""state-range-photos/pennsylvania/Possum Hollow Sportsmans Club (Wampum).jpg""]","Archery range located in Wampum, PA.",Wampum,Pennsylvania
63fb89bd-2424-4350-a8e4-8231c56b8d18,Potomac Valley Archery Association Inc,potomac-valley-archery-association-inc-wv,volunteer_club,active,False,104 BURR ST,26836,39.0604457,-78.967026,,123@123.com,,,,,False,False,False,False,,,False,False,,,false,false,"[""state-range-photos/west-virginia/Potomac Valley Archery Association Inc (MOOREFIELD).jpg""]","Archery range located in MOOREFIELD, WV.",MOOREFIELD,West Virginia
855fe110-98f5-49cf-94b2-cda1235b4dcf,Powder Creek Shooting Park,powder-creek-shooting-park-ks,commercial,active,False,"8601 Monticello Rd, Lenexa, KS 66227",,,,,,https://powdercreek.com/,,,,False,False,False,False,,,False,False,,,false,false,"[""state-range-photos/kansas/Powder Creek Shooting Park (Lenexa).jpg""]","Archery range located in Lenexa, KS.",Lenexa,Kansas
26eb9cfa-31af-4893-a4f3-0370639413e2,Poweshiek County Sportsmen's Assoc,poweshiek-county-sportsmen-s-assoc-ia,volunteer_club,active,False,4975 100th St,50171,,,,montepcsa83@gmail.com,,,,,False,False,False,False,,,False,False,,,false,false,"[""https://pcsaiowa.com/wp-content/uploads/2024/03/IMG_0708-1-scaled.jpg""]",ASA-affiliated 3D archery club. Contact: Diane Henry.,Montezuma,Iowa
308d37cf-e1e6-4c1d-bd9e-ba54bebc653d,Poynette Bow Hunters Clubhouse,poynette-bow-hunters-clubhouse-wi,commercial,active,False,,,,,608-516-8396,jrewings@jrewings.com,http://www.poynettebowhunters.com,,,,False,True,True,True,,,False,False,,,false,false,"[""https://images.unsplash.com/photo-1574607774561-e645c79a2478?w=800&h=400&fit=crop""]",,,Wisconsin
89c11f9b-fc6b-4cea-922d-c76b8dede616,Prairie Bowman Archery Club Inc.,prairie-bowman-archery-club-inc-ks,volunteer_club,active,False,11709 Pointer Road,67801,,,+17853319083,t_stalk_05@yahoo.com,,,,,False,False,False,False,,,False,False,,,false,false,"[""state-range-photos/kansas/Prairie Bowman Archery Club Inc (Dodge City).jpg""]",ASA-affiliated 3D archery club. Contact: Travis Stalkfleet.,Dodge City,Kansas
09f364cf-32d5-4f69-bde3-1ccc065cc0b6,Prairie Bowmen Archery Club,prairie-bowmen-archery-club-ne,hybrid,active,False,1432 n cotner blvd,68505,,,402-430-7783,prairiebowmenarchery@gmail.com,http://www.prairiebowmen.com,,,,False,True,False,False,,,False,True,,,false,false,"[""state-range-photos/nebraska/Prairie Bowmen Archery Club (Lincoln).jpg""]",USA Archery affiliated club. Programs: Junior Olympic Archery Development (JOAD),Lincoln,Nebraska
829078b0-e18a-48d1-924d-da6807cc6506,PRAL Team,pral-team-pr,volunteer_club,active,False,Ave. Juan Hernández Ortiz,00662,18.4983353,-67.0203995,,,,,,,False,False,False,False,,,False,False,,,false,false,"[""state-range-photos/puerto-rico/PRAL Team (Isabela).jpg""]","Archery range located in Isabela, PR.",Isabela,Puerto Rico
e95b8255-f9e0-4973-98c5-ef176dbbe2ef,PRCC Archery,prcc-archery-ms,volunteer_club,active,False,101 Highway 11 N,39470-2201,,,(601) 403-1000,kmoss@prcc.edu,https://www.prccathletics.com/sports/archery/index,,,,False,False,False,False,,,False,False,,,false,false,"[""state-range-photos/mississippi/PRCC Archery (Poplarville).jpg""]","Archery range located in Poplarville, MS.",Poplarville,Mississippi
88bdbd0a-2bb9-45f5-9954-aa14415da754,Precision Archery,precision-archery-ak,commercial,active,False,"409 E College Road, Unit 3 Fairbanks, AK 99701",,,,,,,,,,False,False,False,False,,,False,False,,,false,false,"[""state-range-photos/alaska/Precision Archery (FAIRBANKS).jpg""]","Archery range located in Fairbanks, AK.",FAIRBANKS,Alaska
10a2f652-6b44-41f5-a25d-69dbc99f4f09,Predator's Archery JOAD,predator-s-archery-joad-ca,hybrid,active,False,7350 Monterey Road,95020,,,,rosal.gubuan@gmail.com,https://sites.google.com/view/predatorsarcheryjoadprogram/home?authuser=0,,,,False,False,False,False,,,False,False,,,false,false,"[""https://i0.wp.com/www.mercurynews.com/wp-content/uploads/2022/07/SJM-L-SVCHATSB-QA-0721-5.jpg?fit=620,9999px&ssl=1""]",USA Archery affiliated club. Programs: Junior Olympic Archery Development (JOAD),Gilroy,California
e4745e16-4af5-4b8a-91f2-5ad527c10488,Predators Archery,predators-archery-ca,commercial,active,False,"7350 Monterey Rd, Gilroy, CA 95020",95020,36.9853372,-121.5569724,(408) 842-7733,predator@garlic.com,https://predatorsarchery.com,"Tue-Sat 12:00pm-8:00pm, Sun-Mon Closed",,,True,False,False,False,,,False,True,,,false,false,"[""https://live.staticflickr.com/65535/50526094901_056b42f0af_z.jpg""]","Archery range located in GILROY, CA.",Gilroy,California
cf333e13-9b9d-4601-bb41-56b86b312926,Prince William Archers,prince-william-archers-va,volunteer_club,active,False,12506 Izaak Walton Dr,20182,38.6833527,-77.5007957,+17033350820,jlittlejr53@gmail.com,,,,,False,False,False,False,,,False,False,,,false,false,"[""state-range-photos/virginia/Prince William Archers (Bristow).jpg""]","Archery range located in Bristow, VA.",Bristow,Virginia
c9d33ef0-f033-4a14-9265-cd03ce2a7695,Pro Line Archery Lanes,pro-line-archery-lanes-ny,hybrid,active,False,95-11 101 Ave,11416,40.6847076,-73.8455082,,joe@prolinearchery.com,http://www.archeryny.com,,,,False,False,False,False,,,False,False,,,false,false,"[""state-range-photos/new-york/Pro Line Archery Lanes (Ozone Park).jpg""]",USA Archery affiliated club. Programs: Junior Olympic Archery Development (JOAD),Ozone Park,New York
a1cfbbdb-f042-42bd-a50f-7ad420178f65,Pronghorn Archery Club,pronghorn-archery-club-wy,volunteer_club,active,False,4706 SOUTH HWY 59,82718,44.2705448,-105.4937375,,,http://pronghornarchery.homestead.com/,,,,False,False,False,False,,,False,False,,,false,false,"[""state-range-photos/wyoming/Pronghorn Archery Club (GILLETTE).jpg""]","Archery range located in GILLETTE, WY.",GILLETTE,Wyoming
41b3650f-6785-4161-b6cb-1eb4010b3915,Purdue Archery,purdue-archery-in,volunteer_club,active,False,1545 S River Rd,47906,,,,puac@purdue.edu,https://purduearchery.club,,,,False,False,False,False,,,False,False,,,false,false,"[""https://www.purdue.edu/recwell/images/club-sports/archery-sunset-2016-6.jpg""]","Archery range located in West Lafayette, IN.",West Lafayette,Indiana
e038ccbc-eddc-40b3-80dd-c22891733566,Quails Run Archery Club LLC,quails-run-archery-club-llc-fl,volunteer_club,active,False,24499 Cheryl Lane,32736,,,+14079479241,quailsrunarcheryclub@gmail.com,,,,,False,False,False,False,,,False,False,,,false,false,"[""state-range-photos/florida/Quails Run Archery Club LLC (Eustis).jpg""]",ASA-affiliated 3D archery club. Contact: Ron  Quails.,Eustis,Florida
9ef15c71-8995-48c5-898e-dd9f0813e47e,Queens Archery (Big Apple Archery),queens-archery-big-apple-archery-ny,commercial,active,False,"170-20 39th Avenue, Flushing, NY 11358",,,,718-461-1756,queensarchery@bigapplearchery.com,https://www.bigapplearchery.com/,Closed Mon; Tue-Thu 4pm-10pm; Fri 6pm-11pm; Sat-Sun 10am-5pm,,,True,False,False,False,,$18/person/hour (own equipment); $35/person/hour (rental),True,True,,,false,false,"[""state-range-photos/new-york/Queens Archery (Big Apple Archery) (Flushing).jpg""]","Archery range located in Flushing, NY.",Flushing,New York
22136ea6-050f-48f8-a014-30e6c00c1a2c,Quest Archery,quest-archery-ma,hybrid,active,False,"589 Park Ave, 1 & 2, Worcester MA 01603",01603,,,(774) 493-6090,Info@questarchery.club,https://www.questarchery.club/,,,,True,False,False,False,,,True,True,,,ADA Certified lanes (USA Archery certified),false,"[""state-range-photos/massachusetts/Quest Archery (Worcester).png""]","USA Archery affiliated club. Programs: Junior Olympic Archery Development (JOAD), Adult Archery Program",Worcester,Massachusetts
c3d6d1a8-a1e3-415e-a086-48dd4dbd1ebb,Quick Draw Archery,quick-draw-archery-co,commercial,active,False,"12339 Mead Way, Littleton, CO 80125",,,,,,,,,,False,False,False,False,,,False,False,,,false,false,"[""state-range-photos/colorado/Quick Draw Archery (Littleton).jpg""]","Archery range located in Littleton, CO.",Littleton,Colorado
b9b8034e-1107-4040-b3ef-447b6c9f1ddc,R & L Archery,r-l-archery-vt,commercial,active,False,70 Smith St,05641,,,,,,,,,False,False,False,False,,,False,False,,,false,false,"[""state-range-photos/vermont/R  L Archery (Barre).jpg""]","Archery range located in Barre, VT.",Barre,Vermont
7c86aece-7264-490d-b44b-f1dbe8762fa6,R&D 3D Archery,r-d-3d-archery-ga,club,active,False,176 Perkins Rd,30257,,,+17704682751,rdarchery@gmail.com,,,,,False,True,False,False,,,False,False,,,false,false,"[""state-range-photos/georgia/RD 3D Archery (Milner).jpg""]",ASA-affiliated archery club. Status: Expired 2025,Milner,Georgia
fb37dba8-411c-427b-be19-af12385aaf0c,Rabbit Creek Shooting Park,rabbit-creek-shooting-park-ak,public,active,False,"15222 Seward Hwy, Anchorage, AK 99516",,,,907-345-7831,dfg.dwc.rcsp@alaska.gov,https://www.adfg.alaska.gov/index.cfm?adfg=anchoragerange.main,Wed-Sun 10am-6pm (last entry 5:15pm); Mon-Tue closed; closed December and listed holidays,,,False,True,False,False,,,False,False,,,false,false,"[""https://images.unsplash.com/photo-1574607774561-e645c79a2478?w=800&h=400&fit=crop""]","Archery range located in Anchorage, AK.",Anchorage,Alaska
c4eba92b-8d23-4ea2-adcc-44c4504572dc,Raccoon Ridge Archery,raccoon-ridge-archery-ia,commercial,active,False,,,,,,,https://3darchery.com,,,,False,False,False,False,,,False,False,,,false,false,"[""state-range-photos/iowa/Raccoon Ridge Archery (unknown).jpg""]",,,Iowa
e862a177-59d8-4347-949c-ae6f7befec62,Racine Instinctive Bowmen Club,racine-instinctive-bowmen-club-wi,commercial,active,False,14403 50th Road,,,,262-835-4975,ribarchery@gmail.com,http://www.ribarchery.com,,,,False,True,True,True,,,False,True,,,false,false,"[""state-range-photos/wisconsin/Racine Instinctive Bowmen Club (Racine).jpg""]","Archery range located in Racine, WI.",Racine,Wisconsin
987d2dc2-5f05-4ee1-b46f-9303f24b7bfe,Rad Archery,rad-archery-fl,commercial,active,False,3300 W Hallandale Beach Blvd,33023,,,,,,,,,False,False,False,False,,,False,False,,,false,false,"[""https://radarchery.com/cdn/shop/files/Rich1_1080x.jpg?v=1615330505""]","Archery range located in Hollywood, FL.",Hollywood,Florida
0849cfa8-717e-4d87-9dbf-bfbdc5558cbc,Rancho Park Archers,rancho-park-archers-ca,hybrid,active,False,"2455 S. Motor Ave, Los Angeles, CA 90064",90064,,,(213) 632-8086,info@ranchoparkarchers.org,https://www.ranchoparkarchers.org/,"8:00am to 10:00pm, 7 days per week (with own equipment)",,,False,False,False,False,,,False,True,,,false,false,"[""https://i.pinimg.com/736x/93/7b/ca/937bcaef21ff91fcd41d46efaed2c103.jpg""]",USA Archery affiliated club. Programs: Adult Archery Program,Los Angeles,California
3d948ed3-4a3b-4475-ac08-3998b264d93f,Randolph Bowhunters,randolph-bowhunters-nc,club,active,False,,,,,+13366748906,,,,,,False,False,False,False,,,False,False,,,false,false,"[""state-range-photos/north-carolina/Randolph Bowhunters (Asheboro).jpg""]","Archery range located in Asheboro, NC.",Asheboro,North Carolina
ad9f6d75-2499-405f-b9a4-bd0e3b85ddde,Rapids Archery Club,rapids-archery-club-mn,volunteer_club,active,False,1255 133rd Ave NW,55304,45.2125792,-93.2979635,763-862-8163,info@rapidsarchery.org,,,,,False,False,False,False,,,False,False,,,false,false,"[""state-range-photos/minnesota/Rapids Archery Club (Andover).jpg""]","Archery range located in Andover, MN.",Andover,Minnesota
017ef89a-9a35-4cef-ba70-903ed1854830,Rapids Archery Club,rapids-archery-club-wi,club,active,False,,,,,,,,,,,False,False,False,False,,,False,False,,,false,false,"[""state-range-photos/wisconsin/Rapids Archery Club (unknown).jpg""]",,,Wisconsin
5499ff85-2953-4242-96d8-0d7042cabfd3,Ravensrook Archery,ravensrook-archery-il,volunteer_club,active,False,4437 N Ravenswood Ave,60640,,,(773) 271-3988,frontdesk@fortezafitness.com,https://www.fortezafitness.com/,"Mon-Fri By Appointment or Posted Class Schedule, Sat 9:00am-3:00pm, Sun 10:00am-12:00pm",,,False,False,False,False,,,False,True,,,false,false,"[""state-range-photos/illinois/Ravensrook Archery (Chicago).png""]","Archery range located in Chicago, IL.",Chicago,Illinois
0e9fd69f-8077-46e8-a527-a5365638f046,Ravlin Hill Archery,ravlin-hill-archery-ny,volunteer_club,active,False,7938 Rt 474,14767,,,,rharchery@emyprinter.net,,,,,False,False,False,False,,,False,False,,,false,false,"[""https://i.ytimg.com/vi/dKKsxzLzVj4/maxresdefault.jpg""]",ASA-affiliated 3D archery club. Contact: Daniel Burkholder.,Panama,New York
2e636dc0-caa5-4b56-b460-4d77df015583,Raymond Bowhunters,raymond-bowhunters-ia,club,active,False,1836 S. Ordway Rd.,50648,,,,,,,,,False,False,False,False,,,False,False,,,false,false,"[""state-range-photos/iowa/Raymond Bowhunters (Jesup).jpg""]","Archery range located in Jesup, IA.",Jesup,Iowa
fdb93c2f-ea71-4529-b2c5-875a087bb210,Razorback Archery,razorback-archery-ar,volunteer_club,active,False,10731 Hwy 62 E,72513,,,+18709947850,david.gibsong2@yahoo.com,,,,,False,False,False,False,,,False,False,,,false,false,"[""state-range-photos/arkansas/Razorback Archery (Ash Flat).jpg""]",ASA-affiliated 3D archery club. Contact: David Gibson.,Ash Flat,Arkansas
15aeb423-ad76-4942-b039-abb25448d9fa,RBD Known Triple Classic,rbd-known-triple-classic-pa,club,active,False,5426 Roaring Run Rd,16925,,,,rbdktc@gmail.com,,,,,False,False,False,False,,,False,False,,,false,false,"[""https://i.ytimg.com/vi/fTQzHlfmqTw/maxresdefault.jpg""]",ASA-affiliated archery club. Status: Expired 2025,Gillet,Pennsylvania
72e309d0-f818-4bad-96b0-a5908bc8d7c3,Recon Archers,recon-archers-co,hybrid,active,False,"No Limits Archery, 3050 East 78th Avenue",80229,,,,Jonathan.whitson@outlook.com,http://reconarchers.com,,,,False,False,False,False,,,False,False,,,false,false,"[""state-range-photos/colorado/Recon Archers (DENVER).jpg""]","USA Archery affiliated club. Programs: Junior Olympic Archery Development (JOAD), Adult Archery Program, 3D Archery, Field Archery",DENVER,Colorado
2af1328e-affc-4587-a975-070152f3cb1b,Red Cedar Archery,red-cedar-archery-mi,hybrid,active,False,13522 Austin Court,48353,,,,orecreekarchery@gmail.com,http://www.orecreekarchery.club,,,,False,False,False,False,,,False,False,,,false,false,"[""state-range-photos/michigan/Red Cedar Archery (Hartland).jpg""]","USA Archery affiliated club. Programs: Junior Olympic Archery Development (JOAD), Adult Archery Program",Hartland,Michigan
bd859e2b-c962-4b78-975b-a812ffdfb08a,Red Dawn Armory,red-dawn-armory-in,commercial,active,False,6600 W Whispering Creek Drive,47665,38.2829315,-87.6899778,,reddawnarmory@gmail.com,https://reddawnarmory.com,,,,False,False,False,False,,,False,False,,,false,false,"[""state-range-photos/indiana/Red Dawn Armory (Owensville).jpg""]","Archery range located in Owensville, IN.",Owensville,Indiana
3ae6058e-baa0-4bc0-a1dd-e67146ed2687,"Red Feather Bowmen, Inc.",red-feather-bowmen-inc-co,volunteer_club,active,False,600 4th Street,81428,38.870594,-107.5937125,+19703143368,dsheldensbox@gmail.com,,,,,False,False,False,False,,,False,False,,,false,false,"[""state-range-photos/colorado/Red Feather Bowmen Inc (Paonia).jpg""]","Archery range located in Paonia, CO.",Paonia,Colorado
dd76ba76-5288-4364-9e90-ed2cbf39d6f6,Red River Archers ND,red-river-archers-nd-nd,club,active,False,PO Box 14043,58208,,,,rra@redriverarchers.org,https://redriverarchers.org/,,,,False,True,False,True,$200/year family; $100/year student,,False,False,,,false,false,"[""https://images.unsplash.com/photo-1574607774561-e645c79a2478?w=800&h=400&fit=crop""]","Archery range located in Grand Forks, ND.",Grand Forks,North Dakota
d86e78c4-3461-48aa-992d-2c30384c10ce,Red River Bowhunters Inc,red-river-bowhunters-inc-ky,volunteer_club,active,False,2331 Hatchers Creek Rd,40380,,,+18598069326,fannin_david@hotmail.com,,,,,False,False,False,False,,,False,False,,,false,false,"[""https://i.ytimg.com/vi/fXbqpCBmggE/maxresdefault.jpg""]",ASA-affiliated 3D archery club. Contact: David Fannin.,Stanton,Kentucky
2f8c4c24-55cf-4351-b689-0072b269ddef,Red River Bowmen,red-river-bowmen-la,club,active,False,4099 Ratcliff Road,71119,,,(318) 949-4200,redriverbowmenarcheryclub@gmail.com,http://www.redriverbowmenarcheryclub.com/,,,10,False,True,True,True,,,False,False,,,false,false,"[""state-range-photos/louisiana/Red River Bowmen (Shreveport).jpg""]","Archery range located in Shreveport, LA.",Shreveport,Louisiana
efdd3983-b183-48e4-bce4-0767a0f8742e,Red Rock Archery,red-rock-archery-co,commercial,active,False,3193 Hall Ave,81504,39.0832327,-108.4608532,,loose_arrows10@yahoo.com,,,,,False,False,False,False,,,False,False,,,false,false,"[""state-range-photos/colorado/Red Rock Archery (Grand Junction).jpg""]","Archery range located in Grand Junction, CO.",Grand Junction,Colorado
6457cdec-f11f-4f3a-b37c-016946207d97,Red Rock Bowmen,red-rock-bowmen-ut,volunteer_club,active,False,"Southern Utah Shooting Sports Park, 1066 S Shotgun Dr, Washington, UT 84780",84780,37.14935,-113.4301923,,redrockbowmen@hotmail.com,https://www.redrockbowmen.com/,,,,False,True,False,True,$100.00,$5,False,False,,,false,false,"[""state-range-photos/utah/Red Rock Bowmen (Hurricane).png""]","Archery range located in Hurricane, UT.",Hurricane,Utah
ee29578b-155a-42c3-9d8f-84a3d89c270b,Redwood Bowmen Assn,redwood-bowmen-assn-ca,volunteer_club,active,False,10900 Skyline Blvd.,,,,,susan2227@gmail.com,https://redwoodbowmen.org,,,,False,False,False,False,,,False,False,,,false,false,"[""https://s3-media0.fl.yelpcdn.com/bphoto/FJ45DUfxzSWNCPYOIM7gPw/o.jpg""]","Archery range located in Oakland, CA.",Oakland,California
04d80d1f-1dbf-4dc4-9b7b-134346d2a33a,Redwood Bowmen Association Inc,redwood-bowmen-association-inc-ca,volunteer_club,active,False,10900 Skyline Blvd,94619-2446,37.8186529,-122.1789065,,redwoodbowmen@gmail.com,https://www.redwoodbowmen.org,Dawn to Dusk every day (excluding day of events),,,False,False,True,False,,,False,True,,,false,false,"[""https://s3-media0.fl.yelpcdn.com/bphoto/FJ45DUfxzSWNCPYOIM7gPw/o.jpg""]","Archery range located in Oakland, CA.",Oakland,California
69d0e578-acc3-4766-8365-9a439174f677,Reedy Creek Park Archery Range,reedy-creek-park-archery-range-nc,public,active,False,"5841 Brookshire Boulevard Charlotte, NC 28216",,,,+19803141119,,,,,,False,False,False,False,,,False,False,,,false,false,"[""https://dpr.design/wp-content/uploads/2018/12/181108_dpr-reedy-creek_010-1600x899.jpg""]","Archery range located in Charlotte, NC.",Charlotte,North Carolina
f24d2382-0df1-4481-a3b2-fd7372d976cc,Reedy's Archery,reedy-s-archery-ma,commercial,active,False,121 Wood Street Middleborough MA 02346,02346,,,(508) 947-4653,chris121wood@gmail.com,https://reedysarchery.com/,"Tue-Thu 12pm-8pm, Fri-Sat 10am-4pm, Sun-Mon Closed",,,True,True,False,False,,,False,True,,,false,false,"[""https://images.squarespace-cdn.com/content/v1/5ace4f1896d4556e462e6f77/1526397272358-PK8PHGU7ZGN36RXG7DU4/InvolvementGallery_9_1300x900.png""]","Archery range located in Middleborough, MA.",Middleborough,Massachusetts
e01c6b14-e65f-42d4-a6fe-b640b3ba5fad,Rend Lake Archery,rend-lake-archery-il,volunteer_club,active,False,North Marcuym Campground,62812,,,+16189276264,dmillenbine@gmail.com,,,,,False,False,False,False,,,False,False,,,false,false,"[""https://bloximages.newyork1.vip.townnews.com/wsiltv.com/content/tncms/assets/v3/editorial/7/ba/7ba7db53-2604-5dbe-8a74-d815480f6845/6123f11a6ae04.image.jpg?crop=1280,672,0,23&resize=1200,630&order=crop,resize""]",ASA-affiliated 3D archery club. Contact: Donnie Millenbine.,Benton,Illinois
fe70589a-928b-4d63-b264-8598a8329be3,Rib Mountain Bowman,rib-mountain-bowman-wi,volunteer_club,active,False,2385 Julip Dr,54401,45.0453261,-89.6661359,,ribmountainbowmeninc@gmail.com,https://www.ribmountainbowmen.com/,,,18,False,True,False,True,$55 family working / $205 family non-working per year,,False,False,,,false,false,"[""state-range-photos/wisconsin/Rib Mountain Bowman (Wausau).jpg""]","Archery range located in Wausau, WI.",Wausau,Wisconsin
1c1c33db-dd31-4b54-8309-0c86169a25e9,Rice Lake Rod & Gun Club,rice-lake-rod-gun-club-wi,club,active,False,,,,,,,http://www.rlrodandgun.org,,,,False,False,False,False,,,False,False,,,false,false,"[""state-range-photos/wisconsin/Rice Lake Rod  Gun Club (Rice Lake).jpg""]","Archery range located in Rice Lake, WI.",Rice Lake,Wisconsin
310519c3-f35f-4c24-b2c4-953176561f55,Riceville Archery Club,riceville-archery-club-ia,club,active,False,,,,,,,,,,,False,False,False,False,,,False,False,,,false,false,"[""state-range-photos/iowa/Riceville Archery Club (Riceville).jpg""]","Archery range located in Riceville, IA.",Riceville,Iowa
7df11c0e-f595-45e1-8f95-fae57d218fca,Rick's Sporting Goods,rick-s-sporting-goods-oh,commercial,active,False,"1326 Newark Rd, Mt Vernon, OH 43050",,,,(740) 397-6555,rickssportinggoods@midohio.twcbc.com,https://rickssportinggoods.com/,Mon-Fri 10am-7pm; Sat 10am-4pm; Sun Closed,,14,True,False,False,False,,,False,False,,,false,false,"[""http://www.shoprlsg.com/uploads/1/1/8/9/118929801/published/img-1955_3.jpg""]","Archery range located in Mt. Vernon, OH.",Mt. Vernon,Ohio
27ceecae-4251-410b-92d8-d29cf1978010,Rider's Sporting Goods,rider-s-sporting-goods-la,commercial,active,False,,70648,,,,,,,,,False,False,False,False,,,False,False,,,false,false,"[""state-range-photos/louisiana/Riders Sporting Goods (Kinder).jpg""]","Archery range located in Kinder, LA.",Kinder,Louisiana
ee22f7bb-ec72-497f-9c8f-65b812a7a85a,Ridge Archers,ridge-archers-fl,volunteer_club,active,False,3755 Tenoroc Mine Rd,33805,,,813-763-2300,campbell1crew@yahoo.com,https://ridgearchersattenoroc.com,,,,False,True,True,True,$80/year,,False,False,,,false,false,"[""https://ridgearchersattenoroc.com/wp-content/uploads/2022/07/mo.jpg""]",ASA-affiliated 3D archery club. Contact: Maurice Campbell.,lakeland,Florida
c09243f3-cead-4de2-a556-3d55b3cb9132,Rigneys School of Archery,rigneys-school-of-archery-il,hybrid,active,False,10041 Palm Rd,62536,,,,rsa.eph429@gmail.com,http://www.rigneyschoolofarchery.com,,,,False,False,False,False,,,False,False,,,false,false,"[""https://images.unsplash.com/photo-1574607774561-e645c79a2478?w=800&h=400&fit=crop""]","USA Archery affiliated club. Programs: Junior Olympic Archery Development (JOAD), Adult Archery Program, 3D Archery",Glenarm,Illinois
d971324b-da19-43a2-baf4-9bfde152a18d,Riley Archery Range,riley-archery-range-mi,public,active,False,31555 W Eleven Mile Rd,48336,,,(248) 473-1870,,https://www.fhgov.com/play-explore-learn/riley-archery-range/,,,,False,False,False,False,,,False,False,,,false,false,"[""https://images.unsplash.com/photo-1574607774561-e645c79a2478?w=800&h=400&fit=crop""]","Archery range located in Farmington Hills, MI.",Farmington Hills,Michigan
8b0d4064-3be5-445c-b7e4-bf51a0a04df0,Rim Country Bowhunters Association,rim-country-bowhunters-association-az,hybrid,active,False,"P. O. Box 2451, 1190 South 8th Street",86326,34.7313256,-112.0169437,,scdockray@gmail.com,http://rimcountrybowhunters.org,,,,False,False,False,False,,,False,False,,,false,false,"[""state-range-photos/arizona/Rim Country Bowhunters Association (Cottonwood).jpg""]",USA Archery affiliated club. Programs: Adult Archery Program,Cottonwood,Arizona
386b01a5-f3a0-4391-9f39-4ad8629989b5,Rio Salado Sportsman's Club,rio-salado-sportsman-s-club-az,club,active,False,3960 N Usery Pass Rd,85207,,,+14809849610,Office@RSSCaz.com,https://rsscaz.com,7am-5pm daily,,,False,False,False,False,,,False,False,,,false,false,"[""state-range-photos/arizona/Rio Salado Sportsmans Club (Mesa).webp""]","Archery range located in Mesa, AZ.",Mesa,Arizona
951c23c8-396b-419a-8128-7ce440095daf,Rising Phoenix Archery,rising-phoenix-archery-mi,hybrid,active,False,3863 Rochester Rd.,48083,42.5753015,-83.1291302,(248) 688-9309,risingphoenixarchery@gmail.com,http://www.michiganarchery.net,,,,False,False,False,False,,,True,True,,,false,false,"[""state-range-photos/michigan/Rising Phoenix Archery (Troy).jpg""]","USA Archery affiliated club. Programs: Junior Olympic Archery Development (JOAD), Adult Archery Program",Troy,Michigan
1aaafd0a-ec59-41ed-9382-b3b2e621156a,Rivanna Archery,rivanna-archery-va,hybrid,active,False,4 Orchard Road,22903,,,,pnetland@gmail.com,http://www.rrpc.org,,,,False,False,False,False,,,False,False,,,false,false,"[""state-range-photos/virginia/Rivanna Archery (Charlottesville).jpg""]","USA Archery affiliated club. Programs: Adult Archery Program, 3D Archery",Charlottesville,Virginia
21a96273-609b-40f7-afe7-497794235f43,River Bottom Outdoors,river-bottom-outdoors-ga,volunteer_club,active,False,15475 GA Hwy 34,30217,,,+16783780816,riverbottomoutdoors09@yahoo.com,,,,,False,False,False,False,,,False,False,,,false,false,"[""state-range-photos/georgia/River Bottom Outdoors (Franklin).jpg""]",ASA-affiliated 3D archery club. Contact: Scott Parrott.,Franklin,Georgia
9471a72e-0fcd-4398-9c0c-06c7d787667c,Riverbrook Robins,riverbrook-robins-ct,hybrid,active,False,404 Danbury Road,06897,,,203-762-8384,wiltonarcheryclub@riverbrookymca.org,http://www.wiltonymca.org,"Mon-Fri 5:30am-9:00pm, Sat 6:00am-6:00pm, Sun 7:00am-5:00pm",,,False,False,False,False,,,False,False,,,false,false,"[""state-range-photos/connecticut/Riverbrook Robins (Wilton).jpeg""]","USA Archery affiliated club. Programs: Junior Olympic Archery Development (JOAD), Adult Archery Program",Wilton,Connecticut
d099c029-f64e-4dbc-b24b-41978a1cf6db,Riverside Archers,riverside-archers-ma,hybrid,active,False,16 Wilkins Street Hudson MA 01749,01749,,,(978) 562-2404,sampathbade@gmail.com,http://www.riversidegc.org,,,12,False,False,True,True,,,False,True,,,false,false,"[""https://images.unsplash.com/photo-1574607774561-e645c79a2478?w=800&h=400&fit=crop""]","USA Archery affiliated club. Programs: Junior Olympic Archery Development (JOAD), Adult Archery Program",Hudson,Massachusetts
02df323a-c5e6-4fb6-b5af-ac4a00f846ea,Riverside Archers Club,riverside-archers-club-ca,volunteer_club,active,False,"Cajalco Rd, Corona, CA 92881",91764,,,,riverside.archers@gmail.com,https://riversidearchers.com,,,,False,False,True,False,,,False,False,,,false,false,"[""https://riversidearchery.club/wp-content/uploads/2023/05/shooting.jpg""]","Archery range located in Ontario, CA.",Ontario,California
4b27ac33-10c3-4e87-9e06-ad3e96dd3412,Riverside Archery WA,riverside-archery-wa-wa,commercial,active,False,17370 WA-536,98273,,,(360) 424-8849,,https://www.riversidearcherywa.com/,"Monday Closed, Tue-Fri 10:00AM-6:00PM, Sat 9:00AM-5:00PM, Sunday Closed",,,True,False,False,False,,,False,False,,,false,false,"[""https://www.riversidearcherywa.com/images/indoorarcheryb-p-500.jpg""]","Archery range located in Mount Vernon, WA.",MOUNT VERNON,Washington
af5f5072-e486-4cda-8fb0-917c9b27ec10,Rob Fleming Archery Range,rob-fleming-archery-range-tx,public,active,False,,,,,+12812103800,,https://www.thewoodlandstownship-tx.gov/Facilities/Facility/Details/The-Recreation-Center-at-Rob-Fleming-Par-180,,,,False,False,False,False,,,False,False,,,false,false,"[""https://archerylessons.info/ranges/wp-content/uploads/2024/09/Rob-Fleming-Archery-Range1.jpg""]","Archery range located in The Woodlands, TX.",The Woodlands,Texas
815cfe00-45a4-4d5e-8bc1-93dbf0f63060,Robertson Archery,robertson-archery-ca,commercial,active,False,6100 Woodley Ave.,,,,(818) 457-6463,,https://robertsonarchery.com/,,,,False,False,False,False,,,False,True,,,false,false,"[""https://robertsonarchery.com/wp-content/uploads/2021/10/20211028_075058-1024x485.jpg""]","Archery range located in Van Nuys, CA.",Van Nuys,California
705fedbe-365b-467b-9843-0eb300247d99,Robinson Archery Tucson,robinson-archery-tucson-az,commercial,active,False,7633 E Speedway Blvd,85710,,,+15202986501,robinsonarchery@gmail.com,https://robinsonarchery.com,"Mon 12:00 pm-6:00 pm, Tue-Thu 10:00 am-6:00 pm, Fri-Sat 12:00 pm-6:00 pm, Sun Closed",,,True,False,False,False,,,False,False,,,false,false,"[""https://images.unsplash.com/photo-1574607774561-e645c79a2478?w=800&h=400&fit=crop""]","Archery range located in Tucson, AZ.",Tucson,Arizona
10e8ea59-9748-4788-b8bd-4e5e7312db5a,Roche-A-Cri Bowman,roche-a-cri-bowman-wi,commercial,active,False,2021 14th Dr,,,,,rocheacribowman@gmail.com,https://www.racbowman.com/,,,10,False,True,False,True,,,False,False,,,false,false,"[""state-range-photos/wisconsin/Roche-A-Cri Bowman (unknown).jpg""]",,,Wisconsin
986e4c2d-b63d-4ff4-8f41-ba38907d977c,Rochester Bow Hunters,rochester-bow-hunters-ny,volunteer_club,active,False,283 Brew Road,14416,43.06592,-77.935117,,dreiss@rochester.rr.com,https://rochester-bow-hunters.weebly.com/,,,,False,False,True,False,$60/year (general/family); $40/year (senior 60+),,False,False,,,false,false,"[""https://rochester-bow-hunters.weebly.com/uploads/1/3/3/2/133200048/field-range_orig.jpg""]","Archery range located in Bergen, NY.",Bergen,New York
041bda15-8282-4229-9f2b-42de813f5728,Rock Branch Archery,rock-branch-archery-ga,volunteer_club,active,False,2969 Green Acres Rd,30635,,,+17063180610,mccannonb@aol.com,,,,,False,False,False,False,,,False,False,,,false,false,"[""state-range-photos/georgia/Rock Branch Archery (Elberton).jpg""]",ASA-affiliated 3D archery club. Contact: Bobby McCannon.,Elberton,Georgia
ae138e17-98c9-4ebd-a018-1c0f54ba73ef,Rock Creek Archers,rock-creek-archers-id,club,active,False,,,,,+12088203876,rockcreekarchers@gmail.com,,,,,False,False,False,False,,,False,False,,,false,false,"[""https://archerylessons.info/ranges/wp-content/uploads/2024/09/PXL_20210313_234236475.jpg""]",,,Idaho
f6b7ae3c-d4bb-4561-9c31-2a7be5680db2,Rock Creek Archery,rock-creek-archery-wa,commercial,active,False,,,,,,,,,,,False,False,False,False,,,False,False,,,false,false,"[""https://patch.com/img/cdn/users/98524/2012/05/raw/55e88fa390ea77fca20c8e71a65ceaf8.jpg""]","Archery range located in Tacoma, WA.",Tacoma,Washington
95787060-8f35-4f93-85e1-4864723ecdc9,Rock River Archery Club,rock-river-archery-club-ia,volunteer_club,active,False,300 North Smith Street,51246,,,+16053239245,timjulie@premieronline.net,,,,,False,False,False,False,,,False,False,,,false,false,"[""https://www.lyoncountyreporter.com/wp-content/uploads/2022/03/Nick-Weber-prepares-to-shoot.jpg""]",ASA-affiliated 3D archery club. Contact: Tim Boekhout.,Rock Rapids,Iowa
ed866752-0f41-4953-b568-ca925d1d5ca5,Rockfish Bowhunters,rockfish-bowhunters-nc,club,active,False,,,,,+19104248216,,,,,,False,False,False,False,,,False,False,,,false,false,"[""state-range-photos/north-carolina/Rockfish Bowhunters (Hope Mills).jpg""]","Archery range located in Hope Mills, NC.",Hope Mills,North Carolina
57427e6f-4f43-4b95-b1ab-9a7a8c81fffc,Rockville Fish & Game Club,rockville-fish-game-club-ct,club,active,False,Fish & Game Road,06084,,,,,https://rockvillefishandgameclub.com/,,,,False,True,False,True,,,False,False,,,false,false,"[""state-range-photos/connecticut/Rockville Fish  Game Club (Tolland).jpg""]","Archery range located in Tolland, CT.",Tolland,Connecticut
b68b489f-934e-462c-891c-a7dd06f2a506,Rocky Mountain Archery,rocky-mountain-archery-co,commercial,active,False,"4518 Innovation Drive, Fort Collins CO, 80525",,,,970.226.5900,,http://www.rockymountainarcheryfc.com/,"Monday: Closed, Tuesday - Friday: 11am - 7pm, Saturday: 11am - 6pm, Sunday: 12pm - 5pm",,28,True,False,False,False,,$9 for All Day,True,True,$75/hr (1 shooter); $130 (2); $195 (3); $260 (4),,false,false,"[""https://images.unsplash.com/photo-1574607774561-e645c79a2478?w=800&h=400&fit=crop""]","Archery range located in Wheat Ridge, CO.",Wheat Ridge,Colorado
b20ea0e9-e8ff-4bb9-99c3-74544dafecf1,Rocky Mountain Archery Association,rocky-mountain-archery-association-co,volunteer_club,active,False,6195 Katy Court,80922,,,,arrowanne@yahoo.com,https://rockymountainarcheryassociation.com/,,,,False,False,False,False,,,False,False,,,false,false,"[""state-range-photos/colorado/Rocky Mountain Archery Association (Colorado Springs).jpg""]",ASA-affiliated 3D archery club. Contact: Anne Geist.,Colorado Springs,Colorado
33aaf0c7-48eb-42fe-8bbc-fa42e0d04495,Rocky Mountain Hot Shots,rocky-mountain-hot-shots-co,hybrid,active,False,"Rocky Mountain Archery, 4518 Innovation Drive",80525,,,(623) 694-0249,hotshotcolorado@gmail.com,https://www.rockymountainhotshots.com/,,,,False,False,False,False,,,False,False,,,false,false,"[""state-range-photos/colorado/Rocky Mountain Hot Shots (Fort Collins).png""]",USA Archery affiliated club. Programs: Junior Olympic Archery Development (JOAD),Fort Collins,Colorado
9e380fd9-1851-4a0e-a8ec-b7081a76cbeb,Rocky River Archery Club,rocky-river-archery-club-nc,volunteer_club,active,False,6418 Morgan Academy Rd,28110,,,,rwalljr@carolina.rr.com,https://rockyriverarcheryclub.com/,,,,False,False,False,False,,,False,False,,,false,false,"[""https://images.unsplash.com/photo-1574607774561-e645c79a2478?w=800&h=400&fit=crop""]",ASA-affiliated 3D archery club. Contact: Rory  Wall.,Monroe,North Carolina
1b8a4f48-7313-40be-8a68-4301dbfe452c,Rogue Archer,rogue-archer-ok,commercial,active,False,2769 E 2070 Rd,74743,,,,,,,,,False,False,False,False,,,False,False,,,false,false,"[""state-range-photos/oklahoma/Rogue Archer (Hugo).jpg""]","Archery range located in Hugo, OK.",Hugo,Oklahoma
933a8f0c-79da-4fb1-9175-00d0dfb4be17,Root River Archery,root-river-archery-wi,commercial,active,False,4820 6 Mile Rd,53402,,,+12624566055,info@rootriverarchery.com,https://www.rootriverarchery.com/,Mon: 11-5; Tue-Fri: 11-7; Sat: 10-3; Sun: Closed,,,True,False,False,False,,,False,True,,,false,false,"[""https://images.unsplash.com/photo-1574607774561-e645c79a2478?w=800&h=400&fit=crop""]","Archery range located in Racine, WI.",Racine,Wisconsin
ec2924a1-05c1-43ed-a48f-de7921ddc61a,Roots Outdoors,roots-outdoors-ga,commercial,active,False,38 Oak St,30233,,,+16787748722,support@roots-outdoors.com,https://www.roots-outdoors.com/,,,,False,False,False,False,,,False,False,,,false,false,"[""state-range-photos/georgia/Roots Outdoors (Jackson).jpg""]","Archery range located in Jackson, GA.",Jackson,Georgia
128f5f8b-3637-4d28-8c16-775ce4e1d7c2,Ross County Bowhunters,ross-county-bowhunters-oh,volunteer_club,active,False,3085 Moss Hollow Rd,45601,,,+17406060593,rosscountybowhunters@gmail.com,,,,,False,False,False,False,,,False,False,,,false,false,"[""state-range-photos/ohio/Ross County Bowhunters (Chillicothe).jpg""]",ASA-affiliated 3D archery club. Contact: Brandon Rowan.,Chillicothe,Ohio
8c410c78-13a4-4e73-bc82-ea3b16f02a79,Ross Outdoors,ross-outdoors-az,commercial,active,False,"407 S 17th Ave, Phoenix, AZ 85007",,,,+16023861266,service@rossoutdoors.com,https://www.rossoutdoors.com,"Mon-Thu 10:00 am-6:00 pm, Fri-Sat 9:00 am-5:00 pm, Sun Closed",,,True,False,False,False,,,False,True,,,false,false,"[""https://www.rossoutdoors.com/cdn/shop/files/TIm_2500x1669.jpg?v=1685752102""]","Archery range located in Phoenix, AZ.",Phoenix,Arizona
97af0f69-dfcd-4c0f-bcfa-e60ad04055b4,Roughrider Archers,roughrider-archers-nd,club,active,False,PO Box 1942,58602,,,,,,,,,False,False,False,False,,,False,False,,,false,false,"[""state-range-photos/north-dakota/Roughrider Archers (Dickinson).jpg""]","Archery range located in Dickinson, ND.",Dickinson,North Dakota
19c3d363-dbe7-459d-82f5-3067578355df,Royal Oak Archers Inc,royal-oak-archers-inc-mi,volunteer_club,active,False,2762 Orion Rd,48363,42.7574716,-83.2047725,(248) 693-9799,,https://www.royaloakarchers.org,,,,False,True,True,False,,,False,True,,,false,false,"[""state-range-photos/michigan/Royal Oak Archers Inc (Oakland Twp).jpg""]","Archery range located in Oakland Twp, MI.",Oakland Twp,Michigan
149f2413-945d-4944-ab24-4fa2f3485bfa,Rub Line Archery,rub-line-archery-va,volunteer_club,active,False,12797 Moneta Rd,24121,,,+15405892473,hunterj426@gmail.com,,,,,False,False,False,False,,,False,False,,,false,false,"[""state-range-photos/virginia/Rub Line Archery (Moneta).jpg""]",ASA-affiliated 3D archery club. Contact: Hunter Jacobs.,Moneta,Virginia
790e9803-d4e8-45f7-8c45-5bd3bcd83c52,Rustic Archery Shooters Club,rustic-archery-shooters-club-mi,volunteer_club,active,False,519 Ensley,49329,,,+12312458592,jenniferannemartindale@hotmail.com,,,,,False,False,False,False,,,False,False,,,false,false,"[""state-range-photos/michigan/Rustic Archery Shooters Club (Howard City).jpg""]",ASA-affiliated 3D archery club. Contact: Jennifer Martindale.,Howard City,Michigan
be371fb2-a461-415e-8621-ee9f5e56092f,Rusty Buck,rusty-buck-in,commercial,active,False,821 S. Adams St.,47042,39.0642702,-85.2561981,,,,,,,False,False,False,False,,,False,False,,,false,false,"[""state-range-photos/indiana/Rusty Buck (Versailles).jpg""]","Archery range located in Versailles, IN.",Versailles,Indiana
478f2aee-b462-4a15-a049-3ff5678b9563,SA Xtreme,sa-xtreme-tx,hybrid,active,False,4507 N Loop,78249,,,,tim@kinetickidstx.org,https://kinetickidstx.org/,,,,False,False,False,False,,,False,False,,,false,false,"[""state-range-photos/texas/SA Xtreme (San Antonio).jpg""]",USA Archery affiliated club. Programs: Junior Olympic Archery Development (JOAD),San Antonio,Texas
513eb416-333b-41cb-a16e-db6a14bdba0d,Saddle Mountain Archers,saddle-mountain-archers-or,volunteer_club,active,False,36919 Christians Ln,97103,46.1332149,-123.7916353,,,,,,,False,False,False,False,,,False,False,,,false,false,"[""state-range-photos/oregon/Saddle Mountain Archers (ASTORIA).jpg""]","Archery range located in ASTORIA, OR.",ASTORIA,Oregon
5b33d1c1-5426-4517-97a0-ad4e204e6dfe,Saddle River Range,saddle-river-range-tx,commercial,active,False,4280 FM 1488,77384,30.2266563,-95.5311357,936-271-2620,archerymanager@saddleriverrange.com,https://saddleriverrange.com,,,,False,False,False,False,,,False,False,,,false,false,"[""https://archerydirectory.com/wp-content/uploads/2025/07/Saddle-River-Range-Conroe-TX.png""]","Archery range located in Conroe, TX.",Conroe,Texas
14c57aef-fefc-4d92-b64c-898aabf5b231,Sage Creek Archery,sage-creek-archery-nc,volunteer_club,active,False,1101 Ladonia Church Rd,27030,,,+13366487755,sagecreek@surry.net,,,,,False,False,False,False,,,False,False,,,false,false,"[""https://i.ytimg.com/vi/wGTBoGdXTgY/maxresdefault.jpg""]",ASA-affiliated 3D archery club. Contact: David Smith.,Mt Airy,North Carolina
063da91d-2bee-411d-bc3a-4c87032e0cb3,Saginaw Field & Stream Club,saginaw-field-stream-club-mi,volunteer_club,active,False,1296 N GLEANER RD,48609,43.4273023,-84.1454923,(989) 642-8312,mschoch357@gmail.com,https://saginawfieldandstream.com,"Saturday: 9:00AM-1:00PM, Tuesday: 2:00PM-6:00PM",,,False,True,False,False,,,False,False,,,false,false,"[""state-range-photos/michigan/Saginaw Field  Stream Club (Saginaw).webp""]","Archery range located in SAGINAW, MI.",Saginaw,Michigan
b136c005-a852-47f9-a85e-da9891c6c675,Salina Bowmen Archery Club,salina-bowmen-archery-club-ks,volunteer_club,active,False,North 255th Road,67480,,,,teck91e@hotmail.com,http://www.salinabowmen.com/home.htm,,,,False,True,False,False,,,False,False,,,false,false,"[""state-range-photos/kansas/Salina Bowmen Archery Club (Niles).jpg""]",ASA-affiliated 3D archery club. Contact: Eric Schneweis.,Niles,Kansas
b252ad31-e27e-4d9d-a22e-d88d9fc8487a,Salinas Bowmen,salinas-bowmen-ca,volunteer_club,active,False,"238 Crazy Horse Canyon Rd, Salinas, CA 93907",93902,,,(831) 769-0200,salinasbowmen@yahoo.com,https://salinasbowmen.org,,,,False,True,True,False,,,False,False,,,false,false,"[""state-range-photos/california/Salinas Bowmen (SALINAS).jpg""]","Archery range located in Salinas, CA.",SALINAS,California
dc1de057-719c-4390-aa13-485b3fe02270,Salt River Bowhunters,salt-river-bowhunters-mo,volunteer_club,active,False,6166 Shelby 340,63469,,,+15735884868,rustyh64@yahoo.com,,,,,False,False,False,False,,,False,False,,,false,false,"[""state-range-photos/missouri/Salt River Bowhunters (Shelbyville).jpg""]",ASA-affiliated 3D archery club. Contact: Rusty Hammond.,Shelbyville,Missouri
1ae20943-46f1-444e-aacc-d15cf274ab4f,Salthawk Archery,salthawk-archery-ks,volunteer_club,active,False,3700 West 4th,67501,,,+16208998334,jessiexc25@gmail.com,,,,,False,False,False,False,,,False,False,,,false,false,"[""https://hutchtribune.com/wp-content/uploads/2026/03/HUTCH-SalthawkArcheryClub.jpg""]",ASA-affiliated 3D archery club. Contact: Jessica Vaile.,Hutchinson,Kansas
f94623e0-fe66-4c69-88b5-4d3c8f88a9e8,Saluda River Archery Club,saluda-river-archery-club-sc,hybrid,active,False,"3318 Hwy 153, Suite 2",29673,,,,saludariverarchery@gmail.com,http://www.saludariverarchery.com,,,,True,False,False,False,,,True,True,$40 first lesson / $35 additional / $60 lesson for two / $20 per person group,,false,false,"[""state-range-photos/south-carolina/Saluda River Archery Club (Piedmont).jpg""]","USA Archery affiliated club. Programs: Junior Olympic Archery Development (JOAD), Adult Archery Program, 3D Archery",Piedmont,South Carolina
a12c135b-2fa7-485d-b1c6-305a22093491,Sam's Christian Archery,sam-s-christian-archery-nc,club,active,False,,,,,+18286698830,,,,,,False,False,False,False,,,False,False,,,false,false,"[""state-range-photos/north-carolina/Sams Christian Archery (Black Mountain).jpg""]","Archery range located in Black Mountain, NC.",Black Mountain,North Carolina
530830a1-e99e-4fe0-8862-887e61126327,San Diego Archers,san-diego-archers-ca,volunteer_club,active,False,PO BOX 33918,92103,32.715738,-117.1610838,,rt8harrel@yahoo.com,https://sandiegoarchers.com,,,,False,False,False,False,,,False,False,,,false,false,"[""state-range-photos/california/San Diego Archers (San Diego).jpg""]","Archery range located in San Diego, CA.",San Diego,California
9d6e0591-c0fc-4e7e-987d-59881c980b11,San Francisco Archers,san-francisco-archers-ca,hybrid,active,False,"San Francisco Archers, Lundy Way & Rifle Range Road",94404,,,+16503559947,joad@sfarchers.org,http://www.sfarchers.org,,,,False,False,False,False,,,False,True,,,false,false,"[""https://sfarchers.org/wp-content/uploads/2018/03/1600_-DSC02183-400x320.jpg""]","USA Archery affiliated club. Programs: Junior Olympic Archery Development (JOAD), Adult Archery Program",Pacifica,California
f6231095-8a93-435d-9d1e-fc674faae4f5,San Juan Archers,san-juan-archers-nm,club,active,False,,,,,,,https://sjarchers.org/,,,,False,False,False,False,,,False,False,,,false,false,"[""https://images.squarespace-cdn.com/content/v1/5e1918c86eeb973ee1af7ee9/1585527274178-1MC3V9K07X9PO37MVP49/Adjustments.jpeg?format=1500w""]","Archery range located in Farmington, NM.",Farmington,New Mexico
91036d97-7daf-4f35-ac7f-13b52443bad9,Sanctuary Archery,sanctuary-archery-ok,volunteer_club,active,False,314 Fairley Rd,74501,,,+19189020732,b.gray2627@gmail.com,,,,,False,False,False,False,,,False,False,,,false,false,"[""state-range-photos/oklahoma/Sanctuary Archery (McAlister).jpg""]",ASA-affiliated 3D archery club. Contact: Brandon Gray.,McAlister,Oklahoma
d5ad035b-0d8e-427b-9814-86017b41befb,Sandhills Archery Club,sandhills-archery-club-nd,volunteer_club,active,False,PO BOX 1022,58107-1022,46.88,-96.79,,,https://www.sandhillsarchers.org,,,,False,False,False,False,,,False,False,,,false,false,"[""state-range-photos/north-dakota/Sandhills Archery Club (FARGO).jpg""]","Archery range located in FARGO, ND.",FARGO,North Dakota
665bb30b-578d-4530-90ad-9efac9689284,Sandia Crest Bowhunters Association,sandia-crest-bowhunters-association-nm,club,active,False,,,,,,,,,,,False,False,False,False,,,False,False,,,false,false,"[""state-range-photos/new-mexico/Sandia Crest Bowhunters Association (Albuquerque).jpg""]","Archery range located in Albuquerque, NM.",Albuquerque,New Mexico
9c6efc5a-6874-45e0-a078-44d34ba88e99,"Sandune Archery Club, Inc",sandune-archery-club-inc-sc,club,active,False,7485 Butler Rd,29585,,,+18433402357,irishmen2008@hotmail.com,https://sandunearchery.com/,,,,False,True,False,True,$35.00 single / $50.00 family,$10.00 (14-day visitor pass),False,False,,,false,false,"[""state-range-photos/south-carolina/Sandune Archery Club Inc (Myrtle Beach).jpg""]",ASA-affiliated archery club. Status: Expired 2025,Myrtle Beach,South Carolina
f0a2e239-d6f3-42e2-a12e-62564a900b8b,Santa Clarita Archery Range,santa-clarita-archery-range-ca,public,active,False,Haskell Canyon Open Space,,,,+16612592489,,https://santaclarita.gov/recreation/facilities/archery/,"Dawn till dusk, seven days a week",,,False,False,False,False,,Free,False,False,,,false,false,"[""https://santaclarita.gov/recreation/wp-content/uploads/sites/26/2023/06/636948159758430000.png""]","Archery range located in Santa Clarita, CA.",Santa Clarita,California
615124f7-3cea-4d13-9577-07728d383c53,Santa Cruz Archers,santa-cruz-archers-ca,volunteer_club,active,False,151 Brookwood Drive,95065,36.9972579,-121.9925509,,go2garrett2@gmail.com,https://santacruzarchers.com,,,,False,False,False,False,,,False,False,,,false,false,"[""https://localwiki.org/media/cache/5d/37/5d378172fc9786c78a9e44b767d384ef.jpg""]","Archery range located in Santa Cruz, CA.",Santa Cruz,California
14377472-ae40-4f8c-b364-6a623e2d38cf,Santa Maria Gun Club,santa-maria-gun-club-ca,commercial,active,False,3150 Telephone Road,93454,34.9018198,-120.3830362,,elkhunter45120@msn.com,https://santamariagunclub.org,,,,False,False,False,False,,,False,False,,,false,false,"[""state-range-photos/california/Santa Maria Gun Club (SANTA MARIA).jpg""]","Archery range located in SANTA MARIA, CA.",SANTA MARIA,California
6bfe19b5-7587-4dde-a521-005ce6d4823e,Santa Paula Archery,santa-paula-archery-ca,hybrid,active,False,530 West Main Street,93060,,,805-933-4226,gbarnes@spcity.org,https://sparchery.usarchery.org/,,,,False,False,False,False,,,False,False,,,false,false,"[""state-range-photos/california/Santa Paula Archery (Santa Paula).jpg""]","USA Archery affiliated club. Programs: Junior Olympic Archery Development (JOAD), Adult Archery Program",Santa Paula,California
ada1c5ac-34cb-4cf0-8536-4b47939f148e,Santiago Park Archers,santiago-park-archers-ca,volunteer_club,active,False,2535 N. Main Street,92706,33.7705476,-117.8671907,,ryddragyn@gmail.com,https://santiagoarchers.org,,,,False,False,False,False,,,False,False,,,false,false,"[""state-range-photos/california/Santiago Park Archers (Santa Ana).png""]","Archery range located in Santa Ana, CA.",Santa Ana,California
7836ca2b-23f7-4116-af29-67b2c770941f,Sapphire Mountain Archery,sapphire-mountain-archery-mt,hybrid,active,False,1567 Sleeping Child Road,59840,,,,SapphireMountainArchery@gmail.com,,,,,False,False,False,False,,,False,False,,,false,false,"[""https://images.squarespace-cdn.com/content/v1/67d08b3d40626d3a4aee55e9/60f7c008-2540-4b47-87b6-2381b2bf7a78/JAS01237.jpg?format=2500w""]","USA Archery affiliated club. Programs: Junior Olympic Archery Development (JOAD), Adult Archery Program",Hamilton,Montana
02172f71-5ef1-4f7a-a831-7a949ca32c17,Sarasota Archers Inc,sarasota-archers-inc-fl,club,active,False,"4570 17th Street, Sarasota, FL 34235",34232,,,,info@SarasotaArchers.org,http://www.sarasota-archers.org,,,,False,False,False,False,,,False,True,,,false,false,"[""https://images.unsplash.com/photo-1574607774561-e645c79a2478?w=800&h=400&fit=crop""]","Archery range located in Sarasota, FL.",Sarasota,Florida
16b07f12-47db-4b8c-810d-fa1484a48977,Sarasota Archery Academy,sarasota-archery-academy-fl,hybrid,active,False,7524 Castle Dr,34240,,,,SarasotaArchery@gmail.com,http://SarasotaArcheryAcademy.c,,,,False,False,False,False,,,False,False,,,false,false,"[""https://d2yehq1q0ukhbt.cloudfront.net/67b69401b3f3e-DSC09537.jpg""]","USA Archery affiliated club. Programs: Junior Olympic Archery Development (JOAD), Adult Archery Program, 3D Archery, Field Archery",Sarasota,Florida
50822d7b-734c-4f5f-be49-9ac48e502e38,Saratoga Archery Club,saratoga-archery-club-mn,volunteer_club,active,False,1720 County Road 9,56175,44.302798,-95.694201,507-829-4436,archery@saratogaarchery.com,https://saratogaarchery.com/,,,,False,False,False,False,,,False,False,,,false,false,"[""state-range-photos/minnesota/Saratoga Archery Club (Tracy).jpg""]","Archery range located in Tracy, MN.",Tracy,Minnesota
f55082a5-72b3-46ab-a60d-c10f359d9a3c,Sattva Center for Archery Training,sattva-center-for-archery-training-ma,hybrid,active,False,89 South St. Holyoke MA 01040,01040,,,866-972-8882,HelloYellow@Sattvaarchery.com,http://sattvaarchery.com,,,,True,True,True,False,,,False,True,,,false,false,"[""state-range-photos/massachusetts/Sattva Center for Archery Training (Holyoke).jpg""]","USA Archery affiliated club. Programs: Junior Olympic Archery Development (JOAD), Adult Archery Program, 3D Archery, Field Archery",Holyoke,Massachusetts
1fc23b12-7f11-4f4c-a849-8c379337c710,Schaffer Performance Archery,schaffer-performance-archery-mn,commercial,active,False,"1403 Cliff Road East, Burnsville, MN 55337",55337,,,952-894-4139,,https://www.schafferarchery.com/,,,,True,False,False,False,,,False,False,,,false,false,"[""state-range-photos/minnesota/Schaffer Performance Archery (Burnsville).jpg""]","Archery range located in Burnsville, MN.",Burnsville,Minnesota
d4db561c-84c6-477a-8771-79a24b020b83,Scioto Grove Park Archery Range,scioto-grove-park-archery-range-oh,public,active,False,"5172 Jackson Pike, Grove City, OH 43123",43123,,,+16149491078,,,,,,False,False,False,False,,,False,False,,,false,false,"[""https://www.metroparks.net/wp-content/uploads/2024/10/1200px_SGR-Archery-Macy-T.jpg""]","Archery range located in Grove City, OH.",Grove City,Ohio
de3529b5-a012-4be8-bab0-d66b1ec5551d,Screaming Eagle Archery Fairbanks,screaming-eagle-archery-fairbanks-ak,commercial,active,False,"409 E College Road, Unit 3, Fairbanks, AK 99701",99701,,,907-328-2938,SEArcheryAK@gmail.com,https://www.screamingeaglearchery.com/,"Mon Closed, Tue-Fri 11:00am-6:00pm, Sat 10:00am-4:00pm, Sun Closed",,,True,False,False,False,,,False,False,,,false,false,"[""state-range-photos/alaska/Screaming Eagle Archery Fairbanks (FAIRBANKS).jpg""]","Archery range located in Fairbanks, AK.",FAIRBANKS,Alaska
f58eb408-3d1e-4282-8917-f4bcf9b5f8dd,Screaming Eagle Archery Of Alaska,screaming-eagle-archery-of-alaska-ak,commercial,active,False,"210 E. Park Avenue, Wasilla, AK 99654",99654,61.5774044,-149.4465034,907-376-2699,SEArcheryAK@gmail.com,https://www.screamingeaglearchery.com/,"Mon Closed, Tue-Fri 11:00am-6:30pm, Sat 11:00am-4:00pm, Sun Closed",,,True,False,False,False,,,False,True,,,false,false,"[""state-range-photos/alaska/Screaming Eagle Archery Of Alaska (WASILLA).jpg""]","Archery range located in WASILLA, AK.",WASILLA,Alaska
16772f1f-38e2-4795-aee8-30f7005a6b0b,SDT Armory,sdt-armory-ct,commercial,active,False,415 Boston Post Rd Ste 3-539,06460,,,,,,,,,False,False,False,False,,,False,False,,,false,false,"[""state-range-photos/connecticut/SDT Armory (Milford).jpg""]","Archery range located in Milford, CT.",Milford,Connecticut
d4abfa83-0dae-4f8c-aa30-3110da5b3804,SeiChu Kyudo Kai,seichu-kyudo-kai-wa,hybrid,active,False,14224 NE Bel Red Rd,98007,,,,seichukyudowa@gmail.com,https://www.seichukyudo.com/,,,,False,False,False,False,$100 per year,$50 per session (open shoot); $30 for 3-hour class,True,True,,,false,false,"[""state-range-photos/washington/SeiChu Kyudo Kai (Bellevue).jpg""]",USA Archery affiliated club. Programs: Adult Archery Program,Bellevue,Washington
d66604cb-0e63-432e-a427-0b8868cee7fc,Sendero Shooting Sports,sendero-shooting-sports-tx,commercial,active,False,3360 W US Hwy 190 Service Rd,76513,,,(254) 613-4666,,https://senderoshootingsports.com,Sun 12PM-6PM; Mon 12PM-7PM; Tue Closed; Wed 12PM-7PM; Thu 12PM-7PM; Fri 12PM-7PM; Sat 10AM-7PM,,,False,False,False,False,,,False,False,,,false,false,"[""https://static.wixstatic.com/media/9774ab_c7dcb837c783493ba84bfe439b741bde~mv2.jpg/v1/fill/w_980,h_377,fp_0.53_0.53,q_90/9774ab_c7dcb837c783493ba84bfe439b741bde~mv2.jpg""]","Archery range located in Belton, TX.",Belton,Texas
c3fa6a53-d8b7-4f93-85c2-95cc5f4dde15,Seneca Lake Duck Hunters,seneca-lake-duck-hunters-ny,club,active,False,2188 NY-14,14527,,,315-536-9889,,https://www.senecalakeduckhunters.net/,Wed 4pm-10pm; Fri 4pm-1am; Sat 10am-1am; Sun 10am-7pm,,,False,False,True,False,$40/year,,False,False,,,false,false,"[""https://images.unsplash.com/photo-1574607774561-e645c79a2478?w=800&h=400&fit=crop""]","Archery range located in Penn Yan, NY.",Penn Yan,New York
363e9cdf-cd68-4569-b046-bc7acff3c839,Shady Oaks Gun Range,shady-oaks-gun-range-tx,commercial,active,False,3100 Woodall Dr,78613,,,512-394-7734,,https://www.shadyoaksgunrange.com,Mon-Sat 11am-7pm; Sun 12pm-6pm,,,False,False,True,False,,,False,False,,,false,false,"[""state-range-photos/texas/Shady Oaks Gun Range (Cedar Park).jpg""]","Archery range located in Cedar Park, TX.",Cedar Park,Texas
c977f073-fe61-468f-96a6-61190fd9dff8,Shasta Mountain Archers,shasta-mountain-archers-ca,volunteer_club,active,False,WA Barr Road,96067,41.2968432,-122.3228539,+15309491955,shastamountainarchers@gmail.com,https://shastamountainarchers.com,,,,False,False,False,False,,,False,False,,,false,false,"[""state-range-photos/california/Shasta Mountain Archers (MOUNT SHASTA).jpg""]","Archery range located in MOUNT SHASTA, CA.",MOUNT SHASTA,California
eda9017c-3b5e-43c1-8fa4-cdba1cfa0b22,Shatterproof Archery,shatterproof-archery-co,commercial,active,False,1547 Paonia St,80915,,,719-232-1434,contact@shatterproofarchery.com,https://www.shatterproofarchery.com/,,,,False,False,False,False,,,False,False,,,false,false,"[""https://archerydirectory.com/wp-content/uploads/2025/08/Archery-Services-in-Zip-Code-80915.png""]","Archery range located in Colorado Springs, CO.",Colorado Springs,Colorado
6b774f1f-54e7-4c1a-b0d2-03f2071ebf7b,Shelby County Archers,shelby-county-archers-oh,club,active,False,"9120 Sidney-Freyburg Road, Sidney, OH 45365",,,,+19374921946,,,,,,False,True,False,False,,,False,False,,,false,false,"[""state-range-photos/ohio/Shelby County Archers (Sidney).jpg""]","Archery range located in Sidney, OH.",Sidney,Ohio
841c2e8c-541e-4cc6-8e93-758838a7ab79,Shelby Trails Archery Range,shelby-trails-archery-range-ky,volunteer_club,active,False,4060 Webb Road,40067,,,+15024196119,coachdadkins@gmail.com,,,,,False,False,False,False,,,False,False,,,false,false,"[""https://s3-media0.fl.yelpcdn.com/bphoto/3xKfasiKQDyK3CwX7vPb6w/o.jpg""]",ASA-affiliated 3D archery club. Contact: Doug Adkins.,Simpsonville,Kentucky
69637614-2914-4080-99e2-96de3215a276,Shell Pond Outdoors LLC,shell-pond-outdoors-llc-fl,volunteer_club,active,False,15491 NE 75th Street,32696,,,+13522586266,spollo32696@gmail.com,,,,,False,False,False,False,,,False,False,,,false,false,"[""state-range-photos/florida/Shell Pond Outdoors LLC (Williston).jpg""]",ASA-affiliated 3D archery club. Contact: Scott Pollock.,Williston,Florida
3f80d40d-ff3d-40ea-8922-b6d7f008d03e,Shenandoah County Archers,shenandoah-county-archers-va,volunteer_club,active,False,650 Jesse Ln,22657,,,+15403331310,terryballowe@yahoo.com,,,,,False,False,False,False,,,False,False,,,false,false,"[""state-range-photos/virginia/Shenandoah County Archers (Strasburg).jpg""]",ASA-affiliated 3D archery club. Contact: Terry  Ballowe.,Strasburg,Virginia
5eb19a2e-e4db-410b-9d57-bbd6c4bb54b8,Sheridan County Sportsmen,sheridan-county-sportsmen-wy,club,active,False,89 Keystone Road,,,,(307) 672-6450,scsa155@yahoo.com,https://www.scsarange.org/,,,,False,False,False,True,,,False,False,,,false,false,"[""state-range-photos/wyoming/Sheridan County Sportsmen (Sheridan).jpg""]","Archery range located in Sheridan, WY.",Sheridan,Wyoming
3b566cd1-5641-4f71-9c6d-21d8b1f77446,Sherwood Archers,sherwood-archers-va,volunteer_club,active,False,2720 Timberview Rd,24153,37.3485439,-80.0151489,,matman_24174@yahoo.com,https://sherwoodarchers.org/,,,,False,True,True,False,,,False,False,,,false,false,"[""https://i.ytimg.com/vi/0TiV8Rx4RpA/maxresdefault.jpg""]","Archery range located in Roanoke, VA.",Roanoke,Virginia
0541ac39-b795-425a-9bfd-29a32cce2c32,Sherwood Archery,sherwood-archery-tx,commercial,active,False,9739 County Road 231,77831,,,+17132018024,,http://sherwoodtargetarchery.com,,,,False,False,False,False,,,False,False,,,false,false,"[""state-range-photos/texas/Sherwood Archery (Bedias).jpg""]","Archery range located in Bedias, TX.",Bedias,Texas
ebd15248-7281-4ae7-834c-6a265536a450,Sherwood Archery,sherwood-archery-oh,volunteer_club,active,False,"910 Twp Road 384, Steubenville, OH 43952",43952,40.4184306,-80.6816436,740-219-0443,clash10660@gmail.com,,,,,False,True,False,False,,,False,False,,,false,false,"[""state-range-photos/ohio/Sherwood Archery (Steubenville).jpg""]","Archery range located in Steubenville, OH.",Steubenville,Ohio
68b31b48-9e85-4187-b834-47da4c9665c9,Sherwood Forest Bowmen,sherwood-forest-bowmen-wi,commercial,active,False,N61W25600 Walnut Rd,53089,,,(262) 538-1879,sherwoodforestbowmen@gmail.com,http://www.sherwoodforestbowmen.com,,,,False,True,False,True,,,False,False,,,false,false,"[""state-range-photos/wisconsin/Sherwood Forest Bowmen (Sussex).jpg""]","Archery range located in Sussex, WI.",Sussex,Wisconsin
1a7754a7-f3aa-4c70-b5df-19d3b2e6bfad,Shoot Fire Shooters,shoot-fire-shooters-ok,volunteer_club,active,False,58596 Lenox Pl,74949,,,+19183734711,shootfireshooters@gmail.com,,,,,False,False,False,False,,,False,False,,,false,false,"[""state-range-photos/oklahoma/Shoot Fire Shooters (Muse).jpg""]",ASA-affiliated 3D archery club. Contact: Bobby Pinley.,Muse,Oklahoma
d879a494-b9fd-4126-b086-d984672a98d5,Shooting Star Archery Academy Inc,shooting-star-archery-academy-inc-pa,hybrid,active,False,89 Municipal Rd.,18947,,,,shootingstararchery@gmail.com,http://www.shootingstararcheryacademy.com,,,,False,False,False,False,,,False,False,,,false,false,"[""https://www.shootingstararcheryacademy.com/files/shooting-star-balloons-pumpkins.jpg""]",USA Archery affiliated club. Programs: Junior Olympic Archery Development (JOAD),Pipersville,Pennsylvania
b493ba99-8d3e-49c1-93f2-24740875938a,Shooting Zone,shooting-zone-nj,hybrid,active,False,26 Johnson Ave,07601,,,,info@shootingzone.net,http://shootingzone.net,,,,False,False,False,False,,,False,True,,,false,false,"[""state-range-photos/new-jersey/Shooting Zone (Hackensack).jpg""]","USA Archery affiliated club. Programs: Junior Olympic Archery Development (JOAD), Adult Archery Program",Hackensack,New Jersey
584834df-64d5-4ebc-9460-9a3e3d0efa89,Show Me Shooting Sports,show-me-shooting-sports-mo,hybrid,active,False,"1970 E 39th Place South, 4106",64057,,,,showmeshootingsports@gmail.com,https://www.showmeshootingsports.org,,,,False,False,False,False,,,False,False,,,false,false,"[""state-range-photos/missouri/Show Me Shooting Sports (Independence).jpg""]","USA Archery affiliated club. Programs: Junior Olympic Archery Development (JOAD), Adult Archery Program, 3D Archery",Independence,Missouri
8bede38d-3a8e-46e1-8bad-1f2f3da7c906,Shrewd Outdoors,shrewd-outdoors-va,hybrid,active,False,201 E Main St,24153,37.2934294,-80.0556365,,info@shrewdoutdoors.com,http://www.shrewdoutdoors.com,Tuesday-Sunday: 11am-7pm,,,True,False,False,False,,,False,True,,,false,false,"[""https://images.unsplash.com/photo-1574607774561-e645c79a2478?w=800&h=400&fit=crop""]","USA Archery affiliated club. Programs: Junior Olympic Archery Development (JOAD), Adult Archery Program, 3D Archery",Salem,Virginia
e89c7f5e-0a62-4a93-b157-5032a8eaeb24,Silicon Valley Archery Development.,silicon-valley-archery-development-ca,volunteer_club,active,False,4022 Transport St,94303,,,,svad.archery@gmail.com,https://www.svadarchery.com/,,,,False,False,False,False,,,False,False,,,false,false,"[""https://images.unsplash.com/photo-1574607774561-e645c79a2478?w=800&h=400&fit=crop""]","Archery range located in Palo Alto, CA.",Palo Alto,California
ccc42cdd-5637-4d32-8afd-ed9edbb89f03,Silver Arrow Bowmen,silver-arrow-bowmen-wa,club,active,False,"20409 E Hickox Rd, Mount Vernon, WA 98274",,,,,secretary@silverarrowbowmen.com,https://www.silverarrowbowmen.com/,,,14,False,False,True,False,$75 Single / $100 Family per year,$10 per person per day (all ranges),False,False,,,false,false,"[""https://images.squarespace-cdn.com/content/v1/64a863d6426b341b2b57c835/dbdc6f1f-fc58-459d-99c9-69b4c2623255/270468316_10160250836146967_6833819382262567358_n.jpeg""]","Archery range located in Mount Vernon, WA.",MOUNT VERNON,Washington
8661084c-eb25-4f9a-87c9-274f3ff266f4,Silver Bow Archers,silver-bow-archers-mt,club,active,False,P.O. Box 3843,59701,,,,,,,,,False,False,False,False,,,False,False,,,false,false,"[""state-range-photos/montana/Silver Bow Archers (Butte).jpg""]","Archery range located in Butte, MT.",Butte,Montana
733f8dc0-2880-49dd-af2c-95a73f4fe270,Silver City Archery Co,silver-city-archery-co-nm,volunteer_club,active,False,11585B Hwy 180 E,88061,,,+15753134165,m_ormand@hotmail.com,,,,,False,False,False,False,,,False,False,,,false,false,"[""state-range-photos/new-mexico/Silver City Archery Co (Silver City).jpg""]",ASA-affiliated 3D archery club. Contact: Mark Ormand.,Silver City,New Mexico
5f204c8f-5937-46b5-befd-86b1d8efcf62,Silver Creek Metro Park Archery Range,silver-creek-metro-park-archery-range-oh,public,active,False,,,,,+13308675511,,http://www.summitmetroparks.org/silver-creek-metro-park.aspx,,,,False,False,False,False,,,False,False,,,false,false,"[""https://images.unsplash.com/photo-1574607774561-e645c79a2478?w=800&h=400&fit=crop""]","Archery range located in Doylestown, OH.",Doylestown,Ohio
cf7e6179-3812-4345-92b2-34593b693f8a,Silver Eagles Archery,silver-eagles-archery-oh,volunteer_club,active,False,7569 Lick Run Lyra Rd,45694,,,+17405742284,bossstabilizers@gmail.com,,,,,False,False,False,False,,,False,False,,,false,false,"[""state-range-photos/ohio/Silver Eagles Archery (Wheelersburg).jpg""]",ASA-affiliated 3D archery club. Contact: Karl Stanley.,Wheelersburg,Ohio
54b0ac35-1de9-495a-ad75-54be754f5d8e,Silver Springs Archers Inc.,silver-springs-archers-inc-fl,club,active,False,5227 NE 35th St,34488,,,+13522167954,robinstratton@outlook.com,,,,,False,False,False,False,,,False,False,,,false,false,"[""https://www.ocalamarion.com/imager/files_idss_com/C201/12c7dc58-c206-4625-8e89-d37009749e48_e45adf5f6bc0c5c2a30a39868f44eab6.JPG""]",ASA-affiliated archery club. Status: Expired 2025,Ocala,Florida
e934e592-feb0-4d16-a87e-f8286c04b515,Silverado Archery Club,silverado-archery-club-ca,volunteer_club,active,False,PO BOX 424,94559-0424,38.22965,-122.3220894,,dcravea@gmail.com,https://silveradoarchers.com,,,,False,False,False,False,,,False,False,,,false,false,"[""state-range-photos/california/Silverado Archery Club (NAPA).jpg""]","Archery range located in NAPA, CA.",NAPA,California
97787549-3538-4b8b-aadb-c6a72e3d021e,Singers Glen Bowbenders Club,singers-glen-bowbenders-club-va,commercial,active,False,"8065 Bowbender Lane, Singers Glen, VA 22850",22850,,,,bowbenders@hotmail.com,http://singersglenbowbendersclub.weebly.com/,,,,False,True,True,True,$50,,False,False,,,false,false,"[""https://images.unsplash.com/photo-1574607774561-e645c79a2478?w=800&h=400&fit=crop""]",IBO pro shop (IBO directory).,Singers Glen,Virginia
2490dd6d-f5e3-4c5e-915b-7b6173798dee,Singletary Rod & Gun Club,singletary-rod-gun-club-ma,commercial,active,False,"300 Sutton Ave, Oxford, MA 01540",01540,,,,,,,,,False,False,False,False,,,False,False,,,false,false,"[""state-range-photos/massachusetts/Singletary Rod  Gun Club (Oxford).jpg""]",IBO pro shop (IBO directory).,Oxford,Massachusetts
acd4e95f-afe3-4b6f-b0d0-132737c4dcfb,SiWen Archery,siwen-archery-mi,hybrid,active,False,8855 Woodbury Rd,48848,,,,siwenarchery@gmail.com,https://siwenlearning.com/siwen-archery-homepage/,,,,False,False,False,False,,,True,True,"$30/class, $115/4 classes","Genesis, Recurve Barebow, Olympic Recurve, Compound",false,false,"[""state-range-photos/michigan/SiWen Archery (Laingsburg).jpg""]","USA Archery affiliated club. Programs: Junior Olympic Archery Development (JOAD), Adult Archery Program, Olympic Archery in the Schools",Laingsburg,Michigan
67f86c68-ddfa-4b42-bb48-4fc9d7cea8f7,Skookum Archers Club & Range,skookum-archers-club-range-wa,club,active,False,11209 Shaw Road East,,,,+12534466226,skookumarchers@gmail.com,https://skookumarchers.com/,,,,False,False,True,False,,,False,True,,,false,false,"[""https://archerylessons.info/ranges/wp-content/uploads/2024/09/Skookum-Archers3.jpg""]","Archery range located in Puyallup, WA.",PUYALLUP,Washington
82d36da5-100e-4d8b-b8bf-2ac0eae7cf3e,Slingin' Arrows,slingin-arrows-ar,commercial,active,False,1100 E Main St,71730,33.2119623,-92.6517345,+18706398133,bsmithslinginarrows@gmail.com,,,,,False,False,False,False,,,False,False,,,false,false,"[""state-range-photos/arkansas/Slingin Arrows (El Dorado).jpg""]","Archery range located in El Dorado, AR.",El Dorado,Arkansas
9d7ab5fa-818e-4386-b342-8aa7940022cc,Smith Point Archery Lanes,smith-point-archery-lanes-ny,commercial,active,False,215 East Main Street,11772,,,(631) 289-3399,,https://smithpointarchery.com/,Mon 12pm-9pm; Tue 12pm-7pm; Wed 12pm-9pm; Thu 12pm-7pm; Fri 12pm-9pm; Sat-Sun 12pm-5pm,,,True,False,False,False,,Range Fee $20.00; Bow Rental $35.00,True,True,,,false,false,"[""https://smithpointarchery.com/wp-content/uploads/2018/02/IMG_0165.jpg""]","Archery range located in Patchogue, NY.",Patchogue,New York
276f3667-de5c-4106-9d83-3f1dec26b892,Smith Point JOAD,smith-point-joad-ny,hybrid,active,False,215 E Main St.,11772,,,,smithpointjoad@gmail.com,http://smithpointjoad.com,,,,False,False,False,False,,"$20/person (beginner, equipment included); $10/person with Smith Point Membership (advanced)",False,True,,,false,false,"[""https://smithpointarchery.com/wp-content/uploads/2014/08/Eliot-JOAD-2014-123-e1407445959440.jpg""]","USA Archery affiliated club. Programs: Junior Olympic Archery Development (JOAD), Adult Archery Program",Patchogue,New York
ff653b09-620e-40aa-ba36-6372f2ab6167,Smoky Mountain Archers,smoky-mountain-archers-tn,volunteer_club,active,False,2327 Rifle Range Road,37918,36.049071,-83.951174,+18654661437,smokymtnarchers@gmail.com,,,,,False,False,False,False,,,False,False,,,false,false,"[""state-range-photos/tennessee/Smoky Mountain Archers (KNOXVILLE).jpg""]","Archery range located in KNOXVILLE, TN.",KNOXVILLE,Tennessee
687c4735-9e47-4a4b-b9d4-50e4023de9ce,Smythe County Archery Club,smythe-county-archery-club-va,commercial,active,False,"104 Thomas Bridge Road, Marion, VA 24354",24354,,,,,,,,,False,False,False,False,,,False,False,,,false,false,"[""state-range-photos/virginia/Smythe County Archery Club (Marion).jpg""]",IBO pro shop (IBO directory).,Marion,Virginia
07d381df-b2ed-438e-a4cc-00434d2aac20,Sod Archery Club,sod-archery-club-wv,volunteer_club,active,False,20 Doris Lane,25564,,,+13049418811,sodarcheryman1@gmail.com,,,,,False,False,False,False,,,False,False,,,false,false,"[""state-range-photos/west-virginia/Sod Archery Club (Sod).jpg""]",ASA-affiliated 3D archery club. Contact: Lindell Marker.,Sod,West Virginia
8ae66753-70cd-49d4-8740-dd1eabc81dda,Somers Sportsmen's Association,somers-sportsmen-s-association-ct,club,active,False,"80 Denison Rd, Somers, CT 06071",06071,,,,info@somerssportsmen.com,https://somerssportsmens.com/,,,,False,False,False,True,$215 first year; $125/year renewal,,False,False,,,false,false,"[""state-range-photos/connecticut/Somers Sportsmens Association (Somers).jpg""]","Archery range located in Somers, CT.",Somers,Connecticut
ffd6fe5b-a7f7-475b-8712-ffdcde9a91d5,Sonoma County Bowmen,sonoma-county-bowmen-ca,volunteer_club,active,False,600 MONTE VISTA LN,94952,38.254798,-122.7184463,,mar2steved@gmail.com,https://scbarchery.net,,,,False,False,False,False,,,False,False,,,false,false,"[""state-range-photos/california/Sonoma County Bowmen (Petaluma).png""]","Archery range located in PETALUMA, CA.",Petaluma,California
d97d9e3e-d8e1-4d26-aaac-9fcfe62bab64,Sorghum Road Archery,sorghum-road-archery-tn,club,active,False,1712 Sorghum Rd,38320,,,,bowfisher2012@gmail.com,https://mydukaan.io/tatersarchery,,,,False,False,False,False,,,False,False,,,false,false,"[""state-range-photos/tennessee/Sorghum Road Archery (Holladay).jpg""]",ASA-affiliated archery club. Status: Expired 2025,Holladay,Tennessee
12c438e5-2211-411f-b459-c9494d54829d,Souls In Archery,souls-in-archery-nc,club,active,False,,,,,252.714.1627,,,,,,False,False,False,False,,,False,False,,,false,false,"[""state-range-photos/north-carolina/Souls In Archery (Ayden).jpg""]","Archery range located in Ayden, NC.",Ayden,North Carolina
953b5202-1de0-48d3-a3a2-043522a0070b,Souris Valley Bowmen,souris-valley-bowmen-nd,club,active,False,PO Box 1562,58702,,,,sourisvalleybowmen@hotmail.com,https://sourisvalleybowmen.com/,"Mon-Fri 10am-8pm, Sat 10am-4pm, Sun 10am-6pm",,,False,False,False,False,,,False,False,,,false,false,"[""state-range-photos/north-dakota/Souris Valley Bowmen (Minot).jpg""]","Archery range located in Minot, ND.",Minot,North Dakota
03cef869-c595-4eb1-a952-b41e6ecb652a,South Bay Archery Club,south-bay-archery-club-ca,volunteer_club,active,False,18103 Evelyn Ave.,90248,,,,joyburk@yahoo.com,https://southbayarcheryclub.com,,,,False,False,False,False,,,False,False,,,false,false,"[""https://images.unsplash.com/photo-1574607774561-e645c79a2478?w=800&h=400&fit=crop""]","Archery range located in Gardena, CA.",GARDENA,California
66e40178-0f68-4720-98a3-74935a5efff2,South Bay Archery Club Inc,south-bay-archery-club-inc-ca,volunteer_club,active,False,18103 EVELYN AVE,90248,33.8663169,-118.3028905,+13103872153,joyburk@yahoo.com,https://southbayarcheryclub.com,,,,False,False,False,False,,,False,False,,,false,false,"[""https://images.unsplash.com/photo-1574607774561-e645c79a2478?w=800&h=400&fit=crop""]","Archery range located in GARDENA, CA.",GARDENA,California
9a999bce-8544-4829-a8f0-b9bfc297d0d0,South Bay Archery Lessons,south-bay-archery-lessons-ca,commercial,active,False,635 S. Prospect Ave #206,90277,,,,southbayarcher@gmail.com,https://www.southbayarcherylessons.com,,,,False,False,False,False,,,False,False,,,false,false,"[""state-range-photos/california/South Bay Archery Lessons (Redondo Beach).jpg""]","Archery range located in Redondo Beach, CA.",Redondo Beach,California
8c641121-4454-4859-a59b-ce64f9b2aecb,South Bay Archery Lessons - Redondo,south-bay-archery-lessons-redondo-ca,commercial,active,False,1300 Kingsdale Ave.,90278,,,,contact@southbayarcherylessons.com,https://www.southbayarcherylessons.com/,,,,False,False,False,False,,,False,False,,,false,false,"[""state-range-photos/california/South Bay Archery Lessons - Redondo (Redondo Beach).jpg""]","Archery range located in Redondo Beach, CA.",Redondo Beach,California
eb85c9ad-b640-4c52-820b-4d45dd02b7d3,South Bay Archery Lessons DBA California Indoor Archers,south-bay-archery-lessons-dba-california-indoor-archers-ca,volunteer_club,active,False,1300 Kingsdale Avenue #206,90278,33.866104,-118.3559623,,contact@southbayarcherylessons.com,https://www.southbayarcherylessons.com,,,,False,False,False,False,,,False,False,,,false,false,"[""state-range-photos/california/South Bay Archery Lessons DBA California Indoor Archers (Redondo Beach).jpg""]","Archery range located in Redondo Beach, CA.",Redondo Beach,California
b8a1a44f-6387-4a1f-a29f-0dd94c2dc18e,South Central Bowhunters of Iowa,south-central-bowhunters-of-iowa-ia,club,active,False,"1626 Rolland Ave., N.",50049,,,,,http://www.scbowhunters.com,,,,False,False,False,False,,,False,False,,,false,false,"[""state-range-photos/iowa/South Central Bowhunters of Iowa (Chariton).jpg""]","Archery range located in Chariton, IA.",Chariton,Iowa
1556e200-a89b-4461-b488-cd4b4e5db71c,South Florida Gun and Archery Club,south-florida-gun-and-archery-club-fl,club,active,False,,33196,,,,,,,,,False,False,False,False,,,False,False,,,false,false,"[""state-range-photos/florida/South Florida Gun and Archery Club (Miami).jpg""]","Archery range located in Miami, FL.",Miami,Florida
4445bdab-c558-47c6-a82b-1ce3c6905576,South Florida Kyudo Club,south-florida-kyudo-club-fl,hybrid,active,False,"5150 NW 109th Ave, Suite 4",33351,,,(754) 249-3160,jade.kyudo@gmail.com,http://www.southflkyudo.org,,,,False,False,False,False,,,False,False,,,false,false,"[""state-range-photos/florida/South Florida Kyudo Club (SUNRISE).jpg""]",USA Archery affiliated club. Programs: Adult Archery Program,SUNRISE,Florida
4dbc0b8e-ab8e-41e4-8c25-863474961bc3,South Fork Archers,south-fork-archers-id,volunteer_club,active,False,2150 York Road,83404,,,(208) 821-6988,Southforkarchers@gmail.com,https://www.southforkarchers.com/,,,,False,True,False,False,$50 individual / $90 family,,False,False,,,false,false,"[""https://images.squarespace-cdn.com/content/v1/594a76a0e4fcb553cd450286/1621977970745-59BKVZ5ZWJB9CE6QL2TU/20210515_132945.jpg""]",ASA-affiliated 3D archery club. Contact: Nick Watkins.,Idaho Falls,Idaho
ed379690-bde9-4248-9c53-4dec5ae9b096,South Jersey Archery Explorers,south-jersey-archery-explorers-nj,hybrid,active,False,203 Fairview Ave,08043,,,,btolzarchery@gmail.com,,,,,False,False,False,False,,,False,False,,,false,false,"[""state-range-photos/new-jersey/South Jersey Archery Explorers (Voorhees).jpg""]","USA Archery affiliated club. Programs: Junior Olympic Archery Development (JOAD), Adult Archery Program",Voorhees,New Jersey
5b9d531f-0028-4fd0-ae7a-44c4bb1327c1,South Mountain Bowhunters,south-mountain-bowhunters-nc,club,active,False,,,,,+18289804030,,,,,,False,False,False,False,,,False,False,,,false,false,"[""state-range-photos/north-carolina/South Mountain Bowhunters (Forest City).jpg""]","Archery range located in Forest City, NC.",Forest City,North Carolina
d0ba1337-496e-481c-9844-426251afa000,South Plains Archery Club,south-plains-archery-club-tx,volunteer_club,active,False,Highway 835 & CR 179,79403,,,,bobby@futuretechavi.com,https://southplainsarchery.com,,,,False,False,False,False,,,False,False,,,false,false,"[""https://images.unsplash.com/photo-1574607774561-e645c79a2478?w=800&h=400&fit=crop""]",ASA-affiliated 3D archery club. Contact: Bobby Brooks.,Lubbock,Texas
fc3b7f08-8e51-4246-8ddf-180448fb4ceb,South Ridge Archery Club,south-ridge-archery-club-tn,club,active,False,1035 S Ridge Dr,37148,,,+16159480055,southridgearchery@gmail.com,,,,,False,False,False,False,,,False,False,,,false,false,"[""state-range-photos/tennessee/South Ridge Archery Club (Portland).jpg""]",ASA-affiliated archery club. Status: Expired 2025,Portland,Tennessee
15f040ad-7776-4d8e-8f17-f32810d5334b,South Texas Archery JOAD,south-texas-archery-joad-tx,hybrid,active,False,PO Box 842,77954-0842,,,,stx.joad@gmail.com,,,,,False,False,False,False,,,False,False,,,false,false,"[""state-range-photos/texas/South Texas Archery JOAD (Cuero).jpg""]",USA Archery affiliated club. Programs: Junior Olympic Archery Development (JOAD),Cuero,Texas
8e3aad28-4ca1-4133-9e8b-f7cd012acbe1,South Umpqua Bowhunters Club,south-umpqua-bowhunters-club-or,volunteer_club,active,False,Dole Rd,97457,43.028541,-123.2976107,,terrykathy.shipman@gmail.com,,,,,False,False,False,False,,,False,False,,,false,false,"[""state-range-photos/oregon/South Umpqua Bowhunters Club (MYRTLE CREEK).jpg""]","Archery range located in MYRTLE CREEK, OR.",MYRTLE CREEK,Oregon
781cc185-ed7a-48f3-84ca-5f1e63c2953d,Southeast Regional Park Shooting Range,southeast-regional-park-shooting-range-az,public,active,False,1296 S Harrison Rd,85747,,,+15207245760,,https://www.pima.gov/Shooting-Sports,,,,False,False,False,False,,,False,False,,,false,false,"[""state-range-photos/arizona/Southeast Regional Park Shooting Range (Tucson).jpg""]","Archery range located in Tucson, AZ.",Tucson,Arizona
df8aa85f-7e3f-4814-832d-be885648c3a4,Southern Bowhunters 3D,southern-bowhunters-3d-la,volunteer_club,active,False,11709 Parkland Dr S,70767,,,+12254051732,shylahf10@hotmail.com,,,,,False,False,False,False,,,False,False,,,false,false,"[""state-range-photos/louisiana/Southern Bowhunters 3D (Port Allen).jpg""]",ASA-affiliated 3D archery club. Contact: Troy Laborde.,Port Allen,Louisiana
2ae8da1a-b061-498f-9868-033e0e3f8b7c,Southern Draw,southern-draw-ms,club,active,False,962 Sullivan Dr,39401,,,+12284240519,reneeroberts@bellsouth.net,,,,,False,False,False,False,,,False,False,,,false,false,"[""https://images.unsplash.com/photo-1574607774561-e645c79a2478?w=800&h=400&fit=crop""]",ASA-affiliated archery club. Status: Expired 2025,Hattiesburg,Mississippi
74e96846-ed57-4dec-998c-66d1627bda2c,Southern Draw JOAD,southern-draw-joad-ms,hybrid,active,False,15321 County Farm Road,39573,,,228-424-0519,southerndrawjoadgulfport@gmail.com,https://southerndrawjoad.usarchery.org/,,,,False,False,False,False,,,False,False,,,false,false,"[""state-range-photos/mississippi/Southern Draw JOAD (Perkinston).jpg""]",USA Archery affiliated club. Programs: Junior Olympic Archery Development (JOAD),Perkinston,Mississippi
9a0b86a4-c2ac-47ec-8231-19cf88691ff9,Southern Drawl Outdoors,southern-drawl-outdoors-wv,commercial,active,False,,24860,,,,,,,,,False,False,False,False,,,False,False,,,false,false,"[""state-range-photos/west-virginia/Southern Drawl Outdoors (Mathery).jpg""]",IBO pro shop (IBO directory).,Mathery,West Virginia
c6110cdf-b0d8-4cfd-96c1-97a0d2bd5f6e,Southern Interstate Archery Development (SIAD),southern-interstate-archery-development-siad-sc,hybrid,active,False,130 Conway Black Road,29307,,,,archerycoachdj@gmail.com,http://siadarchery.org/,,,,False,False,False,False,,,False,False,,,false,false,"[""state-range-photos/south-carolina/Southern Interstate Archery Development (SIAD) (Spartanburg).jpg""]","USA Archery affiliated club. Programs: Junior Olympic Archery Development (JOAD), Adult Archery Program",Spartanburg,South Carolina
65c9db21-3787-4503-9ac9-a66d6997c0aa,Southern Maryland Archers,southern-maryland-archers-md,club,active,False,11000 Old Indian Head Rd,20772,,,(240) 257-2621,Info@SouthernMdArchers.org,http://www.southernmdarchers.org/,,,12,False,True,True,False,,,False,True,,,false,false,"[""state-range-photos/maryland/Southern Maryland Archers (Upper Marlboro).jpg""]","Archery range located in Upper Marlboro, MD.",Upper Marlboro,Maryland
980615b4-4ec4-4b28-96ae-66f91360d6cf,Southern Traditional Archery Association,southern-traditional-archery-association-ms,volunteer_club,active,False,Enid Damn,38927,,,+16622660626,laylamcarter@gmail.com,,,,,False,False,False,False,,,False,False,,,false,false,"[""state-range-photos/mississippi/Southern Traditional Archery Association (Enid).jpg""]",ASA-affiliated 3D archery club. Contact: Layla Wright.,Enid,Mississippi
16bb6d3e-06c2-4b43-8a5f-5cb1f437d2c5,Southside Park Huntsville,southside-park-huntsville-al,public,active,False,16159 Chaney Thompson Rd SE,35803,,,,,,,,,False,False,False,False,,,False,False,,,false,false,"[""state-range-photos/alabama/Southside Park Huntsville (Huntsville).jpg""]","Archery range located in Huntsville, AL.",Huntsville,Alabama
d2d250e8-31ef-432e-a3e6-fe89e9f71b86,Southwest Border Archers,southwest-border-archers-nm,volunteer_club,active,False,3500 Hwy 26,88030,,,+15755457112,Southwestborderarchers@gmail.com,,,,,False,False,False,False,,,False,False,,,false,false,"[""state-range-photos/new-mexico/Southwest Border Archers (Deming).jpg""]",ASA-affiliated 3D archery club. Contact: Joshua Pena.,Deming,New Mexico
ec34ceed-3218-4289-924e-716adc23a91b,Southwest Bowbenders Inc - MN,southwest-bowbenders-inc-mn-mn,volunteer_club,active,False,"27150 Plotts Ave., Worthington MN 56187",56187,43.6010476,-95.6025159,507-376-6262,swbowbenders@hotmail.com,https://www.swbbarchery.com/,,,,False,False,False,False,,,False,False,,,false,false,"[""state-range-photos/minnesota/Southwest Bowbenders Inc - MN (Worthington).jpg""]","Archery range located in WORTHINGTON, MN.",Worthington,Minnesota
ef63f74d-b835-498a-95a4-7c5d234bce40,Southwest Bowhunter JOAD,southwest-bowhunter-joad-az,hybrid,active,False,"Adair Park Road, US Highway 95",85367,,,,southwestbowhunters@gmail.com,http://southwestbowhunters.net,,,,False,True,False,False,,,False,True,,,false,false,"[""https://images.unsplash.com/photo-1574607774561-e645c79a2478?w=800&h=400&fit=crop""]","USA Archery affiliated club. Programs: Junior Olympic Archery Development (JOAD), Adult Archery Program",Yuma,Arizona
4e541918-0242-426c-96c2-dff844173620,Southwest Iowa Bowhunters,southwest-iowa-bowhunters-ia,volunteer_club,active,False,"Ross Park & Recreation Area, 300th Street & V Avenue",51631,,,+17122614474,intothewildtaxidermy@gmail.com,,,,,False,False,False,False,,,False,False,,,false,false,"[""state-range-photos/iowa/Southwest Iowa Bowhunters (Braddyville).jpg""]",ASA-affiliated 3D archery club. Contact: Ty Green.,Braddyville,Iowa
e580a6fe-f885-47d3-a66f-3be461a59483,Southwest TN Archery,southwest-tn-archery-tn,volunteer_club,active,False,2885 Old Finger Rd,38334,,,+17316100917,rcbrown17@icloud.com,,,,,False,False,False,False,,,False,False,,,false,false,"[""state-range-photos/tennessee/Southwest TN Archery (Finger).jpg""]",ASA-affiliated 3D archery club. Contact: Rene' Brown.,Finger,Tennessee
0ebe9d02-4157-4535-b121-0e1d74196118,Southwestern Oregon Bowhunters Association,southwestern-oregon-bowhunters-association-or,commercial,active,False,,97420,,,,,,,,,False,False,False,False,,,False,False,,,false,false,"[""state-range-photos/oregon/Southwestern Oregon Bowhunters Association (Coos Bay).jpg""]",IBO pro shop (IBO directory).,Coos Bay,Oregon
d867e74e-62ed-487c-84d2-c7bc78ede8e6,Specialty Sports & Supply Colorado Springs,specialty-sports-supply-colorado-springs-co,commercial,active,False,4285 E Fountain Blvd,80916,,,+17193912556,coguns@live.com,,,,,False,False,False,False,,,False,False,,,false,false,"[""state-range-photos/colorado/Specialty Sports  Supply Colorado Springs (Colorado Springs).jpg""]","Archery range located in Colorado Springs, CO.",Colorado Springs,Colorado
df9757ef-a30c-4bd6-a81e-d4728cf833aa,SpiderShotz,spidershotz-va,hybrid,active,False,2370 Wheatlands Drive,23103,,,+17575061740,spidershotzllc@gmail.com,,,,,False,False,False,False,,,False,False,,,false,false,"[""state-range-photos/virginia/SpiderShotz (Manakin-Sabot).jpg""]","USA Archery affiliated club. Programs: Junior Olympic Archery Development (JOAD), Adult Archery Program",Manakin-Sabot,Virginia
8389ab91-d79f-4c24-a661-23fd3c5743eb,Spindletop Straight Shooters,spindletop-straight-shooters-tx,hybrid,active,False,"Tyrrell Park Archery Range, 5305 Tyrrell Park Rd.",77705,,,+14096513901,spindletopstraightshooters@gmail.com,,,,,False,False,False,False,,,False,False,,,false,false,"[""state-range-photos/texas/Spindletop Straight Shooters (Beaumont).jpg""]",USA Archery affiliated club. Programs: Junior Olympic Archery Development (JOAD),Beaumont,Texas
b98cf8f6-d75a-43ae-93c4-da5ec6961664,Split Nock,split-nock-mn,hybrid,active,False,"409 8th Ave NE, Waseca, MN 56093",56093,,,507-571-2727,wasecaarcheryclub@yahoo.com,http://waseca-archery-club.square.site,,,,False,False,False,False,,,False,False,,,false,false,"[""state-range-photos/minnesota/Split Nock (Waseca).jpg""]",USA Archery affiliated club. Programs: Junior Olympic Archery Development (JOAD),Waseca,Minnesota
bee43279-c648-45bc-9ef5-ac3a36e8bc06,Split Nocks Archers,split-nocks-archers-va,volunteer_club,active,False,1160 Capeway Rd,23139,,,+18044675455,adamsce1432@gmail.com,,,,,False,False,False,False,,,False,False,,,false,false,"[""state-range-photos/virginia/Split Nocks Archers (Powhattan).jpg""]",ASA-affiliated 3D archery club. Contact: Chad  Adams.,Powhattan,Virginia
2ae78ab7-f1bf-4b68-bf32-173a45efd294,Spokane JOAD,spokane-joad-wa,hybrid,active,False,515 W St. Thomas More Way,99208,,,,SpokaneJOAD@gmail.com,http://www.spokanejoad.com,,,,False,False,False,False,$60 monthly club dues (+ $50 annually USA Archery membership required),,True,True,,,false,false,"[""http://www.spokanevalleyarchery.net/images/Headers/SVA-770x300-17.jpg""]",USA Archery affiliated club. Programs: Junior Olympic Archery Development (JOAD),Spokane,Washington
36778203-448c-4b4c-8025-4047b5c315c6,Sportsmen's Outpost Inc,sportsmen-s-outpost-inc-ct,commercial,active,False,415 Wolcott Rd,06716,,,+12038791139,,https://sportsmensoutpost.com,,,,False,False,False,False,,,False,False,,,false,false,"[""http://sportsmensoutpost.com/wp-content/uploads/2019/04/Techno_Hunt_6_1024x768.jpg""]","Archery range located in Wolcott, CT.",Wolcott,Connecticut
956eaf88-1e6f-4b14-97f7-20c472c8967e,Spot on Archery,spot-on-archery-mi,hybrid,active,False,7185 Campbell Rd SE,49633,,,,soa@spotonarchery.com,http://www.spotonarchery.com,,,,False,False,False,False,,,False,False,,,false,false,"[""state-range-photos/michigan/Spot on Archery (Fife Lake).jpg""]","USA Archery affiliated club. Programs: Junior Olympic Archery Development (JOAD), Adult Archery Program",Fife Lake,Michigan
1c81f9a3-2fb6-4d60-bf69-05bdfcbbc770,Springville Archery Club,springville-archery-club-ca,volunteer_club,active,False,Bear Creek Rd,93265,36.2063639,-118.7328594,+15593596942,springvillearchers@aol.com,,,,,False,False,False,False,,,False,False,,,false,false,"[""https://springvillearchers.org/attachments/Slider/a12e5384-646a-cd30-9eac-7970a677f0b9/IMG_20221126_173715.jpg""]","Archery range located in Springville, CA.",Springville,California
6aa34313-f629-425c-ba96-1f1d0043a895,"Square1Outdoors, Inc. Youth Archery Initiative",square1outdoors-inc-youth-archery-initiative-ms,hybrid,active,False,660 Mt. Vernon Road,38804,,,,square1outdoors@gmail.com,http://www.square1outdoors.com,,,,False,False,False,False,,,False,False,,,false,false,"[""state-range-photos/mississippi/Square1Outdoors Inc Youth Archery Initiative (Tupelo).png""]","USA Archery affiliated club. Programs: Junior Olympic Archery Development (JOAD), Adult Archery Program, 3D Archery, Olympic Archery in the Schools",Tupelo,Mississippi
9ad39b77-2ec0-48e4-8ee4-d6ef5076c527,St. Clair Archery Club,st-clair-archery-club-al,volunteer_club,active,False,570 Murry Circle,35953,,,+12052400865,jeffboland59@gmail.com,,,,,False,False,False,False,,,False,False,,,false,false,"[""state-range-photos/alabama/St Clair Archery Club (Ashville).jpg""]",ASA-affiliated 3D archery club. Contact: Jeff Boland.,Ashville,Alabama
b51a3c6d-de0c-4ae8-81fd-f96835aaa5ff,St. Louis Archery Club,st-louis-archery-club-mo,hybrid,active,False,Clayton Ave,63110,,,,stlarcheryclub@gmail.com,http://stlarcheryclub.com,,,,False,False,False,False,,,False,True,,,false,false,"[""https://images.unsplash.com/photo-1574607774561-e645c79a2478?w=800&h=400&fit=crop""]","USA Archery affiliated club. Programs: Junior Olympic Archery Development (JOAD), Adult Archery Program",St. Louis,Missouri
fe2577c2-2caa-4e6b-aedb-11288365614e,St. Louis Bowhunters Archery Club,st-louis-bowhunters-archery-club-mo,volunteer_club,active,False,301 Tecumseh St.,63301,38.797093,-90.4764261,,stlbowhunters@gmail.com,https://www.stlbowhunters.com,,,16,False,False,False,True,,,False,False,,,false,false,"[""https://static.wixstatic.com/media/aea738_ca5e40ed052a4321a5a9832cb69c60aa~mv2.jpeg/v1/fill/w_980,h_735,al_c,q_85,usm_0.66_1.00_0.01,enc_avif,quality_auto/aea738_ca5e40ed052a4321a5a9832cb69c60aa~mv2.jpeg""]","Archery range located in ST CHARLES, MO.",St Charles,Missouri
27fb8c67-8aba-462b-a376-e2f4b3de5cfb,Stand Outdoors,stand-outdoors-mo,volunteer_club,active,False,181 Gott Plantation Rd,65083,,,+15732800954,wesesmith01@yahoo.com,,,,,False,False,False,False,,,False,False,,,false,false,"[""state-range-photos/missouri/Stand Outdoors (Ulman).jpg""]",ASA-affiliated 3D archery club. Contact: Wesley Smith.,Ulman,Missouri
78c06752-01ef-4965-95a6-100debb3d471,Star Archery,star-archery-tn,club,active,False,341 Young Road,38478,,,+16026288019,bymelinda@comcast.net,,,,,False,False,False,False,,,False,False,,,false,false,"[""state-range-photos/tennessee/Star Archery (Pulaski).jpg""]",ASA-affiliated archery club. Status: Expired 2025,Pulaski,Tennessee
87131988-c054-43cf-9b68-86d4d03dbfb6,State Fair Archery Club,state-fair-archery-club-mo,volunteer_club,active,False,Florence Road,65350,,,+16602216084,kellyd@iland.net,,,,,False,False,False,False,,,False,False,,,false,false,"[""state-range-photos/missouri/State Fair Archery Club (Smithton).jpg""]",ASA-affiliated 3D archery club. Contact: Kelly Dore.,Smithton,Missouri
362ffd1d-5d7e-423b-83c8-7a1a6a00ce1e,Stateline Archery Club,stateline-archery-club-wi,club,active,False,,,,,+16085683293,,,,,,False,False,False,False,,,False,False,,,false,false,"[""https://archerylessons.info/ranges/wp-content/uploads/2024/09/Koteewi-Archery-Range2.jpg""]","Archery range located in Kieler, WI.",Kieler,Wisconsin
d3d94412-61cd-4a89-b3b8-13d40cc95980,Staten Island Archery Edge,staten-island-archery-edge-ny,commercial,active,False,"95 New Dorp Lane, Staten Island, NY 10306",10309,,,,SIARCHERYEDGE@GMAIL.COM,https://www.cyony.org/archery,,,,False,False,False,False,,,False,False,,,false,false,"[""https://statenislandlifestyle.com/wp-content/uploads/2019/01/archer.jpg""]",IBO pro shop (IBO directory).,Staten Island,New York
bfeca7fa-345e-4086-b53c-e36e55d94019,Staunton River Archery Club,staunton-river-archery-club-va,volunteer_club,active,False,15725 Rockford School Rd,24563,,,+14342505171,robinhood79.ds@gmail.com,,,,,False,False,False,False,,,False,False,,,false,false,"[""state-range-photos/virginia/Staunton River Archery Club (Hurt).jpg""]",ASA-affiliated 3D archery club. Contact: David Simpson.,Hurt,Virginia
2b27ea1b-5e59-4b2d-a346-53362f43830e,Steve's Gun & Archery,steve-s-gun-archery-tn,commercial,active,False,,,,,+19313885157,,,,,,False,False,False,False,,,False,False,,,false,false,"[""state-range-photos/tennessee/Steves Gun  Archery (Nashville).jpg""]","Archery range located in Nashville, TN.",Nashville,Tennessee
d1fb3b44-f6e3-4c99-9ff7-d43d33c417a6,Stick Sniper Archery Tucson,stick-sniper-archery-tucson-az,commercial,active,False,1550 S Craycroft Rd #160,85711,,,(520)747-3875,info@sticksniper.com,https://sticksniper.com,"Tue-Fri 10:00am-6:00pm, Sat 10:00am-4:00pm, Sun-Mon Closed",,,True,False,False,False,,$30/hour (equipment rental),True,True,$60-$90/hour,,false,false,"[""https://archerylessons.info/ranges/wp-content/uploads/2024/09/Stick-Sniper-Archery-3.jpg""]","Archery range located in Tucson, AZ.",Tucson,Arizona
e5bd3eb5-f4aa-48fe-b158-745b7a986578,Sticks & String LLC,sticks-string-llc-co,commercial,active,False,1339 21 Rd,81505,39.199019,-108.6653926,970-773-8505,stickstringbows@gmail.com,https://sticksandstringarchery.com/,,,,False,False,False,False,,,False,False,,,false,false,"[""https://images.unsplash.com/photo-1574607774561-e645c79a2478?w=800&h=400&fit=crop""]","Archery range located in Grand Junction, CO.",Grand Junction,Colorado
ac954f4a-a95f-4dd0-a719-7e6b369edbad,Stob Archers,stob-archers-ut,club,active,False,"Deseret Peak Complex, 2930 UT-112, Grantsville, UT 84029",,,,,,https://www.stobarchers.com/,,,,False,True,False,True,$40,$18 (non-member league fee),False,False,,,false,false,"[""state-range-photos/utah/Stob Archers (unknown).png""]",,,Utah
aec38627-70a7-4481-b010-13fbfe9890a3,Stockbridge Sportsmen Buckhorn,stockbridge-sportsmen-buckhorn-ma,volunteer_club,active,False,24 West Stockbridge Rd,01262,,,(413) 298-3277,bhunterjasper@gmail.com,https://stockbridgesportsmensclub.org/,,,,False,False,False,True,,,False,False,,,false,false,"[""state-range-photos/massachusetts/Stockbridge Sportsmen Buckhorn (Stockbridge).jpg""]",ASA-affiliated 3D archery club. Contact: John Mange.,Stockbridge,Massachusetts
23243335-288e-469e-91a2-0ea8aea86a03,Stott Mountain Traditional Archers,stott-mountain-traditional-archers-or,club,active,False,,,,,,,,,,,False,False,False,False,,,False,False,,,false,false,"[""state-range-photos/oregon/Stott Mountain Traditional Archers (Dallas).jpg""]","Archery range located in Dallas, OR.",Dallas,Oregon
5ccf7822-05cb-49df-a3ed-fec26b640050,Straight 6 Archery Bozeman,straight-6-archery-bozeman-mt,commercial,active,False,703 Bridger Dr B1,59715,,,+14069261013,straight6archery@gmail.com,https://straight6archery.com,,,,False,False,False,False,,,False,False,,,false,false,"[""https://images.unsplash.com/photo-1574607774561-e645c79a2478?w=800&h=400&fit=crop""]","Archery range located in Bozeman, MT.",Bozeman,Montana
d48d436c-8d5b-4984-a55a-15a2229e8b8a,Straight Arrow Archery,straight-arrow-archery-ny,commercial,active,False,"54 Kellogg Rd, Suite 85",13413,43.0535086,-75.277267,(315) 737-5248,info@straightarrowny.com,https://straightarrowny.com/,Mon 12pm-8pm; Tue Closed; Wed 4pm-8pm; Thu 12pm-8pm; Fri Closed; Sat 10am-2pm; Sun Closed/Call,,,True,True,False,False,,,False,False,,,false,false,"[""state-range-photos/new-york/Straight Arrow Archery (New Hartford).jpg""]","Archery range located in New Hartford, NY.",New Hartford,New York
7a31c43c-dd37-4c0f-bd4f-262487f9428d,Straight Arrow Bow Hunters,straight-arrow-bow-hunters-ca,volunteer_club,active,False,P.O. Box 493371,96049,,,,straightarrowbowhunters@hotmail.com,https://straightarrowbowhunters.com,,,,False,False,False,False,,,False,False,,,false,false,"[""https://images.unsplash.com/photo-1574607774561-e645c79a2478?w=800&h=400&fit=crop""]","Archery range located in Redding, CA.",REDDING,California
8543855c-cb6e-405d-a7fd-644efc20a365,Straight Arrow Bow Hunters Club,straight-arrow-bow-hunters-club-ca,commercial,active,False,"9317 Swasey Dr, Redding, CA 96001",,,,,secretary@straightarrowbowhunters.com,http://www.straightarrowbowhunters.com,,,,False,False,False,False,,,False,False,,,false,false,"[""https://images.unsplash.com/photo-1574607774561-e645c79a2478?w=800&h=400&fit=crop""]",,,California
52690c89-8425-4af8-af92-7e2b0ebbf5bb,Straight Arrow Bow Hunters Inc,straight-arrow-bow-hunters-inc-ca,volunteer_club,active,False,PO BOX 493371,96049-3371,41.7510424,-123.3225137,+15302435181,,https://straightarrowbowhunters.com,,,,False,False,False,False,,,False,False,,,false,false,"[""https://images.unsplash.com/photo-1574607774561-e645c79a2478?w=800&h=400&fit=crop""]","Archery range located in REDDING, CA.",REDDING,California
2c210c85-00f4-47e1-9797-8c70c0037bcf,Straight Line Archery,straight-line-archery-mi,volunteer_club,active,False,1705 ASH ST,49849,46.507655,-87.665851,906-486-6845,info@straightlinearchery.com,https://www.straightlinearchery.com/,"Mon-Fri 10:00am-6:00pm, Sat 9:00am-12:00pm, Sun Closed",,,True,True,True,False,,,False,True,,,false,false,"[""state-range-photos/michigan/Straight Line Archery (ISHPEMING).jpg""]","Archery range located in ISHPEMING, MI.",ISHPEMING,Michigan
b4e91302-a865-44b6-9608-56f45869715f,STRAIGHT N ARROW 3D ARCHERY,straight-n-arrow-3d-archery-wv,hybrid,active,False,Co rt 17,26250,,,+1 3042038769,straightnarrow.pro.4.25@gmail.com,https://straight-n-arrow-3d-archery.usarchery.org,,,,False,False,False,False,,,False,False,,,false,false,"[""state-range-photos/west-virginia/STRAIGHT N ARROW 3D ARCHERY (Belington).jpg""]",USA Archery affiliated club. Programs: 3D Archery,Belington,West Virginia
2f6d935b-9c60-48e1-929a-f584f80f42a5,STRAIGHT-N-ARROW ARCHERS,straight-n-arrow-archers-oh,hybrid,active,False,East Line Street,44657,,,+13306144838,tradman9683@yahoo.com,,,,,False,False,False,False,,,False,False,,,false,false,"[""state-range-photos/ohio/STRAIGHT-N-ARROW ARCHERS (Minerva).jpg""]","USA Archery affiliated club. Programs: Junior Olympic Archery Development (JOAD), Adult Archery Program",Minerva,Ohio
5db414ee-8dca-4695-9636-08a479b21902,Stratford Police Department Range,stratford-police-department-range-ct,public,active,False,Longbrook Rd.,06615,,,,,,,,,False,False,False,False,,,False,False,,,false,false,"[""state-range-photos/connecticut/Stratford Police Department Range (Stratford).jpg""]","Archery range located in Stratford, CT.",Stratford,Connecticut
5b68a6f3-52a3-4617-9317-dd303daafc57,Strictly Archery,strictly-archery-il,hybrid,active,False,"401 Earl Rd, Shorewood, IL 60404",60404,41.5177723,-88.2120696,815-741-0900,info@strictlyarchery.com,http://www.strictlyarchery.com,"M-F 9AM-6PM, Sat 9AM-5PM, Sun 10AM-5PM",,,True,False,False,False,,,False,True,4-week sessions $120,,false,false,"[""state-range-photos/illinois/Strictly Archery (Shorewood).jpg""]","USA Archery affiliated club. Programs: Junior Olympic Archery Development (JOAD), Adult Archery Program",Shorewood,Illinois
8e3be518-41f5-4738-ab41-5b0b970aaeed,StudioX Archery,studiox-archery-ca,hybrid,active,False,McClellan Ranch Preserve,95014,,,4085153594,studioxarchery@gmail.com,https://studioxarchery.usarchery.org,,,,False,False,False,False,,,False,False,,,false,false,"[""state-range-photos/california/StudioX Archery (Cupertino).jpg""]","USA Archery affiliated club. Programs: Junior Olympic Archery Development (JOAD), Adult Archery Program",Cupertino,California
f99f28b1-c1b8-4528-8870-f3d2ddf5f5d8,Suffolk Archers,suffolk-archers-ny,hybrid,active,False,86 Pidgeon Hill Road,11746,,,(516) 873-8898,membership@suffolkarchers.com,http://www.suffolkarchers.com,,,,False,True,True,True,,,False,False,,,false,false,"[""https://greaterlongisland.com/wp-content/uploads/2024/06/C35A0498.jpg""]",USA Archery affiliated club. Programs: Junior Olympic Archery Development (JOAD),Huntington Station,New York
b55c1b48-8528-4f32-bba2-695d1145ea9d,Summit Archery,summit-archery-ut,hybrid,active,False,1580 E 2800 S,84032,,,,pyperarchery@yahoo.com,,,,,False,False,False,False,,,False,False,,,false,false,"[""state-range-photos/utah/Summit Archery (Heber City).jpg""]","USA Archery affiliated club. Programs: Junior Olympic Archery Development (JOAD), Adult Archery Program",Heber City,Utah
864bf53e-651d-4c10-9ad2-3fdf8283c4e9,Sunbury Archery,sunbury-archery-oh,commercial,active,False,11785 Johnstown Utica rd,43031,40.1413675,-82.7112369,614-519-3994,info@sunburyarchery.com,https://www.sunburyarchery.com/,,,,False,False,False,False,,,False,True,$130 (beginner 5-week course),,false,false,"[""state-range-photos/ohio/Sunbury Archery (Johnstown).png""]","Archery range located in Johnstown, OH.",Johnstown,Ohio
f5e259fd-40fe-489f-887d-ef7658f03ab0,Suncoast Archers,suncoast-archers-fl,volunteer_club,active,False,751 Rye Wilderness Trail,34219,,,+19417511442,scott.tussing@gmail.com,,,,,False,False,False,False,,,False,False,,,false,false,"[""state-range-photos/florida/Suncoast Archers (Parrish).jpg""]",ASA-affiliated 3D archery club. Contact: Scott Tussing.,Parrish,Florida
be634da3-4ded-4911-9e70-46bfcd7347d4,Sunrise Mountain Archery Range,sunrise-mountain-archery-range-nv,public,active,False,"6323 Dean Martin Dr Las Vegas, NV 89118",,,,,,,,,,False,False,False,False,,,False,False,,,false,false,"[""state-range-photos/nevada/Sunrise Mountain Archery Range (Las Vegas).jpg""]","Archery range located in Las Vegas, NV.",Las Vegas,Nevada
51137533-e078-433a-a7cf-b6572b047e75,Superstition Archers,superstition-archers-az,club,active,False,1590 E Lost Dutchman Blvd,85119,,,,superstitionarchery@gmail.com,https://superstitionarchers.com/,,,,False,False,False,False,,,False,False,,,false,false,"[""https://cdn.happeningnext.com/events2/banners/67e322c0c1e1747cbc0a06c062fdc46b297a5ea7fac52116e4846cdd45279d42-rimg-w1200-h800-dc7c90a6-gmir?v=1767766661""]","Archery range located in Apache Junction, AZ.",Apache Junction,Arizona
891e5ba6-d717-45cd-82f1-b115985ee098,SW ARCHERY ACADEMY,sw-archery-academy-nj,hybrid,active,False,365 NJ-17,07652,,,,swarcheryacademy@gmail.com,http://swarcheryteam.com,,,,False,False,False,False,,,False,False,,,false,false,"[""https://swarcheryteam.com/wp-content/uploads/elementor/thumbs/71927209_2488927214537197_7406679872275218432_o-op8ylgdg6sqguwcwrrx77foz93zzgi17wm3u4ihpom.jpg""]","USA Archery affiliated club. Programs: Junior Olympic Archery Development (JOAD), Adult Archery Program, 3D Archery, Field Archery",Paramus,New Jersey
a88e9d90-db1c-42a6-b9e5-d96ad7f62cf6,Swamp Fox Archery and Bow Club,swamp-fox-archery-and-bow-club-nc,volunteer_club,active,False,10882 Swamp Fox Hwy,28463,,,+19105908329,jamiesumner2004@gmail.com,,,,,False,False,False,False,,,False,False,,,false,false,"[""state-range-photos/north-carolina/Swamp Fox Archery and Bow Club (Tabor City).jpg""]",ASA-affiliated 3D archery club. Contact: Jamie Sumner.,Tabor City,North Carolina
28353097-1a6c-4dc7-9361-93fa6d371c76,Sweetwater Archery Club,sweetwater-archery-club-ga,volunteer_club,active,False,7201 Cedar Mountain Rd,30180,,,+16783785375,kevinhawk76@gmail.com,,,,,False,False,False,False,,,False,False,,,false,false,"[""state-range-photos/georgia/Sweetwater Archery Club (Winston).jpg""]",ASA-affiliated 3D archery club. Contact: Kevin Hawk.,Winston,Georgia
c3bc8e83-0ac4-41d2-929b-61a7d727155f,Swift River Sportsman's Club,swift-river-sportsman-s-club-ma,volunteer_club,active,False,350 Cold Spring St,01007,,,(413) 323-9387,dlc1119@gmail.com,https://swiftriversportsmans.org/,,,,False,True,False,True,,,False,False,,,false,false,"[""https://images.unsplash.com/photo-1574607774561-e645c79a2478?w=800&h=400&fit=crop""]",ASA-affiliated 3D archery club. Contact: Dana Charbonneau.,Belchertown,Massachusetts
ff4fec18-6bb9-457e-b127-8826199234fb,Sycamore State Park Archery Range,sycamore-state-park-archery-range-oh,public,active,False,"4369 Diamond Mill Rd, Trotwood, OH 45426",,,,+15135236347,,https://ohiodnr.gov/go-and-do/plan-a-visit/find-a-property/sycamore-state-park,,,,False,False,False,False,,,False,False,,,false,false,"[""state-range-photos/ohio/Sycamore State Park Archery Range (Trotwood).jpg""]","Archery range located in Trotwood, OH.",Trotwood,Ohio
3e830efe-7196-4973-929c-7f7e7dbec5d7,Sylvan Archers Inc,sylvan-archers-inc-or,hybrid,active,False,15930 SW Bell Rd,97140,,,,sylvanmembership@gmail.com,http://www.sylvanarchers.com,,,,False,True,True,True,,,False,False,,,false,false,"[""state-range-photos/oregon/Sylvan Archers Inc (Sherwood).jpg""]","USA Archery affiliated club. Programs: Junior Olympic Archery Development (JOAD), Adult Archery Program",Sherwood,Oregon
b463488a-05be-4b24-9c86-9dc5c9fcdbf8,Synergy Archery Alliance,synergy-archery-alliance-tn,volunteer_club,active,False,3804 Dover Road,37191,,,+14237621055,buckslayer423@gmail.com,,,,,False,False,False,False,,,False,False,,,false,false,"[""state-range-photos/tennessee/Synergy Archery Alliance (Woodlawn).jpg""]",ASA-affiliated 3D archery club. Contact: Arthur Clark.,Woodlawn,Tennessee
f86398e1-595a-460e-84f5-4970dc693e8f,T-Town Drillers Joad,t-town-drillers-joad-ok,hybrid,active,False,4420 S Mingo Rd,74146,,,(918) 938-6476,archery_outpost@yahoo.com,https://archeryoutposttulsa.com/joad/,,,,False,False,False,False,,,False,False,,,false,false,"[""https://images.unsplash.com/photo-1574607774561-e645c79a2478?w=800&h=400&fit=crop""]","USA Archery affiliated club. Programs: Junior Olympic Archery Development (JOAD), Adult Archery Program, 3D Archery, Field Archery",Tulsa,Oklahoma
8339b63a-df04-4478-a9d5-6a6dc5836411,T.H.E. Archery Club,t-h-e-archery-club-ks,volunteer_club,active,False,300 SE 97th St,66546,38.8917292,-95.6840241,,,https://thearcheryclub.org/,,,,False,True,False,False,,,False,False,,,false,false,"[""state-range-photos/kansas/THE Archery Club (Wakarusa).jpg""]","Archery range located in Wakarusa, KS.",Wakarusa,Kansas
db636893-9882-46ba-aff6-349911909270,TAA - Plano,taa-plano-tx,club,active,False,"18325 Waterview Pkwy Building B, ground floor",75252,,,,Clint@TexasArchery.info,http://texasarchery.info/,,,,False,False,False,True,$200/yr,$10,False,True,$45-$65 + $15 equipment fee,,false,false,"[""state-range-photos/texas/TAA - Plano (Dallas).jpg""]","Archery range located in Dallas, TX.",Dallas,Texas
6a93b0e2-2dcd-4cef-92ca-888247b505d4,TAC Archery,tac-archery-tn,volunteer_club,active,False,728 Muddy Branch Rd,38571,,,931-248-1311,mobilearchery@gmail.com,https://tacmobilearchery.square.site,,,,False,False,False,False,,,False,True,,,false,false,"[""https://www.bowhunting.com/wp-content/uploads/2018/05/TN-shooter-at-tac.png""]","Archery range located in CROSSVILLE, TN.",CROSSVILLE,Tennessee
4c323ddd-45ec-4509-8029-8aac868943c0,Tacoma Sportsmen's Club,tacoma-sportsmen-s-club-wa,club,active,False,,,,,+12535376151,orlanjohnson1993@gmail.com,https://tacomassportsmensclub.com/,,,,False,False,True,False,,$11.00 per person for non-members ($9 for Active Military),False,True,,,false,false,"[""https://s3-media0.fl.yelpcdn.com/bphoto/6sSAFPaUpmcW9iAgRRWrCg/o.jpg""]","Archery range located in Tacoma, WA.",Tacoma,Washington
95d8f87e-0937-4084-9f44-be844717066e,Tall Tine Bowstrings & Pro Shop,tall-tine-bowstrings-pro-shop-sd,commercial,active,False,46324 184th Street,57223,44.7174188,-96.9405953,,sales@talltinebowstrings.com,https://talltinebowstrings.com,Tuesday - Friday 1:00 - 7:00pm Saturday 9:00am - 12:00pm,,,True,True,False,False,,,False,False,,,false,false,"[""http://talltinebowstrings.com/wp-content/uploads/2023/12/TTB_Indoor-Range.jpg""]","Archery range located in Castlewood, SD.",Castlewood,South Dakota
16c15e66-283f-445b-85f4-be53cc455aef,Talladega County Bowhunters,talladega-county-bowhunters-al,volunteer_club,active,False,240 Deer Run Drive,35096,,,+12562230235,wpatterson@powergridservices.com,,,,,False,False,False,False,,,False,False,,,false,false,"[""https://bloximages.chicago2.vip.townnews.com/annistonstar.com/content/tncms/assets/v3/editorial/3/9f/39fceef2-c8ef-11ec-9e97-1b57e97ce111/626de449b1838.image.jpg?resize=750,500""]",ASA-affiliated 3D archery club. Contact: Wes Patterson.,Lincoln,Alabama
6a678042-2eea-4fd1-a37a-8fb4194151f4,Tallahassee Archery Club,tallahassee-archery-club-fl,volunteer_club,active,False,7268 Blountstown Hwy,32310,,,,mssasnett@gmail.com,http://www.bigbendarchery.com,,,,False,True,True,True,$70/year,,False,True,,,false,false,"[""https://images.unsplash.com/photo-1574607774561-e645c79a2478?w=800&h=400&fit=crop""]",ASA-affiliated 3D archery club. Contact: Richard Mann.,Tallahassee,Florida
c24c2f6d-6903-4ebd-8bde-ecc321a44c12,Tampa Archers,tampa-archers-fl,hybrid,active,False,10514 Ehren Cutoff,34639,,,,tampaarchers@yahoo.com,http://www.archerytampa.com,,,,False,True,False,False,,"$20/class with rental, $10/class own equipment",True,True,,,false,false,"[""state-range-photos/florida/Tampa Archers (Land O' Lakes).jpeg""]","USA Archery affiliated club. Programs: Junior Olympic Archery Development (JOAD), Adult Archery Program",Land O' Lakes,Florida
e6afdfba-3754-4866-920e-a4a4ddd6e552,Tampa Bay Sporting Clays and Archery,tampa-bay-sporting-clays-and-archery-fl,volunteer_club,active,False,10514 Ehren Cut Off Rd,34639,,,(813) 929-6200,admin@mytbsc.com,https://www.mytbsc.com,,,,False,True,False,False,,,False,False,,,false,false,"[""state-range-photos/florida/Tampa Bay Sporting Clays and Archery (Land O' Lakes).jpg""]",ASA-affiliated 3D archery club. Contact: Edwin Griffin.,Land O' Lakes,Florida
e4345655-1333-4d14-a9fa-0bb6c7e942a9,Tangi Archery Club,tangi-archery-club-la,volunteer_club,active,False,801 North St,70802,30.4528954,-91.1817659,+12259338374,nick.lorena@yahoo.com,,,,,False,False,False,False,,,False,False,,,false,false,"[""state-range-photos/louisiana/Tangi Archery Club (Baton Rouge).jpg""]","Archery range located in Baton Rouge, LA.",Baton Rouge,Louisiana
79523e25-ba1e-431e-9461-e9a0bde8b1e5,Tangy's Pro Shop & Indoor Range,tangy-s-pro-shop-indoor-range-ri,commercial,active,False,200 OLD BALD HILL RD,02886,41.7308847,-71.4793865,,jamesdean@tangysarchery.com,http://www.tangysarchery.com,,,,False,False,False,False,,,False,False,,,false,false,"[""state-range-photos/rhode-island/Tangys Pro Shop  Indoor Range (WARWICK).jpg""]","Archery range located in WARWICK, RI.",WARWICK,Rhode Island
8271766f-3e30-446e-8c23-366f0b4b7800,Tapp Nation Archery,tapp-nation-archery-fl,commercial,active,False,10016 Kenlake Dr,33578,,,,,,,,,False,False,False,False,,,False,False,,,false,false,"[""state-range-photos/florida/Tapp Nation Archery (Riverview).jpg""]","Archery range located in Riverview, FL.",Riverview,Florida
9038ff05-e0c5-4804-b4d9-bb79e2518006,Tar River Archery Club,tar-river-archery-club-nc,club,active,False,,,,,+19195560082,,,,,,False,False,False,False,,,False,False,,,false,false,"[""state-range-photos/north-carolina/Tar River Archery Club (Louisburg).jpg""]","Archery range located in Louisburg, NC.",Louisburg,North Carolina
8a8f6a78-3c93-4e2f-8c8f-54af88f3e2e2,Target Seekers,target-seekers-tx,club,active,False,9501 County Road 6900,79407,,,+15753081479,,,,,,False,False,False,False,,,False,False,,,false,false,"[""state-range-photos/texas/Target Seekers (Lubbock).jpg""]","Archery range located in Lubbock, TX.",Lubbock,Texas
c5552854-8093-4f72-a0c4-865bb3e494c3,Taylor's Archery,taylor-s-archery-tn,commercial,active,False,100 E Lauderdale St,,,,931-563-7706,taylorsarchery@yahoo.com,https://www.taylorsarchery.com/,,,,True,False,False,False,,,False,True,,,false,false,"[""https://static.wixstatic.com/media/06703a_1e7226c6b92246859b4a09d140d4bfc9.jpg/v1/fill/w_376,h_282,al_c,q_80,usm_0.66_1.00_0.01,enc_auto/06703a_1e7226c6b92246859b4a09d140d4bfc9.jpg""]","Archery range located in Nashville, TN.",Nashville,Tennessee
5039d0c3-f8bc-45a5-af9a-130f15ec7eda,Team SPIDERx,team-spiderx-tx,hybrid,active,False,5833 Treaschwig Rd,77373,,,,IamTeamSPIDERx@gmail.com,http://teamspiderx.com,,,,False,False,False,False,,,False,False,,,false,false,"[""state-range-photos/texas/Team SPIDERx (Spring).png""]","USA Archery affiliated club. Programs: Junior Olympic Archery Development (JOAD), Adult Archery Program",Spring,Texas
ba9e8788-d5c4-4187-b5a3-fbdd9947cc3d,Team Triangle Archery,team-triangle-archery-nc,hybrid,active,False,OLD FARRINGTON RD,27517,,,,teamtrianglearchery@gmail.com,,,,,False,False,False,False,,,False,False,,,false,false,"[""state-range-photos/north-carolina/Team Triangle Archery (CHAPEL HILL).jpg""]",USA Archery affiliated club. Programs: Junior Olympic Archery Development (JOAD),CHAPEL HILL,North Carolina
2f392caf-85fa-4c55-ab70-3589b066830e,Tejas Bowmen Archery Club,tejas-bowmen-archery-club-tx,club,active,False,902 Allison Road,78410,,,+13617747059,,http://www.tejasbowmenarcheryclub.com,,,,False,False,False,False,,,False,False,,,false,false,"[""state-range-photos/texas/Tejas Bowmen Archery Club (Corpus Christi).jpg""]","Archery range located in Corpus Christi, TX.",Corpus Christi,Texas
ca86cba0-ee6d-4476-a39d-7f050544fcb5,Tejas JOAD Archery,tejas-joad-archery-tx,hybrid,active,False,"Texans Archery Club - Frisco, 2595 Preston Rd, #550A",75030,,,,amywitt2@att.net,https://www.tejasjoadarchery.com/,,,,False,False,False,False,,,False,True,,,false,false,"[""https://blogger.googleusercontent.com/img/b/R29vZ2xl/AVvXsEge8wWO76J9VFbXpWSFhubE3rJIB4jopQiBiPfa-fiLs6qyDr5CJMNEyOJzE9ILO-a1tgdanRoY_9QBYcKKl_cw8DV1uMsJz80o59wAdm3ZXH3UnUJompE_9w4gcnYnqJlf7LFC4M0Q_kXv/s1600/2015-02-21+10.06.49.jpg""]","USA Archery affiliated club. Programs: Junior Olympic Archery Development (JOAD), Adult Archery Program, 3D Archery, Field Archery",Frisco,Texas
f66b2a13-fffc-4854-a737-13faa45b5f49,Ten Ring Archery,ten-ring-archery-ny,commercial,active,False,2921 R Hempstead Turnpike,11756,40.7257236,-73.5274531,516-465-1220,,https://www.tenringarcheryli.com/,Mon Closed; Tue-Sat 12pm-10pm; Sun 12pm-5pm,,,True,True,False,False,,,False,True,,,false,false,"[""state-range-photos/new-york/Ten Ring Archery (Levittown).jpg""]","Archery range located in Levittown, NY.",Levittown,New York
bc59183f-bf3d-446b-b01c-e52863406214,Tennessee Archery,tennessee-archery-tn,hybrid,active,False,1106 Wilmore,38117,,,901-603-3295,archery.awaits95@gmail.com,https://www.memphis-archery.com/,,,,False,False,False,False,,,False,True,,,false,false,"[""state-range-photos/tennessee/Tennessee Archery (Memphis).jpg""]","USA Archery affiliated club. Programs: Junior Olympic Archery Development (JOAD), Adult Archery Program",Memphis,Tennessee
d0d2909c-5859-4804-8e5e-4817c8744cbb,Tennessee Triple Threat,tennessee-triple-threat-tn,volunteer_club,active,False,1240 Leeville Pike,37087,,,,tntriplethreatarchery@gmail.com,https://tntriplethreatarcheryshop.com/,,,,False,False,False,False,,,False,False,,,false,false,"[""state-range-photos/tennessee/Tennessee Triple Threat (Lebanon).jpg""]","Archery range located in Lebanon, TN.",Lebanon,Tennessee
bb2582c0-7e39-460c-a183-9bfd113a03f9,Texans Archery Club,texans-archery-club-tx,club,active,False,2595 Preston Rd #550A,75034,,,,Clint@TexasArchery.info,http://texasarchery.info/,,,,False,False,False,True,,$10,False,True,,,false,false,"[""https://texasarchery.info/wp-content/uploads/2019/01/IMG_4885.jpg""]","Archery range located in Frisco, TX.",Frisco,Texas
c73b3e13-e9d5-4db0-8b13-ca9820b709c9,Texas Archery,texas-archery-tx,commercial,active,False,"5833 Treaschwig Rd, Spring, TX 77373",,,,+12814430066,,http://www.thebowzone.com/,,,,False,False,False,False,,,False,False,,,false,false,"[""https://images.unsplash.com/photo-1574607774561-e645c79a2478?w=800&h=400&fit=crop""]","Archery range located in Spring, TX.",Spring,Texas
cfeeeb05-ac08-4255-92d7-30702152e9c3,Texas Archery Academy,texas-archery-academy-tx,commercial,active,False,"600 Accent Dr Plano, TX 75075",,,,,Clint@TexasArchery.info,http://texasarchery.info/,,,,False,False,False,True,$200/yr,$10,False,True,$45-$65 + $15 equipment fee,,false,false,"[""state-range-photos/texas/Texas Archery Academy (Plano).jpg""]","Archery range located in Plano, TX.",Plano,Texas
f94ea140-4418-47fc-bb67-0e1e93f51707,Texas Archery Spring,texas-archery-spring-tx,commercial,active,False,"10265 State Highway 30, College Station TX 77845",77373,,,979-485-9950,texarchery@gmail.com,https://texarchery.com,"Mon-Sat 10am-6pm, Sun 12pm-6pm",,,True,False,False,False,,,False,True,,,false,false,"[""state-range-photos/texas/Texas Archery Spring (Spring).jpg""]","Archery range located in Spring, TX.",Spring,Texas
0ba7d712-1898-4e03-a1ab-688e2e54e12d,Texas Elite 3-D Archery,texas-elite-3-d-archery-tx,club,active,False,1088 county road 107,78934,,,+19792030516,texaselite3d@gmail.com,,,,,False,False,False,False,,,False,False,,,false,false,"[""state-range-photos/texas/Texas Elite 3-D Archery (Columbus).jpg""]",ASA-affiliated archery club. Status: Expired 2025,Columbus,Texas
a108f3bc-8f01-4064-a0f5-df80ac67aee2,Texas Shooting Stars,texas-shooting-stars-tx,hybrid,active,False,1781 Cottondale RD,76082,,,,aitcoachjesse@gmail.com,http://wwwarcheryinsighttraining.com,,,,False,False,False,False,,,False,False,,,false,false,"[""state-range-photos/texas/Texas Shooting Stars (Springtown).jpg""]",USA Archery affiliated club. Programs: Junior Olympic Archery Development (JOAD),Springtown,Texas
efc489f6-9ca7-4dc1-8e55-edbfede74d2a,The Adventurous Bowmen,the-adventurous-bowmen-or,club,active,False,,,,,,,,,,,False,False,False,False,,,False,False,,,false,false,"[""state-range-photos/oregon/The Adventurous Bowmen (Eugene).jpg""]","Archery range located in Eugene, OR.",Eugene,Oregon
899a2aa5-1a47-4b7d-81d2-ccae11769bf4,The Archery and Bow Club,the-archery-and-bow-club-sc,volunteer_club,active,False,3690 Bramlett Church Rd.,29645,,,864-630-1585,6949adb@gmail.com,https://tabarcheryclub.com/,,,,False,True,False,True,,,False,False,,,false,false,"[""state-range-photos/south-carolina/The Archery and Bow Club (Gray Court).jpg""]",ASA-affiliated 3D archery club. Contact: Al Brandon.,Gray Court,South Carolina
c86ec59d-115f-483d-8a7b-762af8e8adf3,The Archery Den,the-archery-den-tn,commercial,active,False,4404 Franklin S Ct,,,,,,,,,,False,False,False,False,,,False,False,,,false,false,"[""state-range-photos/tennessee/The Archery Den (Spring Hill).jpg""]","Archery range located in Spring Hill, TN.",Spring Hill,Tennessee
b17a4d78-7f34-4193-9d5f-ad0173c57b38,The Archery Experience,the-archery-experience-tn,commercial,active,False,1218 Robert Rose Dr,,,,+16156192642,,,,,,False,False,False,False,,,False,False,,,false,false,"[""state-range-photos/tennessee/The Archery Experience (Murfreesboro).jpg""]","Archery range located in Murfreesboro, TN.",Murfreesboro,Tennessee
de3ef8c9-82ba-428e-b23c-269c5478c12d,The Archery Shop,the-archery-shop-ca,commercial,active,False,2332 C Chester Ave.,93301,,,+16616319040,1elk@bak.rr.com,,,,,False,False,False,False,,,False,False,,,false,false,"[""state-range-photos/california/The Archery Shop (BAKERSFIELD).jpg""]","Archery range located in Bakersfield, CA.",BAKERSFIELD,California
2678b9f1-dbe3-4280-9dc1-25f03984ebb8,The Arrow Shop LLC - OK,the-arrow-shop-llc-ok-ok,commercial,active,False,131 N OSAGE,74029,36.7927819,-95.936127,+19183338025,thearrowshop@yahoo.com,,,,,False,False,False,False,,,False,False,,,false,false,"[""https://arrowshopok.com/wp-content/uploads/2017/03/the-arrow-shop-slideshow5-2000x500.jpg""]","Archery range located in DEWEY, OK.",Dewey,Oklahoma
38d4ad75-eb7a-4ac7-ad4b-7bb65c2c75fb,The Bow Rack,the-bow-rack-ca,commercial,active,False,928 Cypress Ave.,96001,,,,thebowrack@sbcglobal.net,https://www.thebowrack.com,,,,False,False,False,False,,,False,False,,,false,false,"[""https://images.unsplash.com/photo-1574607774561-e645c79a2478?w=800&h=400&fit=crop""]","Archery range located in Redding, CA.",REDDING,California
4f8a50d5-eb9b-47f6-8bc5-4b65054a98ac,The Bow Rack - CA,the-bow-rack-ca-ca,commercial,active,False,928 Cypress Ave,96001,40.576395,-122.383651,+15302435181,thebowrack@sbcglobal.net,,,,,False,False,False,False,,,False,False,,,false,false,"[""https://lh5.googleusercontent.com/p/AF1QipPjyRs76xKJp2FoxnxzgJI9NiwcRtIIY4fvhQQm=s1024""]","Archery range located in REDDING, CA.",REDDING,California
5eafa021-b9cf-4ebc-a9a8-8a9b4cccd98f,The Bow Shop - WV,the-bow-shop-wv-wv,commercial,active,False,151 TURNPIKE DRIVE,26301,39.3307717,-80.3399306,,,,,,,False,False,False,False,,,False,False,,,false,false,"[""state-range-photos/west-virginia/The Bow Shop - WV (CLARKSBURG).jpg""]","Archery range located in CLARKSBURG, WV.",CLARKSBURG,West Virginia
d59d7b87-34d1-4167-8525-808f97c178ad,The Bow Shop Nephi,the-bow-shop-nephi-ut,commercial,active,False,205 S Main St,84648,,,,,,,,,False,False,False,False,,,False,False,,,false,false,"[""state-range-photos/utah/The Bow Shop Nephi (Nephi).jpg""]","Archery range located in Nephi, UT.",Nephi,Utah
c8d51170-64d4-4e38-bd30-3de27cc33c0b,The Carriage Archery Club,the-carriage-archery-club-tx,commercial,active,False,"1204 Holly Street, Houston TX 77007",77007,,,713-295-9099,hello@thecarriagehtx.com,https://thecarriagehtx.com/,7 days/week 5am-10:30pm,,10,True,True,False,True,$79/month or $70/month billed annually,$45/24hrs (guest pass),False,True,,,false,false,"[""state-range-photos/texas/The Carriage Archery Club (Houston).jpg""]","Archery range located in Houston, TX.",Houston,Texas
9cac42b9-8621-4801-b71f-b5ae87b45333,The Catskill Outdoorsman,the-catskill-outdoorsman-ny,volunteer_club,active,False,4882 State Route 52,12748,41.7802124,-74.9352791,,ryan@catskilloutdoorsman.com,https://catskilloutdoorsman.com/,,,,False,False,False,False,,,False,False,,,false,false,"[""https://images.unsplash.com/photo-1574607774561-e645c79a2478?w=800&h=400&fit=crop""]","Archery range located in Jeffersonville, NY.",Jeffersonville,New York
7c29dc6e-69b6-495b-86be-50ab57e8ac45,The City of Yuma,the-city-of-yuma-az,hybrid,active,False,"Pacific Ave Athletic Complex, PAAC",85364,,,+19289207712,pheobe.desposito@yumaaz.gov,,,,,False,False,False,False,,,False,False,,,false,false,"[""https://bloximages.newyork1.vip.townnews.com/yumasun.com/content/tncms/assets/v3/editorial/4/75/475bad00-99ea-11e3-8713-001a4bcf6878/5305892d09567.image.jpg?resize=750,500""]","USA Archery affiliated club. Programs: Junior Olympic Archery Development (JOAD), Adult Archery Program",Yuma,Arizona
61cb3243-cdf8-44cb-bbb1-4841ccd5c1df,The Club House,the-club-house-in,commercial,active,False,,47342,,,+17653583405,linecutters@gmail.com,https://theclubhousearchery.com,,,,True,False,False,False,,,False,False,,,false,false,"[""https://images.unsplash.com/photo-1574607774561-e645c79a2478?w=800&h=400&fit=crop""]",IBO pro shop (IBO directory).,GASTON,Indiana
4503a65a-8d5a-44d2-b5a4-36db14f8e833,The Complete Hunters Outlet,the-complete-hunters-outlet-oh,commercial,active,False,"1320 State Route 43, Suffield, OH 44260",,,,330-628-1457,huntersoutlet@aol.com,,Monday-Saturday: 10:00am - 5:00pm,,,True,False,False,False,,,False,True,,,false,false,"[""state-range-photos/ohio/The Complete Hunters Outlet (Suffield).jpg""]","Archery range located in Suffield, OH.",Suffield,Ohio
f6f16cff-19bf-4f42-bc2e-3a129342b083,The Farms 3D Archery LLC,the-farms-3d-archery-llc-mo,club,active,False,8978 Hwy C,65059,,,+15735446822,lllruppel@yahoo.com,,,,,False,False,False,False,,,False,False,,,false,false,"[""state-range-photos/missouri/The Farms 3D Archery LLC (Mokane).jpg""]",ASA-affiliated archery club. Status: Expired 2025,Mokane,Missouri
36aab59f-7cf1-45b0-9ba1-7726330a77a0,The Hermitage Inn Archery,the-hermitage-inn-archery-vt,commercial,active,False,"25 Handle Road, West Dover, Vermont 05356",,,,802-618-0051,inquiries@thehermitageinnvermont.com,https://www.thehermitageinnvermont.com/archery,,,,False,False,False,False,,$100 per person (50 min); groups 5+ $85/person (75 min),True,True,,,false,false,"[""state-range-photos/vermont/The Hermitage Inn Archery (West Dover).jpg""]","Archery range located in West Dover, VT.",West Dover,Vermont
c04d15c7-4fda-4053-86e0-b0ce83b5c90f,The Lodge in Franklin,the-lodge-in-franklin-tn,commercial,active,False,1715 Columbia Ave #320,,,,,,https://thelodgeinfranklin.com/,,,,False,False,False,False,,,False,False,,,false,false,"[""state-range-photos/tennessee/The Lodge in Franklin (Franklin).jpg""]","Archery range located in Franklin, TN.",Franklin,Tennessee
f73b0254-8d74-4be0-82bf-a7075f5a125e,The Mountain Archery,the-mountain-archery-ca,hybrid,active,False,13592 Lake Chabot,94577,,,510-214-2057,emma@themountainarcheryrange.com,http://Themountainarcheryrange.com,,,,False,False,False,False,,,False,False,,,false,false,"[""https://images.unsplash.com/photo-1574607774561-e645c79a2478?w=800&h=400&fit=crop""]","USA Archery affiliated club. Programs: Junior Olympic Archery Development (JOAD), Adult Archery Program",San Leandro,California
0e6c1eb9-91fe-4297-b125-e400c731bcb3,The Mountain Archery Range,the-mountain-archery-range-ca,commercial,active,False,13592 Lake Chabot Rd,94577,37.7276358,-122.1216539,,emma@themountainarcheryrange.com,http://www.themountainarcheryrange.com,,,,False,False,False,False,,,False,False,,,false,false,"[""https://images.squarespace-cdn.com/content/v1/67d08b3d40626d3a4aee55e9/60f7c008-2540-4b47-87b6-2381b2bf7a78/JAS01237.jpg?format=2500w""]","Archery range located in San Leandro, CA.",San Leandro,California
91c8ac43-9870-43f0-96a8-9770ae9e5bff,The Nock Point,the-nock-point-wa,commercial,active,False,22313 70th Ave W,98043,,,425-672-8080,info@thenockpoint.com,https://www.thenockpoint.com/,"Monday Closed, Tue-Fri 10AM-8PM, Sat-Sun 10AM-6PM",,26,True,False,False,False,,Adult All Day $21 / Youth (under 16) All Day $11,True,False,,,false,false,"[""https://thenockpoint.com/wp-content/uploads/2025/02/2025-01-20-NSA-Teams-16-scaled.jpg""]","Archery range located in Mountlake Terrace, WA.",Mountlake Terrace,Washington
074ace66-062c-4c6f-b391-6f634730c3fa,The Other Place Archery Club,the-other-place-archery-club-sc,volunteer_club,active,False,908 Hannah Rd,29556,,,,mcclary_robert@yahoo.com,,,,,False,False,False,False,,,False,False,,,false,false,"[""state-range-photos/south-carolina/The Other Place Archery Club (Kingstree).jpg""]",ASA-affiliated 3D archery club. Contact: Robert Mc Clary.,Kingstree,South Carolina
e634288b-1380-4531-8763-fb9db7bb59cc,The Outdoor Insiders,the-outdoor-insiders-pa,volunteer_club,active,False,310 Outdoor Drive,18834,,,+15707822520,mvirbitsky@theoutdoorinsiders.com,https://www.outdoorinsiders.com,,,,False,False,False,False,,,False,False,,,false,false,"[""https://cdn.shoplightspeed.com/shops/666914/files/56961609/indoor-3d-archery-range.jpg""]",ASA-affiliated 3D archery club. Contact: Michael Virbitsky.,New Milford,Pennsylvania
774f0637-986f-44da-ae58-f069b9850b2a,The Outdoorsman Sport Shop,the-outdoorsman-sport-shop-in,commercial,active,False,1010 S STATE ROAD 135,46143,39.6010788,-86.1595572,(317) 881-7446,archery@outdoorsmansportshop.com,https://www.outdoorsmansportshop.com/,Mon-Fri: 8:00am-7:00pm; Sat: 8:00am-6:00pm; Sun: 9:00am-4:00pm,,,True,False,False,False,,,False,False,,,false,false,"[""https://static.wixstatic.com/media/c5538e_9b080bab0b5b41ef9f581e2fc037eeff~mv2.jpg/v1/fill/w_980,h_465,al_c,q_85,usm_0.66_1.00_0.01,enc_auto/c5538e_9b080bab0b5b41ef9f581e2fc037eeff~mv2.jpg""]","Archery range located in GREENWOOD, IN.",GREENWOOD,Indiana
97fd52cb-86d7-4772-b969-3a0459e4efdd,The Outlaw Archers,the-outlaw-archers-ca,volunteer_club,active,False,351 Valleywood Drive,95695,38.6876025,-121.8008965,+15309578406,theoutlawarchers@gmail.com,,,,,False,False,False,False,,,False,False,,,false,false,"[""state-range-photos/california/The Outlaw Archers (Woodland).jpg""]","Archery range located in Woodland, CA.",Woodland,California
c9ae3b38-8245-419d-bf2d-382d8405892e,The Peach Pit,the-peach-pit-al,volunteer_club,active,False,630 County Road 342,36750,,,+13345189876,thepeachpitarchery@gmail.com,,,,,False,False,False,False,,,False,False,,,false,false,"[""state-range-photos/alabama/The Peach Pit (Maplesville).jpg""]",ASA-affiliated 3D archery club. Contact: James Smith.,Maplesville,Alabama
d01647a2-b6c9-44c5-9992-94f42606c647,The Pootatuck Archers,the-pootatuck-archers-ct,club,active,False,"P.O. Box 153, Ridgefield, CT 06877",06896,,,,pootatuckarchers@hotmail.com,https://pootatuckarchers.com/,,,,False,True,True,True,Social $125/year; Working $45/year; Senior $45/year,,False,False,,,false,false,"[""https://images.unsplash.com/photo-1574607774561-e645c79a2478?w=800&h=400&fit=crop""]","Archery range located in Redding, CT.",Redding,Connecticut
fc847f7b-156c-4f00-8786-c3858bccfeb8,The Quiver,the-quiver-ar,hybrid,active,False,1701 SW F St,72712,,,,thequiver@peelcompton.org,https://www.peelcompton.org/spaces/the-quiver-archery/,,,,False,False,False,False,,,False,False,,,false,false,"[""state-range-photos/arkansas/The Quiver (Bentonville).jpg""]","USA Archery affiliated club. Programs: Junior Olympic Archery Development (JOAD), Adult Archery Program",Bentonville,Arkansas
ef7cf9eb-167b-44ee-a425-e3c68d6ac9c8,The Rocky Mountain Marksmen,the-rocky-mountain-marksmen-co,hybrid,active,False,"Rocky Mountian Specialty Gear, 4298 Kipling Street, Unit B",80023,,,,allisonrene05@gmail.com,http://www.rmsgear.com,,,,False,False,False,False,,,False,False,,,false,false,"[""https://images.unsplash.com/photo-1574607774561-e645c79a2478?w=800&h=400&fit=crop""]","USA Archery affiliated club. Programs: Junior Olympic Archery Development (JOAD), Adult Archery Program, 3D Archery, Field Archery",Wheat Ridge,Colorado
48bc0aba-9faa-4d78-bb3e-3ce87021007e,The Shed Saloon Chicago,the-shed-saloon-chicago-il,commercial,active,False,3707 E 106th St,60617,,,,,,,,,False,False,False,False,,,False,False,,,false,false,"[""state-range-photos/illinois/The Shed Saloon Chicago (Chicago).jpg""]","Archery range located in Chicago, IL.",Chicago,Illinois
fce2d8e4-5474-4c9d-8a90-0640d4686c6a,The Shot 3DX,the-shot-3dx-ok,volunteer_club,active,False,12691 S 4230 Rd,74016,,,+19182406119,jereme.shot3dx@gmail.com,,,,,False,False,False,False,,,False,False,,,false,false,"[""state-range-photos/oklahoma/The Shot 3DX (Chelsea).jpg""]",ASA-affiliated 3D archery club. Contact: Jereme Budgick.,Chelsea,Oklahoma
0444206a-261f-4f0e-b65c-1425aba91feb,The Spot Archery,the-spot-archery-ca,commercial,active,False,3524 W. GETTYSBURG,93722,36.8016169,-119.8560718,,thespotarchery@hotmail.com,https://thespotarchery.com,,,,False,False,False,False,,,False,False,,,false,false,"[""state-range-photos/california/The Spot Archery (Fresno).jpg""]","Archery range located in FRESNO, CA.",Fresno,California
bc0f7623-4967-452c-a753-a8af3da0d484,The Three Rivers Archery,the-three-rivers-archery-in,commercial,active,False,,,,,+12605879501,info@3riversarchery.com,https://www.3riversarchery.com/,,,,False,False,False,False,,,False,False,,,false,false,"[""https://s3-media0.fl.yelpcdn.com/bphoto/72VNxJ3aX8hnGJH1kOorKw/o.jpg""]","Archery range located in Fort Wayne, IN.",Fort Wayne,Indiana
760b73df-ba4a-4868-9216-da50221c769e,The Villages Archery,the-villages-archery-fl,club,active,False,1309 Paradise Drive,32159,,,,villagesarcheryclub@gmail.com,http://www.villagesarcheryclub.com,,,,False,False,False,False,,,False,False,,,false,false,"[""state-range-photos/florida/The Villages Archery (Lady Lake).jpg""]","Archery range located in Lady Lake, FL.",Lady Lake,Florida
346a242d-4689-42fc-9e84-1fdd5ca281ff,The Woods 3-D Archery,the-woods-3-d-archery-tx,volunteer_club,active,False,5315 Coleman Ranch Rd,76476,,,+18172194848,skippermcniel@gmail.com,,,,,False,False,False,False,,,False,False,,,false,false,"[""state-range-photos/texas/The Woods 3-D Archery (Tolar).jpg""]",ASA-affiliated 3D archery club. Contact: Mark McNiel.,Tolar,Texas
a7922f8c-c7c5-4d62-8a0a-613c2b5a4b47,Theodore Wirth Archery Range,theodore-wirth-archery-range-mn,public,active,False,,55422,,,,,,,,,False,False,False,False,,,False,False,,,false,false,"[""state-range-photos/minnesota/Theodore Wirth Archery Range (Golden Valley).jpg""]","Archery range located in Golden Valley, MN.",Golden Valley,Minnesota
38a4a04a-25c9-4a1e-b8be-db17b300e4fe,Third Coast Archers JOAD,third-coast-archers-joad-tx,club,active,False,4018 Weber Road,78411,,,,,,,,,False,False,False,False,,,False,False,,,false,false,"[""state-range-photos/texas/Third Coast Archers JOAD (Corpus Christi).jpg""]","Archery range located in Corpus Christi, TX.",Corpus Christi,Texas
6ba8aebe-6fa5-42b8-b359-23dbcc0bc3f1,Thomas Township Archery,thomas-township-archery-mi,volunteer_club,active,False,249 North Miller,48609,,,,park1@thomastwp.org,http://www.thomastwp.org,,,,False,False,False,False,,,False,False,,,false,false,"[""state-range-photos/michigan/Thomas Township Archery (Saginaw).jpg""]","Archery range located in Saginaw, MI.",Saginaw,Michigan
c1565bfa-6a52-4e83-8bc0-3a7d403ad5ce,Thompson Falls Archery Club,thompson-falls-archery-club-mt,club,active,False,Box 793,59873,,,,,,,,,False,False,False,False,,,False,False,,,false,false,"[""state-range-photos/montana/Thompson Falls Archery Club (Thompson Falls).jpg""]","Archery range located in Thompson Falls, MT.",Thompson Falls,Montana
19a4b33c-95a9-4675-88f3-59bf4d35fb3c,Thorny Acres Sportsmans Club,thorny-acres-sportsmans-club-mi,volunteer_club,active,False,"9550 E. French Road, PO Box 226",48831-0226,43.0593139,-84.3765059,+19898625717,thornyacressc@gmail.com,,,,,False,False,False,False,,,False,False,,,false,false,"[""state-range-photos/michigan/Thorny Acres Sportsmans Club (ELSIE).jpg""]","Archery range located in ELSIE, MI.",ELSIE,Michigan
91380cdf-cd65-4f79-a438-390d47915b9b,Three D Archery,three-d-archery-mo,volunteer_club,active,False,4777 HWY NN,63015,,,+13149529386,stlthreedarchery@gmail.com,,,,,False,False,False,False,,,False,False,,,false,false,"[""state-range-photos/missouri/Three D Archery (Catawissa).jpg""]",ASA-affiliated 3D archery club. Contact: Adam Fountain.,Catawissa,Missouri
745304a3-5032-4eab-b574-ef0a8e5db776,Thunderstruck,thunderstruck-fl,hybrid,active,False,2210 S Us Highway 301 Ste 200,33619-7913,,,,thunderstruckarchery@yahoo.com,http://Www.thunderstruck.usarchery.org,,,,False,False,False,False,,,False,False,,,false,false,"[""https://images.unsplash.com/photo-1574607774561-e645c79a2478?w=800&h=400&fit=crop""]","USA Archery affiliated club. Programs: Junior Olympic Archery Development (JOAD), Adult Archery Program, 3D Archery, Field Archery",Tampa,Florida
3ea6b4cb-e00d-41c4-a7da-ae30a9386b19,Thunderstruck Archery,thunderstruck-archery-fl,commercial,active,False,105 Lumsden Trace Cir,33594,,,,thunderstruckarchry@yahoo.com,https://thunderstruckarchery.net/,,,,False,False,False,False,,,False,False,,,false,false,"[""https://npr.brightspotcdn.com/dims4/default/351d080/2147483647/strip/true/crop/3204x3784+0+0/resize/880x1039!/quality/90/?url=http://npr-brightspot.s3.amazonaws.com/legacy/news/files/2023/08/Sarmiento_Archery_3.jpg""]","Archery range located in Valrico, FL.",Valrico,Florida
446bd0df-7063-4a89-aef7-c2eaa330191b,Ti Yogi Bowmen,ti-yogi-bowmen-ny,volunteer_club,active,False,57 mill road,12538,41.7916346,-73.9165781,,TiYogiBowmenNY@gmail.com,https://tiyogi.com/,,,,False,True,True,True,$200/year (regular); $400/year (associate/no work hours),,False,True,,,false,false,"[""https://tiyogi.com/wp-content/uploads/2025/07/Trad-Tradbow-Recurve-Range-1536x1024.jpg""]","Archery range located in Hyde Park, NY.",Hyde Park,New York
420f2f65-ff74-4947-85d6-9b608b43ca52,Tidewater Bowhunters and Archers,tidewater-bowhunters-and-archers-va,club,active,False,"13564 Jefferson Ave, Newport News, VA 23603",,,,+17578765755,,,,,,False,False,False,False,,,False,False,,,false,false,"[""state-range-photos/virginia/Tidewater Bowhunters and Archers (Newport News).jpg""]","Archery range located in Newport News, VA.",Newport News,Virginia
3f7ea51e-d2ca-4fe5-9355-e99d80fac409,Tiger Mountain Center Leander,tiger-mountain-center-leander-tx,club,active,False,00 Mockingbird Hill,78641,,,+15125547055,,https://tigermountaincenter.org,,,,False,False,False,False,,,False,False,,,false,false,"[""state-range-photos/texas/Tiger Mountain Center Leander (Leander).jpg""]","Archery range located in Leander, TX.",Leander,Texas
536d42e6-c7ee-41f6-9148-6c54800aa30c,Tillamook Sporting Goods,tillamook-sporting-goods-or,commercial,active,False,2205 N Main Ave,97141,,,,,,,,,False,False,False,False,,,False,False,,,false,false,"[""state-range-photos/oregon/Tillamook Sporting Goods (Tillamook).jpg""]","Archery range located in Tillamook, OR.",Tillamook,Oregon
8aa741f8-2edd-4684-8678-17abed45f988,Tim Parchers,tim-parchers-ut,club,active,False,,,,,,,http://www.timparchers.com/,,,,False,False,False,False,,,False,False,,,false,false,"[""state-range-photos/utah/Tim Parchers (unknown).jpg""]",,,Utah
887005ed-ac74-4521-9c0a-39d696697d27,Timber Mesa Archers,timber-mesa-archers-az,hybrid,active,False,"Timber Mesa Outdoors, 952 E Baseline Rd",85204,,,,nextsteps@teamtma.com,http://www.teamtma.com,,,,False,False,False,True,$100/year + $80/month,,False,True,,,false,false,"[""https://images.unsplash.com/photo-1574607774561-e645c79a2478?w=800&h=400&fit=crop""]","USA Archery affiliated club. Programs: Junior Olympic Archery Development (JOAD), Adult Archery Program, 3D Archery",Mesa,Arizona
70397c29-bd45-4aa1-9d5c-94632e5695c2,Timber Mesa Outdoors,timber-mesa-outdoors-az,commercial,active,False,"952 E Baseline Rd, Mesa, AZ 85204",,,,480-219-9766,,https://www.timbermesaoutdoors.com,"Mon-Fri 10am-6pm, Sat 9am-3pm",,,True,False,False,False,$345/year individual or $225/6 months,$10/hour,True,True,$30-$125,,false,false,"[""https://archerydirectory.com/wp-content/uploads/2025/05/Timber-Mesa-Outdoors-Mesa-AZ.png""]","Archery range located in Mesa, AZ.",Mesa,Arizona
c52846f7-6518-480a-8505-3db93a85f1b0,Timber Mesa Outdoors LLC,timber-mesa-outdoors-llc-az,volunteer_club,active,False,"1190 E. Huning St., Show Low, AZ 85901",85901,34.250499,-110.0295892,928-537-9808,,https://www.timbermesaoutdoors.com,,,,False,False,False,False,,,False,False,,,false,false,"[""https://images.unsplash.com/photo-1574607774561-e645c79a2478?w=800&h=400&fit=crop""]","Archery range located in Show Low, AZ.",Show Low,Arizona
6aaf4ea9-bbb8-429b-a490-9904fa84c6df,Timberwolf Archery & Outdoors,timberwolf-archery-outdoors-tn,commercial,active,False,12681 State Hwy 99,37153,35.732146,-86.586431,615-631-8316,twaando@yahoo.com,https://www.timberwolfarchery.com/,Tue-Fri: 9am-7pm; Sat: 9am-5pm; Sun-Mon: Closed,,,True,True,False,False,$50/month (indoor unlimited),Indoor range $10/hr; 3D $20/hr; Virtual room $20/hr,False,True,,,false,false,"[""state-range-photos/tennessee/Timberwolf Archery  Outdoors (Rockvale).jpg""]","Archery range located in Rockvale, TN.",Rockvale,Tennessee
684bad70-43da-4c22-a05e-c3f9f37fec8b,Timpanogos Archers,timpanogos-archers-ut,volunteer_club,active,False,"One mile up Kyhv Peak Rd (formerly Squaw Peak Rd.), Provo Canyon",84097-0833,40.2532608,-111.5764087,+18013614282,timparchersclub@gmail.com,https://timpanogosarchers.com/,,,,False,True,False,True,,,False,False,,,false,false,"[""https://timpanogosarchers.com/wp-content/uploads/2023/06/concentrate-2048x1864.jpg""]","Archery range located in OREM, UT.",OREM,Utah
d0b8bc44-d503-4005-87ad-ec83512ed814,Titan Archery,titan-archery-fl,hybrid,active,False,13221 Bermuda Grass Way,33579,,,(412)225-3995,titanarchery@icloud.com,http://Titan.usarchery.org,,,,False,False,False,False,,,False,False,,,false,false,"[""state-range-photos/florida/Titan Archery (Riverview).jpg""]","USA Archery affiliated club. Programs: Junior Olympic Archery Development (JOAD), Adult Archery Program, 3D Archery, Field Archery",Riverview,Florida
183c3eb4-896f-4f0d-8cc7-1792aa3ee397,Top Gun Indoor Range Miami,top-gun-indoor-range-miami-fl,commercial,active,False,12015 SW 114th Pl,33176,,,305-306-7333,info@topgunindoorrange.com,https://topgunindoorrange.com,"Mon-Fri 12pm-8pm, Sat 11am-6pm, Sun 11am-5pm",,18,False,False,False,False,,"$15 first person, $7.50 second person",False,True,,,false,false,"[""state-range-photos/florida/Top Gun Indoor Range Miami (Miami).jpg""]","Archery range located in Miami, FL.",Miami,Florida
0859b833-6fd7-49f3-96b1-88886bc950d5,Top Nock Archery Club,top-nock-archery-club-ga,volunteer_club,active,False,7123 Bill Dorn rd,30802,,,,jake@topnockarchery.com,http://topnockarchery.com/,,,,False,False,False,False,,,False,False,,,false,false,"[""https://images.unsplash.com/photo-1574607774561-e645c79a2478?w=800&h=400&fit=crop""]","Archery range located in Appling, GA.",Appling,Georgia
be12ab85-9284-4c4a-aa07-a55b17fd05c7,Top Nock Archery NM,top-nock-archery-nm-nm,club,active,False,2101 S Canal St Ste C,88220,,,+15753613108,topnockarchery22@gmail.com,,,,,False,False,False,False,,,False,False,,,false,false,"[""state-range-photos/new-mexico/Top Nock Archery NM (Carlsbad).jpg""]",ASA-affiliated archery club. Status: Expired 2025,Carlsbad,New Mexico
8059cc3f-1470-4dc0-a9d5-4d60faad9dd4,Top Pin Archery,top-pin-archery-sd,commercial,active,False,PO Box 5063,57730,,,,,,,,,False,False,False,False,,,False,False,,,false,false,"[""state-range-photos/south-dakota/Top Pin Archery (Custer).jpg""]","Archery range located in Custer, SD.",Custer,South Dakota
24324b2e-3a57-4e48-bed6-35714488cd5e,Top Tier Archery,top-tier-archery-ga,commercial,active,False,2080 Bankhead Hwy Suite B,30116,,,+17708368891,toptierarchery@yahoo.com,,,,,True,False,False,False,,,False,True,,,false,false,"[""state-range-photos/georgia/Top Tier Archery (Carrollton).jpg""]","Archery range located in Carrollton, GA.",Carrollton,Georgia
cd350361-eada-4d06-a97f-b523f0910021,"Town of Nashville Parks, Recreation, and Cultural Resources",town-of-nashville-parks-recreation-and-cultural-resources-nc,volunteer_club,active,False,"499 South Barnes Street, PO Box 987",27856,,,,koy.worrell@townofnashvillenc.gov,http://www.townofnashville.com,,,,False,False,False,False,,,False,False,,,false,false,"[""https://images.unsplash.com/photo-1574607774561-e645c79a2478?w=800&h=400&fit=crop""]","Archery range located in Nashville, NC.",Nashville,North Carolina
e50c711d-3430-4dfa-86fa-27f2e48e91a2,Townsend Rod & Gun Club,townsend-rod-gun-club-ma,club,active,False,46 Emery Rd,01469,,,,cshunter44@yahoo.com,https://www.trgc.club/,,,,False,False,False,True,,,False,False,,,false,false,"[""https://i.ytimg.com/vi/VYqfDoaMAK0/hqdefault.jpg""]",ASA-affiliated archery club. Status: Expired 2025,Townsend,Massachusetts
87703ecd-a27d-47e7-9f5f-6b8f5fbc5e81,Traditional Archers - CA,traditional-archers-ca-ca,volunteer_club,active,False,291 SEAVEY RD,94952,38.2378982,-122.7837831,,mar2steved@gmail.com,https://traditionalarchersofca.com,,,,False,False,False,False,,,False,False,,,false,false,"[""state-range-photos/california/Traditional Archers - CA (Petaluma).png""]","Archery range located in PETALUMA, CA.",Petaluma,California
e2354f8b-95b7-4b8f-9598-782c120a0469,Traditional Archers of Alaska,traditional-archers-of-alaska-ak,commercial,active,False,"210 E. Park Avenue, Wasilla, AK 99654",99654,,,,,https://www.traditionalarchersofalaska.com/,,,,False,True,False,False,$27 card / $25 cash individual annual; $32 card / $30 cash family annual,$27 credit / $25 cash non-member; $22 card / $20 cash member; $17 credit / $15 cash youth,False,False,,,false,false,"[""state-range-photos/alaska/Traditional Archers of Alaska (WASILLA).jpg""]",IBO pro shop (IBO directory).,WASILLA,Alaska
55cc7e31-b0a5-4d66-9fe1-91182b167b74,Traditional Archers of CA,traditional-archers-of-ca-ca,volunteer_club,active,False,291 Seavey Road,94952,,,707-763-6574,traditionalarchersofcalifornia@gmail.com,https://traditionalarchersofca.com,,,,False,False,False,False,,,False,False,,,false,false,"[""https://images.unsplash.com/photo-1574607774561-e645c79a2478?w=800&h=400&fit=crop""]","Archery range located in Petaluma, CA.",Petaluma,California
266b98c2-c1d1-4f4b-b4fa-1f6b387dddca,Traditional Archers of Central Oregon,traditional-archers-of-central-oregon-or,club,active,False,,,,,,,,,,,False,False,False,False,,,False,False,,,false,false,"[""https://images.unsplash.com/photo-1574607774561-e645c79a2478?w=800&h=400&fit=crop""]","Archery range located in Bend, OR.",Bend,Oregon
8dab909e-e74b-4c04-9407-c63f2da91f89,Traditional Bowhunters of Montana,traditional-bowhunters-of-montana-mt,club,active,False,504 Flathead Ave.,59718,,,+14063900420,admin@tradbowmt.org,,,,,False,False,False,False,,,False,False,,,false,false,"[""state-range-photos/montana/Traditional Bowhunters of Montana (Bozeman).jpg""]","Archery range located in Bozeman, MT.",Bozeman,Montana
b29e90f0-e544-4140-baca-06b2e1fa743c,Treasure Valley Bowhunters,treasure-valley-bowhunters-id,club,active,False,2615 N. Devlin Ave.,83642,,,,,http://www.idahoarchery.com/tvb,,,,False,False,False,False,,,False,False,,,false,false,"[""state-range-photos/idaho/Treasure Valley Bowhunters (Meridian).jpg""]","Archery range located in Meridian, ID.",Meridian,Idaho
4c3d32b1-9a37-401c-becc-d1481adb73c6,Tri-Cities Bowmen,tri-cities-bowmen-ny,volunteer_club,active,False,2 Rockwell Road,13850,42.040242,-76.104638,,tricitiesbowmen@gmail.com,https://tcbowmen.wixsite.com/tcbowmen,,,,False,True,True,True,$60/year single; $70/year family,$12/round members; $15/round non-members (3D or NFAA range),False,False,,,false,false,"[""state-range-photos/new-york/Tri-Cities Bowmen (Vestal).jpg""]","Archery range located in Vestal, NY.",Vestal,New York
579e170d-f6bb-46de-9210-bec2b05c0134,Tri-County Archery,tri-county-archery-wi,club,active,False,"9145 County Line Rd, Platteville, WI 53818",,,,+16087782500,,,,,,False,False,False,False,,,False,False,,,false,false,"[""https://i0.wp.com/tcsl.org/wp-content/uploads/2016/05/g-archery2.jpg""]","Archery range located in Platteville, WI.",Platteville,Wisconsin
a38c799d-6b1b-46c8-a945-5c32360403c0,Tri-County Rod & Gun Club,tri-county-rod-gun-club-ks,volunteer_club,active,False,18753 STILLWELL RD,66052,39.0437802,-95.0137792,,,,,,,False,False,False,False,,,False,False,,,false,false,"[""https://lh7-us.googleusercontent.com/docsz/AD_4nXdz2wQecJrPHDtb5zLh9vS1_TbJ_kJOxuvwXe_YJ4D2moe8EQ8M6QSQof7TdBZ4_cR_Nby-wqWppB-cYrF9g6cx1rdYH0-P9eq_CUxRG8XOEmjXHDTPontspVQMy0kta9BvEwrxkB9-s4RQ39VrRB62XeZz?key=umZ42zGEMKp3LXMgoCSAYg""]","Archery range located in LINWOOD, KS.",LINWOOD,Kansas
0ee30f65-0ac1-460e-b040-ff347c244c4d,Tri-Fletch,tri-fletch-va,hybrid,active,False,500 E. Market St,20176,,,540-206-0041,info@doublexarchery.com,https://doublexarchery.com/tri-fletch-joad/,Tuesday: 12pm-4pm; Wednesday-Friday: 12pm-8pm; Saturday: 10am-6pm; Sunday: 12pm-5pm; Monday: Closed,,,True,False,False,False,,,False,True,,,false,false,"[""state-range-photos/virginia/Tri-Fletch (Leesburg).jpeg""]","USA Archery affiliated club. Programs: Junior Olympic Archery Development (JOAD), Adult Archery Program",Leesburg,Virginia
0308cd07-c569-4447-9645-fc33f59a91ea,Triangle Bowhunters,triangle-bowhunters-va,volunteer_club,active,False,1250 Burley Lane,24060,,,+15403925638,kelect60@gmail.com,,,,,False,False,False,False,,,False,False,,,false,false,"[""state-range-photos/virginia/Triangle Bowhunters (Blacksburg).jpg""]",ASA-affiliated 3D archery club. Contact: Bobby Kenley.,Blacksburg,Virginia
69f33c73-2181-48c6-be8b-aa43c06b5f21,Trident Archery,trident-archery-ca,hybrid,active,False,1050 E. Dominguez St. Unit P,90746,33.8398079,-118.2560885,(310) 881 3825,tridentarchery@gmail.com,http://tridentarchery.com,,,,False,False,False,False,,,False,False,,,false,false,"[""https://images.unsplash.com/photo-1574607774561-e645c79a2478?w=800&h=400&fit=crop""]","USA Archery affiliated club. Programs: Junior Olympic Archery Development (JOAD), Adult Archery Program",Carson,California
e9c69642-6c7e-4a93-a330-6b1f164f8fed,Triple C Archery,triple-c-archery-ok,volunteer_club,active,False,808 8th St.,73057,,,,neilcooley531@gmail.com,https://triplecarchery.com/,,,,False,False,False,False,,,False,False,,,false,false,"[""state-range-photos/oklahoma/Triple C Archery (Maysville).jpg""]",ASA-affiliated 3D archery club. Contact: Neil  Cooley.,Maysville,Oklahoma
d420ad73-fb51-4c8f-ba6c-d6488d5652f9,Triple Edge Archery Dayton,triple-edge-archery-dayton-tx,commercial,active,False,6209 N Hwy 146,77535,,,+19362578981,,http://tripleedgeusa.com,,,,False,False,False,False,,,False,False,,,false,false,"[""https://images.unsplash.com/photo-1574607774561-e645c79a2478?w=800&h=400&fit=crop""]","Archery range located in Dayton, TX.",Dayton,Texas
cc282baa-010a-465b-ae6f-0cf50277675a,Tripp County Range Robins,tripp-county-range-robins-sd,club,active,False,29322 321st Ave.,57528,,,,wrmbowhunter@goldenwest.net,,,,,False,False,False,False,,,False,False,,,false,false,"[""state-range-photos/south-dakota/Tripp County Range Robins (Colome).jpg""]","Archery range located in Colome, SD.",Colome,South Dakota
7205d4d5-5e52-41e7-a4b4-118a50416746,Trophy Hunters Archery Club,trophy-hunters-archery-club-ky,volunteer_club,active,False,3728 South State Hwy 7,41143,,,+16064744225,lady_d1956@yahoo.com,,,,,False,False,False,False,,,False,False,,,false,false,"[""state-range-photos/kentucky/Trophy Hunters Archery Club (Grayson).jpg""]",ASA-affiliated 3D archery club. Contact: Diana Steele.,Grayson,Kentucky
fe65bae3-56fe-43e9-a55f-49ef8a1aff4d,Trosper Archery Club,trosper-archery-club-ok,volunteer_club,active,False,2201 SE Grand Blvd,73129,35.4311084,-97.4741719,,trosperarcheryclub@yahoo.com,https://trosperarchery55645023.wordpress.com/,,,,False,False,False,False,,,False,False,,,false,false,"[""state-range-photos/oklahoma/Trosper Archery Club (Oklahoma City).jpg""]","Archery range located in OKLAHOMA CITY, OK.",Oklahoma City,Oklahoma
e16759f9-7fdd-4532-a0fb-b2e7489953ce,Trout Creek Bible Camp,trout-creek-bible-camp-or,club,active,False,38105 SE Gordon Creek Rd,97019,,,503-695-2948,info@tcbc.com,https://www.tcbc.com/,,,,False,False,False,False,,$100/hour,False,False,,,false,false,"[""state-range-photos/oregon/Trout Creek Bible Camp (Corbett).png""]","Archery range located in Corbett, OR.",Corbett,Oregon
d56ec3ac-4e85-4aa1-958b-2256f08721af,True Sportsman Club,true-sportsman-club-oh,commercial,active,False,,43933,,,,,https://truesportsmanclub.org,,,,False,False,False,False,,,False,False,,,false,false,"[""state-range-photos/ohio/True Sportsman Club (Jacobsburgh).jpg""]",IBO pro shop (IBO directory).,Jacobsburgh,Ohio
dadf745a-5946-45f8-b498-1f7f91d682c3,Tuckasee Archery,tuckasee-archery-tn,hybrid,active,False,5291 Burkesville Hwy.,38551,,,,tuckaseearchery@gmail.com,,,,,False,False,False,False,,,False,False,,,false,false,"[""state-range-photos/tennessee/Tuckasee Archery (CELINA).jpg""]","USA Archery affiliated club. Programs: Junior Olympic Archery Development (JOAD), Adult Archery Program, 3D Archery",CELINA,Tennessee
2acee6e6-7c7e-4cfc-84d5-d08112a4b5f5,Tucson Mountain Park Archery Range,tucson-mountain-park-archery-range-az,public,active,False,450 N Kinney Rd,85745,,,+15207245760,,https://www.pima.gov/Archery,,,,False,False,False,False,,,False,False,,,false,false,"[""state-range-photos/arizona/Tucson Mountain Park Archery Range (Tucson).jpg""]","Archery range located in Tucson, AZ.",Tucson,Arizona
fac27963-26bd-450a-a614-ec9f0b83d566,Tulsa Archery Association,tulsa-archery-association-ok,volunteer_club,active,False,PO BOX 127,74073,36.2973134,-95.991386,,info@tulsaarcheryassoc.org,http://tulsaarcheryassoc.org/,,,,False,True,False,True,,,False,False,,,false,false,"[""http://tulsaarcheryassoc.org/uploads/3/4/8/0/34804850/header_images/1404333560.jpg""]","Archery range located in Sperry, OK.",Sperry,Oklahoma
1c58716d-9c2b-4354-99f1-7bb92df1a6fe,Tunnel Hill Archery Club,tunnel-hill-archery-club-wv,commercial,active,False,"2953 Buckeye Rd Tunnelton, WV 26444",26444,,,+13045682953,,https://tunnelhillarcheryclub.yolasite.com,,,,False,False,False,False,,,False,False,,,false,false,"[""https://images.unsplash.com/photo-1574607774561-e645c79a2478?w=800&h=400&fit=crop""]",IBO pro shop (IBO directory).,Tunnelton,West Virginia
22c4c56d-abfe-4d84-ae9e-48bd9e05c8f0,Turkey Ridge Sportsman's Club,turkey-ridge-sportsman-s-club-mo,volunteer_club,active,False,24440 Rabbit,65583,,,+15733371887,jackiebrothers96@yahoo.com,,,,,False,False,False,False,,,False,False,,,false,false,"[""https://mybesthouston.com/wp-content/uploads/2024/06/AF1QipPNW24OPastQ1IPOO2kz6sKI5YSuQosaa_-OLn8w408-h306-k-no.jpg""]",ASA-affiliated 3D archery club. Contact: Jackie Brothers.,Waynesville,Missouri
b2998b01-659c-4b7b-901f-be69cf144a87,Turner's Outdoorsman,turner-s-outdoorsman-ca,commercial,active,False,365 N AZUSA AVE,91791,34.0767394,-117.9093192,,npgc.oec@nebraska.gov,https://www.turners.com,,,,False,False,False,False,,,False,False,,,false,false,"[""https://images.unsplash.com/photo-1574607774561-e645c79a2478?w=800&h=400&fit=crop""]","Archery range located in WEST COVINA, CA.",WEST COVINA,California
723131ad-e600-47de-8dad-9e4c07f1d372,Turner's Outdoorsman Chino Hills,turner-s-outdoorsman-chino-hills-ca,commercial,active,False,4200 Chino Hills Pkwy #600,91709,,,+19095907225,,https://turners.com,,,,False,False,False,False,,,False,False,,,false,false,"[""https://images.unsplash.com/photo-1574607774561-e645c79a2478?w=800&h=400&fit=crop""]","Archery range located in Chino Hills, CA.",Chino Hills,California
cac9a39f-dcf2-493c-9823-6006a7dbfad9,Turner's Outdoorsman Fountain Valley,turner-s-outdoorsman-fountain-valley-ca,commercial,active,False,18808 Brookhurst St,92708,,,,selliott@turners.com,https://turners.com,,,,False,False,False,False,,,False,False,,,false,false,"[""https://images.unsplash.com/photo-1574607774561-e645c79a2478?w=800&h=400&fit=crop""]","Archery range located in Fountain Valley, CA.",Fountain Valley,California
f60c9bf1-340f-43e3-a96e-d53ae7bee53f,Turner's Outdoorsman Oxnard,turner-s-outdoorsman-oxnard-ca,commercial,active,False,2051 N. Rose Ave #280,93036,,,,selliott@turners.com,https://turners.com,,,,False,False,False,False,,,False,False,,,false,false,"[""https://images.unsplash.com/photo-1574607774561-e645c79a2478?w=800&h=400&fit=crop""]","Archery range located in Oxnard, CA.",Oxnard,California
041482b5-cac6-45ca-bf0f-575e908e013d,Turner's Outdoorsman Palm Desert,turner-s-outdoorsman-palm-desert-ca,commercial,active,False,38698 El Viente Rd Ste B,92211,,,+17602004867,,https://turners.com,,,,False,False,False,False,,,False,False,,,false,false,"[""https://images.unsplash.com/photo-1574607774561-e645c79a2478?w=800&h=400&fit=crop""]","Archery range located in Palm Desert, CA.",Palm Desert,California
8a5f12cd-16a3-4b0a-8e74-c205ce0c1108,Turner's Outdoorsman Pasadena,turner-s-outdoorsman-pasadena-ca,commercial,active,False,835 S Arroyo Pkwy,91105,,,+16265780155,,https://turners.com,,,,False,False,False,False,,,False,False,,,false,false,"[""https://images.unsplash.com/photo-1574607774561-e645c79a2478?w=800&h=400&fit=crop""]","Archery range located in Pasadena, CA.",Pasadena,California
8a06b77b-710c-4926-a0fd-5e4a7ee98c19,Turner's Outdoorsman Riverside,turner-s-outdoorsman-riverside-ca,commercial,active,False,1919 Atlas Dr,92501,,,+19516849192,,https://turners.com,,,,False,False,False,False,,,False,False,,,false,false,"[""https://images.unsplash.com/photo-1574607774561-e645c79a2478?w=800&h=400&fit=crop""]","Archery range located in Riverside, CA.",Riverside,California
0d7aaf96-38f0-4c00-a442-095973179eb8,Turner's Outdoorsman Victorville,turner-s-outdoorsman-victorville-ca,commercial,active,False,14311 Bear Valley Rd #102,92392,,,+17602441999,,https://turners.com,,,,False,False,False,False,,,False,False,,,false,false,"[""https://images.unsplash.com/photo-1574607774561-e645c79a2478?w=800&h=400&fit=crop""]","Archery range located in Victorville, CA.",Victorville,California
00feeafa-445e-442d-9fc8-10802085b7ed,Turner's Outdoorsman West Covina,turner-s-outdoorsman-west-covina-ca,commercial,active,False,365 N Azusa Ave,91791,,,+16268588948,,https://turners.com,,,,False,False,False,False,,,False,False,,,false,false,"[""https://img.p.mapq.st/?url=https://s3-media0.fl.yelpcdn.com/bphoto/Cv_sozfoeBgcx-R_rhrzvg/l.jpg?w=750&q=75""]","Archery range located in West Covina, CA.",WEST COVINA,California
03912d56-8bbc-49c2-b3f3-2210cc2f385d,Turpin Archery Academy,turpin-archery-academy-ne,hybrid,active,False,"4703 N. 44th street, Nebraska Outdoor Education Center",68504,40.8581847,-96.6593853,,david.wolfe@nebraska.gov,http://OutdoorEdCenter.Org,,,,False,False,False,False,,,False,False,,,false,false,"[""https://images.unsplash.com/photo-1574607774561-e645c79a2478?w=800&h=400&fit=crop""]","USA Archery affiliated club. Programs: Junior Olympic Archery Development (JOAD), Adult Archery Program",Lincoln,Nebraska
67447d24-f91b-4609-9b3e-8a6abdaba2a7,Turtle Cove 3D Archery,turtle-cove-3d-archery-mo,volunteer_club,active,False,10031 Hwy H,65560,,,+13074213571,turtlecovelmr161@yahoo.com,,,,,False,False,False,False,,,False,False,,,false,false,"[""state-range-photos/missouri/Turtle Cove 3D Archery (SALEM).jpg""]",ASA-affiliated 3D archery club. Contact: Kathy Borell.,SALEM,Missouri
3fb15b3b-f878-48a5-91e8-071dd4aa0c2b,Turtle Mountain Sportsman Club,turtle-mountain-sportsman-club-nd,club,active,False,502 Shepherds Hill Dr.,58369,,,,,,,,,False,False,False,False,,,False,False,,,false,false,"[""state-range-photos/north-dakota/Turtle Mountain Sportsman Club (St. John).jpg""]","Archery range located in St. John, ND.",St. John,North Dakota
2b7001de-3aaf-467a-bd1b-6ffa76c9ad4f,Tuscaloosa County Bowhunters,tuscaloosa-county-bowhunters-al,volunteer_club,active,False,13040 Eugenia Faucett Drive,35476,,,+12055618660,wrandyadams@gmail.com,,,,,False,False,False,False,,,False,False,,,false,false,"[""state-range-photos/alabama/Tuscaloosa County Bowhunters (Northport).jpg""]",ASA-affiliated 3D archery club. Contact: William Adams.,Northport,Alabama
34c0acce-ac07-45eb-b410-35cbbc7e69b9,Tuscarora Archers,tuscarora-archers-md,hybrid,active,False,"P. O. Box 403, 5608 Etzler Road",21705,,,,stoothaker@gmail.com,http://www.tuscaroraarcher.org,,,,False,False,False,False,,,False,False,,,false,false,"[""https://lirp.cdn-website.com/054bbe6e/dms3rep/multi/opt/tuscarora-archers-youth-07-1920w.jpg""]","USA Archery affiliated club. Programs: Junior Olympic Archery Development (JOAD), Adult Archery Program",Frederick,Maryland
8e27d2e9-8b61-4784-9be7-376f93efb87e,Tuscola County Archers,tuscola-county-archers-mi,volunteer_club,active,False,2305 Bruisee Rd,48723,,,+19896736713,brandonfrank989@gmail.com,,,,,False,False,False,False,,,False,False,,,false,false,"[""state-range-photos/michigan/Tuscola County Archers (Caro).jpg""]",ASA-affiliated 3D archery club. Contact: Brandon Frank.,Caro,Michigan
42897624-86d7-4caa-9e7b-dcfb02e2f44d,Tustin United Archery Club,tustin-united-archery-club-ca,hybrid,active,False,"Santiago Park Archery Range (Practice Site), 2871 E Memory Ln",92705,,,+1 8184762258,beckman.archery@gmail.com,http://tustinunited.usarchery.org,,,,False,False,False,False,,,False,False,,,false,false,"[""state-range-photos/california/Tustin United Archery Club (Santa Ana).jpg""]",USA Archery affiliated club. Programs: Olympic Archery in the Schools,Santa Ana,California
7945ad0d-be97-4e9c-98b5-623e7cc220d1,Twelfth Precinct Archers,twelfth-precinct-archers-md,volunteer_club,active,False,424 Harwood Road,20776,38.882014,-76.632342,,,https://twelfthprecinct.org/,,,,False,True,True,False,,,False,True,,,false,false,"[""https://images.unsplash.com/photo-1574607774561-e645c79a2478?w=800&h=400&fit=crop""]","Archery range located in HARWOOD, MD.",HARWOOD,Maryland
7d95a37b-bf7c-440b-82b1-c4eae6649565,Twin City Bowhunters,twin-city-bowhunters-ar,volunteer_club,active,False,36 Laafayette 113,71860,,,,dpatillo1990@gmail.com,,,,,False,False,False,False,,,False,False,,,false,false,"[""state-range-photos/arkansas/Twin City Bowhunters (Stamps).jpg""]",ASA-affiliated 3D archery club. Contact: Derick Patillo.,Stamps,Arkansas
619fbe36-f957-4a92-bedf-16da2725e9a8,Twin City Rod & Gun Club,twin-city-rod-gun-club-wi,club,active,False,W7832 Winnegamie Dr.,,,,920-757-6135,twincityrodandgun@gmail.com,https://www.twincityrodandgun.com/,,,,False,True,False,True,$60 annual individual / $80 family,,False,False,,,false,false,"[""https://www.ci.neenah.wi.us/wp-content/uploads/2023/09/Archery-Range-2-1-1024x576.jpg""]","Archery range located in Neenah, WI.",Neenah,Wisconsin
d826e08b-23ff-4a96-a448-651a9a230954,Twin Oaks Bowhunters,twin-oaks-bowhunters-tn,club,active,False,,37035,,,+19318021203,twinoaksbowhunters@outlook.com,https://www.twinoaksbowhunters.org/,,,,False,False,False,False,,,False,False,,,false,false,"[""state-range-photos/tennessee/Twin Oaks Bowhunters (Chapmansboro).jpg""]","Archery range located in Chapmansboro, TN.",Chapmansboro,Tennessee
aeed111f-68c0-4a7a-abdb-dc049102f5cc,Twins Archery,twins-archery-oh,club,active,False,2506 South US Hwy 68,43078,,,+19372090236,waldoe10@yahoo.com,,,,,False,False,False,False,,,False,False,,,false,false,"[""state-range-photos/ohio/Twins Archery (Urbana).jpg""]",ASA-affiliated archery club. Status: Expired 2025,Urbana,Ohio
f8505d95-2569-48b2-ba58-08ebceb72a30,Twisted Arrow OK Archery,twisted-arrow-ok-archery-ok,hybrid,active,False,425 West Great Lakes Road,73753,,,580-603-5964,twistedarrowokarchery@gmail.com,https://twistedarrowokarchery.usarchery.org/,,,,False,False,False,False,,,False,False,,,false,false,"[""state-range-photos/oklahoma/Twisted Arrow OK Archery (Kremlin).jpg""]","USA Archery affiliated club. Programs: Junior Olympic Archery Development (JOAD), 3D Archery, Field Archery",Kremlin,Oklahoma
b6023735-1a5a-4f98-b145-72e05d59b979,Two Rivers Archery Club,two-rivers-archery-club-va,hybrid,active,False,"Two Rivers Archery Club, 83 Dismal Hollow Road",22630,,,+15402707535,tracfr@yahoo.com,,,,,False,False,False,False,,,False,False,,,false,false,"[""state-range-photos/virginia/Two Rivers Archery Club (Front Royal).jpg""]","USA Archery affiliated club. Programs: Junior Olympic Archery Development (JOAD), Adult Archery Program, 3D Archery, Field Archery",Front Royal,Virginia
789b7daf-f09b-4dda-8298-7a85900af7be,Tyler Archery Club,tyler-archery-club-tx,volunteer_club,active,False,11942 FM 848,75707,,,,TACarchery15@gmail.com,https://www.tylerarcheryclub.com/,,,,False,True,False,True,,,False,False,,,false,false,"[""state-range-photos/texas/Tyler Archery Club (Tyler).jpg""]",ASA-affiliated 3D archery club. Contact: Natalie Whitt.,Tyler,Texas
95294899-a39d-47fc-a625-b784cbee38c2,UAF Archery Range,uaf-archery-range-ak,public,active,False,"1731 South Chandalar Dr. Fairbanks, AK 99775",,,,,,,,,,False,False,False,False,,,False,False,,,false,false,"[""state-range-photos/alaska/UAF Archery Range (FAIRBANKS).jpg""]","Archery range located in Fairbanks, AK.",FAIRBANKS,Alaska
0006c627-2e66-4eed-84c4-dd58b60c454f,UCLA Archery,ucla-archery-ca,volunteer_club,active,False,"2131 John Wooden Center, Suite 2388",90095,,,,uclaclubarchery@gmail.com,https://www.uclaarchery.com/,,,,False,False,False,False,,,False,False,,,false,false,"[""state-range-photos/california/UCLA Archery (Los Angeles).png""]","Archery range located in Los Angeles, CA.",Los Angeles,California
a1724be6-4abb-41a0-b53f-f71263b3aeac,UJ Santa Fe Trail Archers,uj-santa-fe-trail-archers-ca,hybrid,active,False,"El Dorado Park Archery Range, 7550 E. Spring St.",90815,,,,sftarchers@gmail.com,,,,,False,False,False,False,,,False,False,,,false,false,"[""state-range-photos/california/UJ Santa Fe Trail Archers (Long Beach).jpg""]","USA Archery affiliated club. Programs: Junior Olympic Archery Development (JOAD), Adult Archery Program",Long Beach,California
ac397e8e-9437-4ca2-96d5-3b96bfe48e35,Ultra Products,ultra-products-il,volunteer_club,active,False,2130 W Delaware Suite 4,62837,,,+16188425796,ultraproductsltd@gmail.com,,,,,False,False,False,False,,,False,False,,,false,false,"[""state-range-photos/illinois/Ultra Products (Fairfield).jpg""]",ASA-affiliated 3D archery club. Contact: Wes Hutchcraft.,Fairfield,Illinois
df50fd5c-d4b5-4176-a651-81640d80d16b,Untamed Archery,untamed-archery-mi,commercial,active,False,109 E Main St,49665,44.1025148,-85.1469835,(231) 388-4051,UntamedArcheryLLC@gmail.com,https://www.untamedarchery.com/,"Tue-Thu 12pm-7pm, Fri-Sat 12pm-8pm, Sun 12pm-4pm",,8,True,True,False,False,,,False,True,,,false,false,"[""https://static.wixstatic.com/media/d796e7_84e014a14de94dbabc5674cdba8227a4~mv2.jpg/v1/fill/w_745,h_353,al_c,q_80,usm_0.66_1.00_0.01,enc_auto/d796e7_84e014a14de94dbabc5674cdba8227a4~mv2.jpg""]","Archery range located in Marion, MI.",Marion,Michigan
02be0334-1fa8-4f4b-9182-e2c3d39d044f,UpShot Archery,upshot-archery-ca,commercial,active,False,,,,,+17605666869,,,,,,False,False,False,False,,,False,False,,,false,false,"[""state-range-photos/california/UpShot Archery (San Diego).jpg""]","Archery range located in San Diego, CA.",San Diego,California
605ce9e0-911e-495d-a1c5-de0d94a62b05,"Upstate Archery Academy, LLC",upstate-archery-academy-llc-sc,commercial,active,False,"2830 Wade Hampton Blvd, Suite 25",29687,34.9019034,-82.3335542,864-775-5898,jack@upstatearcheryacademy.com,https://www.upstatearcheryacademy.com/,Tue/Thu/Fri 3:00pm-8:30pm; Wed 3:00pm-6:00pm; Sat 10:00am-3:00pm; Sun/Mon Closed,,,True,False,False,False,,,False,True,,,false,false,"[""state-range-photos/south-carolina/Upstate Archery Academy LLC (Taylors).jpg""]","Archery range located in Taylors, SC.",Taylors,South Carolina
42b4bbad-f7f1-406f-8160-ef092fa0d790,Usery Mountain Archers Club,usery-mountain-archers-club-az,volunteer_club,active,False,3939 N Usery Pass Rd,85207,,,,umacarchery@gmail.com,https://userymountainarchers.com,,,,False,True,True,False,"$25/year individual, $40/year family",,False,False,,,false,false,"[""https://images.unsplash.com/photo-1574607774561-e645c79a2478?w=800&h=400&fit=crop""]",ASA-affiliated 3D archery club. Contact: Mike Lee.,Mesa,Arizona
d6220099-353b-4952-935f-1bebd2d057b1,Utah Hot Shots Joad/Stp,utah-hot-shots-joad-stp-ut,hybrid,active,False,"Salt Lake Archery, 1130 E Wilmington Ave",84106,,,,randismith@xmission.com,,,,,False,False,False,False,,,False,False,,,false,false,"[""state-range-photos/utah/Utah Hot Shots JoadStp (Salt Lake City).jpg""]","USA Archery affiliated club. Programs: Junior Olympic Archery Development (JOAD), Adult Archery Program",Salt Lake City,Utah
0c4dc4ff-81b9-4289-9950-057a3186420a,VAF,vaf-ca,hybrid,active,False,18055 Gale Ave,91748,,,,info@varcheryfencing.com,http://www.varcheryfencing.com,,,,False,False,False,False,,,False,False,,,false,false,"[""state-range-photos/california/VAF (City of Industry).jpg""]","USA Archery affiliated club. Programs: Junior Olympic Archery Development (JOAD), Adult Archery Program",City of Industry,California
505b9dc4-a933-4b7a-81fc-1d51ec9eb955,Valley Outdoors,valley-outdoors-ny,club,active,False,16 S Main St,14718,,,,adamdiate@hotmail.com,https://valleyoutdoorsinc.com,,,,False,False,False,False,,,False,False,,,false,false,"[""state-range-photos/new-york/Valley Outdoors (Cassadaga).jpg""]",ASA-affiliated archery club. Status: Expired 2025,Cassadaga,New York
2c24a0d5-d566-4df6-9850-46b47cd89440,Valor Archery Challenge,valor-archery-challenge-co,commercial,active,False,7610 Montane Dr,80920,,,,Support@ValorArcheryChallenge.com,https://valorarcherychallenge.com/,,,,False,False,False,False,,,False,False,,,false,false,"[""https://images.unsplash.com/photo-1574607774561-e645c79a2478?w=800&h=400&fit=crop""]","Archery range located in Colorado Springs, CO.",Colorado Springs,Colorado
f49d68f0-c57d-4ebb-9d4b-933415e6f187,Vance Outdoors,vance-outdoors-oh,commercial,active,False,4250 Alum Creek Dr,43207,,,+16144895025,,https://www.vanceoutdoors.com,,,,False,False,False,False,,,False,False,,,false,false,"[""state-range-photos/ohio/Vance Outdoors (Obetz).jpg""]","Archery range located in Obetz, OH.",Obetz,Ohio
d2300585-1fad-46f2-b28c-64ba99fd4cc0,VCU Archery Club,vcu-archery-club-va,volunteer_club,active,False,2918 River Road West,23063,,,+18045621673,Archeryclub@vcu.edu,,,,,False,False,False,False,,,False,False,,,false,false,"[""state-range-photos/virginia/VCU Archery Club (Goochland).jpg""]","Archery range located in Goochland, VA.",Goochland,Virginia
4a2519cc-2ed6-4b4c-a5b4-3a90049aed37,Velva Wildlife Club,velva-wildlife-club-nd,club,active,False,4320 Trappers Lane,58790,,,,,,,,,False,False,False,False,,,False,False,,,false,false,"[""state-range-photos/north-dakota/Velva Wildlife Club (Velva).jpg""]","Archery range located in Velva, ND.",Velva,North Dakota
fbbb5e75-9480-44f7-a136-5ba53e2d5bb7,Verdugo Hills Archers,verdugo-hills-archers-ca,volunteer_club,active,False,P.O. Box 4002,91041,,,,vigen101@yahoo.com,https://verdugohillsarchers.org,,,,False,False,False,False,,,False,False,,,false,false,"[""state-range-photos/california/Verdugo Hills Archers (Sunland).jpg""]","Archery range located in Sunland, CA.",Sunland,California
ab7ca2e7-6556-4ed5-9a08-f1ddcc66243a,Verdugo Hills Archers Inc,verdugo-hills-archers-inc-ca,volunteer_club,active,False,11966 Big Tujunga Cyn. Rd,91042,34.2877795,-118.2907704,,vicepresident@verdugohillsarchers.com,https://verdugohillsarchers.com/,,,,False,False,False,False,,,False,False,,,false,false,"[""https://images.unsplash.com/photo-1574607774561-e645c79a2478?w=800&h=400&fit=crop""]","Archery range located in Tujunga, CA.",Tujunga,California
a290ff4b-cb5b-402b-9226-46706d0fbb45,Vermont Jr. Archers Joad,vermont-jr-archers-joad-vt,hybrid,active,False,275 Nason Street,05478,,,,john@pelkeysarchery.com,http://pelkeysarchery.blogspot.com,,,,True,False,False,False,,,False,True,,,false,false,"[""state-range-photos/vermont/Vermont Jr Archers Joad (St. Albans).jpg""]",USA Archery affiliated club. Programs: Junior Olympic Archery Development (JOAD),St. Albans,Vermont
97a8dae8-96bd-4b7a-985c-338882f021d8,Vicksburg Bowhunters,vicksburg-bowhunters-ms,club,active,False,,,,,,,,,,,False,False,False,False,,,False,False,,,false,false,"[""state-range-photos/mississippi/Vicksburg Bowhunters (Vicksburg).jpg""]","Archery range located in Vicksburg, MS.",Vicksburg,Mississippi
61f5ce64-795b-4828-95af-fc9e42bbe2b9,Viking Archery,viking-archery-tx,commercial,active,False,"41000 FM 3159, Canyon Lake, TX 78133",,,,830-227-5171,info@viking-archery.com,http://viking-archery.com/,"Mon-Fri 10:00am-7:00pm, Sat 10:00am-6:00pm",,,True,False,False,False,,,True,True,,,false,false,"[""http://viking-archery.com/images/bowRepair.jpg""]","Archery range located in Canyon Lake, TX.",Canyon Lake,Texas
6a72cfdc-50c7-49ff-bde0-dad73241b4ac,Viking Archery Joad Club,viking-archery-joad-club-tx,hybrid,active,False,41000 FM 3159,78132,,,830-227-5171,info@viking-archery.com,http://Viking-Archery.com,"Mon-Fri 10:00am-7:00pm, Sat 10:00am-6:00pm",,,False,False,False,False,,,True,True,,,false,false,"[""https://images.unsplash.com/photo-1574607774561-e645c79a2478?w=800&h=400&fit=crop""]",USA Archery affiliated club. Programs: Junior Olympic Archery Development (JOAD),Canyon Lake,Texas
556e3b10-fb37-437f-a115-3e6fe388aeaa,Vingt Neuf Bowmen,vingt-neuf-bowmen-md,hybrid,active,False,8735 Honeygo Blvd,21128,39.3880533,-76.453281,,whitetailbob@verizon.net,http://www.vnbarchery.org,,,,False,True,True,False,,,False,True,,,false,false,"[""state-range-photos/maryland/Vingt Neuf Bowmen (Perry Hall).jpg""]",USA Archery affiliated club. Programs: Junior Olympic Archery Development (JOAD),Perry Hall,Maryland
0637b5eb-de54-49f2-9f47-7944b056b5b4,Virginia Archery Academy,virginia-archery-academy-va,hybrid,active,False,2918 River Road West,23063,,,,va3Darchery@comcast.net,https://www.facebook.com/VirginiaJOAD,,,,False,False,False,False,,,False,False,,,false,false,"[""https://s3-media0.fl.yelpcdn.com/bphoto/OEnL0ASrgaANtVuZyJ38iA/l.jpg""]","USA Archery affiliated club. Programs: Junior Olympic Archery Development (JOAD), Adult Archery Program, 3D Archery",Goochland,Virginia
506d2f47-dfd2-4109-bce2-751ddf3622fb,Virginia Archery and Rifle Club,virginia-archery-and-rifle-club-va,club,active,False,"7700 Bull Run Drive, Centreville VA 20121",,,,,admin@varc.info,https://varc.info/,,,,False,False,False,False,,,False,False,,,false,false,"[""https://images.unsplash.com/photo-1574607774561-e645c79a2478?w=800&h=400&fit=crop""]","Archery range located in Centreville, VA.",Centreville,Virginia
645e37e3-3d14-4964-8b10-fd19985e1c93,Vista Shooters Archery,vista-shooters-archery-az,hybrid,active,False,Brown Field,85635,31.5639839,-110.2685012,(520) 249-5546,mirlmeier@cox.net,https://svarchery.weebly.com/,,,,False,False,False,False,,,False,True,,,false,false,"[""https://images.unsplash.com/photo-1574607774561-e645c79a2478?w=800&h=400&fit=crop""]","USA Archery affiliated club. Programs: Junior Olympic Archery Development (JOAD), Adult Archery Program, 3D Archery, Field Archery",Sierra Vista,Arizona
b4861d2c-3563-4d70-ab35-f984570f2d92,Vital Shot Archery,vital-shot-archery-nc,commercial,active,False,,,,,,,,,,,False,False,False,False,,,False,False,,,false,false,"[""state-range-photos/north-carolina/Vital Shot Archery (Charlotte).jpg""]","Archery range located in Charlotte, NC.",Charlotte,North Carolina
45e3271c-545f-4b69-8c37-e8c9e2357143,VuDu Archery NYC,vudu-archery-nyc-ny,volunteer_club,active,False,"2311 Lacombe Ave, PH",10473,,,9177049947,VuDuArchery@hotmail.com,,,,,False,False,False,False,,,False,False,,,false,false,"[""state-range-photos/new-york/VuDu Archery NYC (Bronx).jpg""]","Archery range located in Bronx, NY.",Bronx,New York
622c5a8a-b823-4afe-bc56-6773c0b2100c,Wa-Xo-Be Archers,wa-xo-be-archers-nj,club,active,False,53 Major Rd,08852,,,,jendwaxobe@gmail.com,https://www.waxobe.com/,,,20,False,True,True,True,"Initiation Fee: $106.60, Annual Dues: $160.00",,False,False,,,false,false,"[""https://s3-media0.fl.yelpcdn.com/bphoto/GLz6uEcusnM-r4J6gpfxhg/o.jpg""]","Archery range located in Monmouth Junction, NJ.",Monmouth Junction,New Jersey
af6c3c91-302e-4dcf-9b63-6cd379202ec9,Wabash County Bowhunters,wabash-county-bowhunters-il,volunteer_club,active,False,IL Route 15,62863,,,+16182621603,earllawrence30@gmail.com,,,,,False,False,False,False,,,False,False,,,false,false,"[""state-range-photos/illinois/Wabash County Bowhunters (Mt. Carmel).jpg""]",ASA-affiliated 3D archery club. Contact: Earl Lawrence.,Mt. Carmel,Illinois
39ea4c5d-9740-407c-a3dd-e390fc83b774,Wagoner Traditional Archers,wagoner-traditional-archers-ok,volunteer_club,active,False,3094 East 730 Road,74467,35.9268196,-95.3520876,,wtarcheryclub@gmail.com,,,,,False,False,False,False,,,False,False,,,false,false,"[""state-range-photos/oklahoma/Wagoner Traditional Archers (WAGONER).jpg""]","Archery range located in WAGONER, OK.",WAGONER,Oklahoma
fc43ad5e-3c4e-4701-8f7b-8f72eaac9217,WaKuWa Archery Club Selah,wakuwa-archery-club-selah-wa,volunteer_club,active,False,411 E Pomona Rd,98901,46.6902533,-120.4787589,,wakuwaarcheryclub.selah@gmail.com,,,,,False,False,False,False,,,False,False,,,false,false,"[""state-range-photos/washington/WaKuWa Archery Club Selah (Yakima).jpg""]","Archery range located in Yakima, WA.",Yakima,Washington
e50f6651-e5b4-4d66-a603-4433b5a3686b,Waldos Archery Club,waldos-archery-club-ms,volunteer_club,active,False,578 holly springs road,39483,,,+16014417214,waldossportscenter@att.net,,,,,False,False,False,False,,,False,False,,,false,false,"[""state-range-photos/mississippi/Waldos Archery Club (Foxworth).jpg""]",ASA-affiliated 3D archery club. Contact: Eric Thornhill.,Foxworth,Mississippi
aa178381-499c-45fa-8374-3d606ed8bf4f,Walker River Bowmen,walker-river-bowmen-nv,volunteer_club,active,False,200 Luzier Ln,89447-0238,39.0254565,-119.2325778,+17757900801,walkerriverbowmen@gmail.com,https://www.walkerriverbowmen.com/,,,,False,False,False,False,,,False,False,,,false,false,"[""state-range-photos/nevada/Walker River Bowmen (Yerington).jpg""]","Archery range located in Yerington, NV.",Yerington,Nevada
404c169f-15fd-4863-82bc-c4fd0fe93067,Wallhangers Moss Bluff,wallhangers-moss-bluff-la,commercial,active,False,271 US-171 Suite 700,70611,,,,,,,,,False,False,False,False,,,False,False,,,false,false,"[""state-range-photos/louisiana/Wallhangers Moss Bluff (Lake Charles).jpg""]","Archery range located in Lake Charles, LA.",Lake Charles,Louisiana
02da92bd-a061-4ce9-ada4-4fea783e0606,Wallingford Rod & Gun Club,wallingford-rod-gun-club-ct,club,active,False,411 N Branford Rd,06492,,,(203) 269-9444,wrgmembership@gmail.com,https://wallingfordrodandgunclub.org/,,,,False,False,False,True,$375 first year; $240/year renewal (plus fees),,False,False,,,false,false,"[""https://images.unsplash.com/photo-1574607774561-e645c79a2478?w=800&h=400&fit=crop""]","Archery range located in Wallingford, CT.",Wallingford,Connecticut
24977840-bb94-4386-b59a-ddb2c7389fe8,Walnut Hill Park,walnut-hill-park-mn,public,active,False,"999 Wilderness Run Rd, Eagan, MN 55123",55123,,,651-675-5500,,https://cityofeagan.com/archery-range,,,,False,False,False,False,,,False,False,,,true,false,"[""state-range-photos/minnesota/Walnut Hill Park (Eagan).jpg""]","Archery range located in Eagan, MN.",Eagan,Minnesota
945bb356-03ba-4fce-9c55-14b15a03b3bb,Waltonian Archers of Linn County,waltonian-archers-of-linn-county-ia,volunteer_club,active,False,"3985 Wickiup Hill Rd, (NO MAIL DELIVERY)",52341,42.1006499,-91.7530831,(319) 393-5693,,https://www.waltonianarchers.net/,,,,False,True,False,False,,,False,False,,,false,false,"[""http://www.waltonianarchers.net/images/sliderimages/insideclub.jpg""]","Archery range located in Toddville, IA.",Toddville,Iowa
9914b16e-daf7-42de-bbd7-4ee7f605fe62,Wanderlust Archers,wanderlust-archers-il,hybrid,active,False,"245 N Eric Dr, Palatine, IL 60067",60067,,,,wanderlustarchers@gmail.com,https://www.wanderlustarchers.com,,,,False,False,False,False,,,False,True,,,false,false,"[""state-range-photos/illinois/Wanderlust Archers (Palatine).jpg""]","USA Archery affiliated club. Programs: Junior Olympic Archery Development (JOAD), Adult Archery Program",Palatine,Illinois
a028edc4-cec2-42f6-84ca-2131f714659e,Wapello Chief Bowmen,wapello-chief-bowmen-ia,club,active,False,225 S Ward,52501,,,,info@wapellochiefbowmen.com,http://www.wapellochiefbowmen.com,,,,False,False,False,False,,,False,False,,,false,false,"[""state-range-photos/iowa/Wapello Chief Bowmen (Ottumwa).jpg""]","Archery range located in Ottumwa, IA.",Ottumwa,Iowa
47dbee01-a52d-4eff-9a14-14c41a2ab82a,Wapello Chiefs Bowmen,wapello-chiefs-bowmen-ia,volunteer_club,active,False,1999 140th Ave,52537,,,,johnslmt@mchsi.com,https://wapellochiefsbowmen.com/,,,,False,True,False,False,$45,$12.00,False,False,,,false,false,"[""state-range-photos/iowa/Wapello Chiefs Bowmen (Bloomfield).jpg""]",ASA-affiliated 3D archery club. Contact: Melody Johns.,Bloomfield,Iowa
6f125025-988a-4527-b574-88593962be08,Wapiti Archers of Pennsylvania,wapiti-archers-of-pennsylvania-pa,club,active,False,465 S Bethlehem Pike,,,,484-390-1270,adamsvm215@gmail.com,http://www.wapitiarcherspa.com/,,,,False,True,False,True,,,False,False,,,false,false,"[""state-range-photos/pennsylvania/Wapiti Archers of Pennsylvania (Ambler).jpg""]","Archery range located in Ambler, PA.",Ambler,Pennsylvania
7a62c127-ece5-4c92-bd44-a9951b9608c0,Wapiti Bowmen,wapiti-bowmen-wa,volunteer_club,active,False,374 E. Arnette Rd,98362,48.0862829,-123.3876804,,wapitibowmenpa@gmail.com,https://www.wapitibowmenpa.org/,,,,False,False,True,False,$60 Single Adult / $45 Senior (60+) / $70 Family / $30 Junior,,False,False,,,false,false,"[""https://www.peninsuladailynews.com/wp-content/uploads/sites/18/2017/11/NEWS_303309997_AR_-1_0.jpg?w=1000""]","Archery range located in PORT ANGELES, WA.",PORT ANGELES,Washington
0c634852-6ec5-4e3c-ab1a-0ddf10a94cba,Wapsi Warriors JOAD,wapsi-warriors-joad-ia,hybrid,active,False,4606 Flemingville Road,52214,,,,kilramc@yahoo.com,,,,,False,False,False,False,,,False,False,,,false,false,"[""state-range-photos/iowa/Wapsi Warriors JOAD (Central City).jpg""]",USA Archery affiliated club. Programs: Junior Olympic Archery Development (JOAD),Central City,Iowa
bfc8fb38-e774-4ef8-ac57-463611367933,Warriors Archers,warriors-archers-nm,hybrid,active,False,3757 Spyglass,87124,,,,otwarchery@gmail.com,,,,,False,False,False,False,,,False,False,,,false,false,"[""state-range-photos/new-mexico/Warriors Archers (Rio Rancho).jpg""]",USA Archery affiliated club. Programs: Junior Olympic Archery Development (JOAD),Rio Rancho,New Mexico
73e89426-9d59-48bc-9bd5-0162be78c833,Washtenaw Sportsman Club,washtenaw-sportsman-club-mi,volunteer_club,active,False,5095 Ellis Rd,48197,42.2157811,-83.6389164,,archery@wsclub.org,https://wsclub.org,,,,False,True,False,False,,,False,False,,,false,false,"[""https://images.unsplash.com/photo-1574607774561-e645c79a2478?w=800&h=400&fit=crop""]","Archery range located in Ypsilanti, MI.",Ypsilanti,Michigan
14c162cf-a09b-4697-85cc-a596023e98fe,Waukegan Bowmen,waukegan-bowmen-wi,club,active,False,20714 107th St,53104,,,,waukeganbowmen@gmail.com,https://waukeganbowmen.com/,,,,False,True,False,True,,$15.00 adult non-member,False,False,,,false,false,"[""state-range-photos/wisconsin/Waukegan Bowmen (Bristol).png""]","Archery range located in Bristol, WI.",Bristol,Wisconsin
a178d654-c86a-49d9-a1ed-d0d131def374,Waverly Sportsmen's Club,waverly-sportsmen-s-club-ny,volunteer_club,active,False,389 Besemer Rd,14892,42.1160697,-76.4913258,,waverlysc@yahoo.com,,,,,False,False,False,False,,,False,False,,,false,false,"[""state-range-photos/new-york/Waverly Sportsmens Club (Waverly).jpg""]","Archery range located in Waverly, NY.",Waverly,New York
085a1a64-323a-44e7-9bd6-19c92a3c61f8,Way of the Sword Archery,way-of-the-sword-archery-ct,hybrid,active,False,21 Governor Street,06877,,,,mikem@wayofthesword.org,http://wayofthesword.org/archery,,,10,False,False,False,False,,,True,True,$100 per hour (private),,false,false,"[""https://wayofthesword.org/wp-content/uploads/2025/02/469968569_1141532684647325_1046711865102800951_n-scaled.jpg""]","USA Archery affiliated club. Programs: Junior Olympic Archery Development (JOAD), Adult Archery Program",Ridgefield,Connecticut
e05f391b-9ea6-4dc7-be6b-51bf1a93bb50,Wayne County Archers,wayne-county-archers-oh,commercial,active,False,"428 WEST LIBERTY STREET, WOOSTER, OH 44691",44691,,,+13304660037,,,,,,False,False,False,False,,,False,False,,,false,false,"[""state-range-photos/ohio/Wayne County Archers (Wooster).jpg""]",IBO pro shop (IBO directory).,Wooster,Ohio
25d8e353-f586-4538-919a-c71680cf7e62,WCO Archery Club of Escambia County,wco-archery-club-of-escambia-county-al,volunteer_club,active,False,915 Hwy 31,36502,,,+12513688868,worldchampionoutdoors@gmail.com,,,,,False,False,False,False,,,False,False,,,false,false,"[""state-range-photos/alabama/WCO Archery Club of Escambia County (Atmore).jpg""]",ASA-affiliated 3D archery club. Contact: Angela Boatwright.,Atmore,Alabama
4574997a-d927-40d1-a457-5f93eac873fb,WCW Shooting Sports,wcw-shooting-sports-wa,club,active,False,1031 228th St SW,98021,,,425-481-8686,social@wcwshootingsports.org,https://www.wcwshootingsports.org/,,,,False,False,True,False,,,False,False,,,false,false,"[""https://www.wcwshootingsports.org/wp-content/uploads/2022/12/2022-JOAD-indoor-Archery-scaled-e1671419473458.jpg""]","Archery range located in Bothell, WA.",Bothell,Washington
79801391-cc4a-41a7-9c92-e38d6589c97d,West Allis Bowmen,west-allis-bowmen-wi,club,active,False,11601 County Trunk G,,,,,wabarchers@gmail.com,http://www.westallisbowmen.com,,,,False,True,True,True,,,False,False,,,false,false,"[""state-range-photos/wisconsin/West Allis Bowmen (Racine).jpg""]","Archery range located in Racine, WI.",Racine,Wisconsin
b515a302-3c3e-4441-8ce7-c60dbe242c58,West Coast Archery,west-coast-archery-ca,commercial,active,False,2040 Petaluma Blvd N #10,94952,,,(707)766-9971,hans@westcoastarchery.com,https://westcoastarcheryshop.com,"Tue-Fri 10:00 am-6:00 pm, Sat 10:00 am-4:00 pm, Sun-Mon Closed",,,False,False,False,False,,,False,False,,,false,false,"[""https://s3-media0.fl.yelpcdn.com/bphoto/LzlvSPUmROdR71Cz4aJFDA/348s.jpg""]","Archery range located in Petaluma, CA.",Petaluma,California
d4de05ea-c62d-408a-8432-ea57d2941246,West Elk Archers,west-elk-archers-co,volunteer_club,active,False,"Beaver Creek State Wildlife Area, Gunnison Co Fair Grounds",81230,,,+19706423389,Westelkarchers@gmail.com,,,,,False,False,False,False,,,False,False,,,false,false,"[""state-range-photos/colorado/West Elk Archers (Gunnison).jpg""]",ASA-affiliated 3D archery club. Contact: Ben Schloesser.,Gunnison,Colorado
13a2a6be-76a9-43d9-b995-e8dda63a208c,West Falls Conservation Society,west-falls-conservation-society-ny,club,active,False,55 Bridge St,14170,,,,tilliesg2001@yahoo.com,https://westfallscsny.org/,,,,False,False,False,False,,,False,False,,,false,false,"[""https://westfallscsny.org/wp-content/uploads/2016/07/wfcs-front-768x509.jpg""]",ASA-affiliated archery club. Status: Expired 2025,West Falls,New York
ab712cc2-ed83-483c-8654-2ed39d836dd9,West Gardiner Rod & Gun Club,west-gardiner-rod-gun-club-me,volunteer_club,active,False,297 Collins Mills Road,04345,44.2537609,-69.90048,(207) 724-0024,fdmesp1920@yahoo.com,https://wgrg.org,,,,False,False,False,True,$35/year + $35 one-time initiation fee,,False,False,,,false,false,"[""https://images.unsplash.com/photo-1574607774561-e645c79a2478?w=800&h=400&fit=crop""]","Archery range located in West Gardiner, ME.",West Gardiner,Maine
1465ca62-66c2-49dd-bdf2-688d37c8610d,West Houston Archery,west-houston-archery-tx,commercial,active,False,"11522 Katy Freeway #104, Houston, TX 77043",,,,713-467-4800,wharchery@gmail.com,http://www.westhoustonarchery.com/,"Mon-Fri 10:00am-7:00pm, Sat 10:00am-6:00pm, Sun 12:00pm-6:00pm",,,True,False,False,False,,$10 per day,False,False,,,false,false,"[""state-range-photos/texas/West Houston Archery (Houston).png""]","Archery range located in Houston, TX.",Houston,Texas
fc2d7d5e-7b84-473c-8989-e2a633052c76,West Michigan Archery Center,west-michigan-archery-center-mi,volunteer_club,active,False,3500 TEN MILE RD,49341,43.1160007,-85.5821764,,info@wmarchery.org,http://wmarchery.org/,,,,False,False,False,False,,,True,True,"$75 intro course (5 weeks), $60/hr private",,Adaptive archery program available,false,"[""https://images.squarespace-cdn.com/content/v1/5779a2d3f5e231f12b518dd5/1473080454436-A5NDVKJFKR4GW4ABODDS/2015-02-20+17.58.37.jpg""]","Archery range located in ROCKFORD, MI.",ROCKFORD,Michigan
1966aefe-887d-42ec-a3db-ac70be668a73,West Park Archery Club,west-park-archery-club-al,volunteer_club,active,False,74 W Park Rd,35640,,,+12563183404,mark.eckenrod@yahoo.com,,,,,False,False,False,False,,,False,False,,,false,false,"[""state-range-photos/alabama/West Park Archery Club (Hartselle).jpg""]",ASA-affiliated 3D archery club. Contact: Mark Eckenrod.,Hartselle,Alabama
40d7c041-10dd-4e45-9467-cee5c487b727,West Penn Archery Club,west-penn-archery-club-pa,volunteer_club,active,False,147 Archery Club Rd,17960,40.721323,-75.944953,,westpennarcheryclub@gmail.com,,,,,False,False,False,False,,,False,False,,,false,false,"[""state-range-photos/pennsylvania/West Penn Archery Club (New Ringgold).jpg""]","Archery range located in New Ringgold, PA.",New Ringgold,Pennsylvania
a561bb29-9f9f-4160-83b3-7edd5187309b,West Town Archery,west-town-archery-wi,commercial,active,False,4135 N 126th St,53005,,,262-923-7444,rob@westtownarchery.com,http://westtownarchery.com,,,,True,False,False,False,,,False,True,,,false,false,"[""https://www.westtownarchery.com/ranges/1.jpg""]","Archery range located in Brookfield, WI.",Brookfield,Wisconsin
b84b84fd-4539-4560-9f75-ddc31abc7376,West Valley Bowhunters,west-valley-bowhunters-ca,volunteer_club,active,False,PO Box 948,95963,39.7473803,-122.1963748,,wvbowhunters@aol.com,https://westvalleybowhunters.com,,,,False,False,False,False,,,False,False,,,false,false,"[""state-range-photos/california/West Valley Bowhunters (Orland).jpg""]","Archery range located in Orland, CA.",Orland,California
563a6b8a-8836-46b8-9640-1ff26a466048,West Walker Sportsman's Club,west-walker-sportsman-s-club-mi,volunteer_club,active,False,O-500 Leonard St. NW,49534,,,+16164535081,wobenchain@gmail.com,https://wwsc.org/,,,,False,True,False,False,$100/yr,$8 non-member indoor archery,False,True,,,false,false,"[""state-range-photos/michigan/West Walker Sportsmans Club (Grand Rapids).jpg""]","Archery range located in Grand Rapids, MI.",Grand Rapids,Michigan
6c35e772-5a24-4fdc-811a-f3a207f2d88a,Westlake Sports Center,westlake-sports-center-tx,public,active,False,"600 Gross Rd., Mesquite, TX 75149",,,,972-204-4970,,https://www.cityofmesquite.com/3436/Westlake-Sports-Center,,,8,True,False,False,False,,,False,False,,,false,false,"[""https://images.unsplash.com/photo-1574607774561-e645c79a2478?w=800&h=400&fit=crop""]","Archery range located in Mesquite, TX.",Mesquite,Texas
a301f6d5-1bd1-4d32-9a6a-e3499fcb0cad,Westville Lake Archery and Golf,westville-lake-archery-and-golf-oh,commercial,active,False,"858 Case Road, Beloit, OH 44609",,,,330-537-4042,,,,,,False,False,False,False,,,False,False,,,false,false,"[""state-range-photos/ohio/Westville Lake Archery and Golf (Beloit).jpg""]","Archery range located in Beloit, OH.",Beloit,Ohio
3d4f2819-d5c8-4bc8-bb52-b52edf75e4ac,WeThePeopleCarry,wethepeoplecarry-tn,volunteer_club,active,False,272 Woods Road,38457,,,+19312792677,wethepeoplecarry@gmail.com,,,,,False,False,False,False,,,False,False,,,false,false,"[""state-range-photos/tennessee/WeThePeopleCarry (Five Points).jpg""]",ASA-affiliated 3D archery club. Contact: Derrell Gardner.,Five Points,Tennessee
875b0de1-0fd2-4f48-824b-23f5ee295250,Weymouth Sportsmans Club,weymouth-sportsmans-club-ma,club,active,False,87 Sportsmen's Way,02188,,,(781) 335-9223,theweymouthsportsmensclub@gmail.com,https://www.weymouthsportsmensclub.com/,,,,False,False,False,True,,,False,True,,,false,false,"[""state-range-photos/massachusetts/Weymouth Sportsmans Club (Weymouth).jpg""]","Archery range located in Weymouth, MA.",Weymouth,Massachusetts
d59e285d-5475-4a53-b999-248aaacf8c24,Whale-Tales Archery,whale-tales-archery-wi,commercial,active,False,109 North Dousman,,,,+12629652825,support@whaletalesarchery.com,http://www.whaletalesarchery.com,Tues-Fri: 10:00 AM - 6:00 PM; Sat: 10:00 AM - 3:00 PM,,,True,False,False,False,,,True,True,,,false,false,"[""state-range-photos/wisconsin/Whale-Tales Archery (unknown).jpg""]",,,Wisconsin
f4b968db-4c1f-49c1-8c0e-d0816ce563fe,Wheaton Rifle Club,wheaton-rifle-club-il,club,active,False,27W070 North Ave,60185,,,630-664-4042,wheatonrifle@gmail.com,http://wheatonrifleclub.org,,,,False,False,False,False,,,False,True,,,false,false,"[""state-range-photos/illinois/Wheaton Rifle Club (West Chicago).jpg""]","Archery range located in West Chicago, IL.",West Chicago,Illinois
be25579c-7656-480a-9d7e-355ef9a16963,Whistling Arrow Archery,whistling-arrow-archery-vt,commercial,active,False,,05651,,,,,,,,,False,False,False,False,,,False,False,,,false,false,"[""state-range-photos/vermont/Whistling Arrow Archery (Montpelier).jpg""]",IBO pro shop (IBO directory).,Montpelier,Vermont
1a089148-beef-424c-917d-1bb18b4a5a43,White County Archery Club,white-county-archery-club-il,volunteer_club,active,False,205 E Eubanks,62869,,,+16183849363,scottfiala1@gmail.com,,,,,False,False,False,False,,,False,False,,,false,false,"[""state-range-photos/illinois/White County Archery Club (Norris City).jpg""]",ASA-affiliated 3D archery club. Contact: Scott Fiala.,Norris City,Illinois
2a527de7-bf6a-4f5b-a4de-0b60531a527a,White Mountain Archers,white-mountain-archers-wy,volunteer_club,active,False,PO BOX 1258,82935,41.5285757,-109.4662461,,,,,,,False,False,False,False,,,False,False,,,false,false,"[""state-range-photos/wyoming/White Mountain Archers (GREEN RIVER).jpg""]","Archery range located in GREEN RIVER, WY.",GREEN RIVER,Wyoming
ddbfe3a4-4549-4cb6-b43d-e47fe780b356,"White River Bowhunters, Inc",white-river-bowhunters-inc-in,volunteer_club,active,False,1420 Rariden Hill Rd,47446,,,,whiteriverbowhunters@gmail.com,https://www.whiteriverbowhunters.com,,,,False,False,False,False,,,False,False,,,false,false,"[""state-range-photos/indiana/White River Bowhunters Inc (Mitchell).jpg""]",ASA-affiliated 3D archery club. Contact: Mike Baldwin.,Mitchell,Indiana
148d7cbc-2b2e-4ad4-bb58-0cb2119c503f,White River Bowmen,white-river-bowmen-mo,volunteer_club,active,False,635 State Hwy MM,65679,,,+14175989411,shiloharchery@yahoo.com,,,,,False,False,False,False,,,False,False,,,false,false,"[""state-range-photos/missouri/White River Bowmen (Kirbyville).jpg""]",ASA-affiliated 3D archery club. Contact: Cassaundra  or Richie Brown.,Kirbyville,Missouri
58adb287-7486-4ba9-9382-6d820e12c9cd,Whitetail Acres Archery Range,whitetail-acres-archery-range-mi,club,active,False,240 Fogg Rd,49251,,,,,,,,,False,False,False,False,,,False,False,,,false,false,"[""state-range-photos/michigan/Whitetail Acres Archery Range (Leslie).jpg""]","Archery range located in Leslie, MI.",Leslie,Michigan
c3451579-4c55-40d9-9f9b-ca821b4eed01,Whitetail Bowmen Archery Inc,whitetail-bowmen-archery-inc-sd,volunteer_club,active,False,321 N Main Street,57401,45.4695521,-98.4883693,,whitetailbowmenarchery@gmail.com,https://whitetailbowmen.com,,,,False,True,False,False,,,False,True,,,false,false,"[""https://images.squarespace-cdn.com/content/v1/54c7a5a2e4b0d2ed2bbdb724/1616603033649-VWRYAG8VZ75Q6FGMFQJA/image-asset.jpeg""]","Archery range located in Aberdeen, SD.",Aberdeen,South Dakota
793f6137-9614-45e5-b12d-64458eb3c561,Whoopie Hills Estate Archery Club,whoopie-hills-estate-archery-club-oh,volunteer_club,active,False,7160 Footville Richmond Rd,44003,41.6880815,-80.5293029,,,,,,,False,False,False,False,,,False,False,,,false,false,"[""state-range-photos/ohio/Whoopie Hills Estate Archery Club (Andover).jpg""]","Archery range located in Andover, OH.",Andover,Ohio
36d741e2-41c4-4f54-85a4-a08558d5cded,Wichita Archery Inc,wichita-archery-inc-ks,volunteer_club,active,False,3799 E 71st South,67216,37.5644538,-97.2914492,+13166502476,jonescl426@gmail.com,,,,,False,False,False,False,,,False,False,,,false,false,"[""state-range-photos/kansas/Wichita Archery Inc (WICHITA).jpg""]","Archery range located in WICHITA, KS.",WICHITA,Kansas
c18e7336-a418-492c-8093-81e7cd8983eb,Wilcox JOAD Archery Club,wilcox-joad-archery-club-va,hybrid,active,False,9516 Jefferson Ave,23605,,,,wilcoxjoad@gmail.com,https://wilcox-joad-archery-club.square.site/,,,,False,False,False,True,$40/month,$12,False,True,,,false,false,"[""state-range-photos/virginia/Wilcox JOAD Archery Club (Newport News).jpg""]","USA Archery affiliated club. Programs: Junior Olympic Archery Development (JOAD), Adult Archery Program",Newport News,Virginia
a25f64e6-bdc6-4ef5-bc21-74670428e6ee,Wild Arrow at Plattin Peaks,wild-arrow-at-plattin-peaks-mo,volunteer_club,active,False,2601 Plattin Road,63028,,,+13148527906,wildarrowod@gmail.com,,,,,False,False,False,False,,,False,False,,,false,false,"[""state-range-photos/missouri/Wild Arrow at Plattin Peaks (Festus).jpg""]",ASA-affiliated 3D archery club. Contact: Steve Wolk.,Festus,Missouri
b7bcd5bc-f435-4966-94b9-5e49bfdb667f,Wild Rivers Archery Club,wild-rivers-archery-club-ia,volunteer_club,active,False,2625 Donna Reed Rd,51442,41.978509,-95.316123,,,,,,,False,False,False,False,,,False,False,,,false,false,"[""state-range-photos/iowa/Wild Rivers Archery Club (Denison).jpg""]","Archery range located in Denison, IA.",Denison,Iowa
2aa2def2-f022-49e3-982e-f5aafa752ba6,Wilde Arrow Archery,wilde-arrow-archery-ut,commercial,active,False,470 N 1100 W,84014,,,(801) 546-0962,wildearrowarchery@gmail.com,https://wildearrowarchery.square.site/,"Monday: Closed, Tuesday-Friday: 11:00am-7:00pm, Saturday: 10:00am-5:00pm, Sunday: Closed",,,True,False,False,False,,,False,True,,,false,false,"[""https://cdn.ksltv.com/ksltv/wp-content/uploads/2022/06/FWVrqFgVsAEMo3n.jpeg""]","Archery range located in Centerville, UT.",Centerville,Utah
b83d63cd-fb9f-44a4-a656-c1f6d4fddc55,Wilderness Archery,wilderness-archery-ca,commercial,active,False,4870 PACIFIC ST,95677,38.7946383,-121.2334274,,mikebw@sbcglobal.net,https://wildernessarchery.com,,,,False,False,False,False,,,False,False,,,false,false,"[""https://dynamic-media-cdn.tripadvisor.com/media/photo-o/07/02/b3/27/look-out-katniss-everdeen.jpg?w=1200&h=-1&s=1""]","Archery range located in ROCKLIN, CA.",ROCKLIN,California
c6ef1afe-d9f5-4847-a8f4-177414425013,Wildwood Bowmen,wildwood-bowmen-oh,volunteer_club,active,False,295 Adrian St,43515,,,,randy@sylvaniasteel.com,https://www.wildwoodarchery.com,,,,False,False,False,False,,,False,False,,,false,false,"[""state-range-photos/ohio/Wildwood Bowmen (Delta).jpg""]",ASA-affiliated 3D archery club. Contact: Randy Eyre.,Delta,Ohio
5332311c-9dce-4537-b73b-ac714b8ed996,Wilkes Archers Club,wilkes-archers-club-nc,club,active,False,"469 Clays Court North Wilkesboro, NC 28659",,,,,,,,,,False,False,False,False,,,False,False,,,false,false,"[""state-range-photos/north-carolina/Wilkes Archers Club (North Wilkesboro).jpg""]","Archery range located in North Wilkesboro, NC.",North Wilkesboro,North Carolina
7b69edcf-fa78-4cad-97af-51e395dd5f47,Willow Creek Archery,willow-creek-archery-ca,commercial,active,False,27496 Commerce Center Dr Ste C,92590-2515,33.5159698,-117.1637224,,willowcreekarchery@outlook.com,https://willowcreekarchery.com,,,,False,False,False,False,,,False,False,,,false,false,"[""state-range-photos/california/Willow Creek Archery (Temecula).png""]","Archery range located in Temecula, CA.",Temecula,California
01ef3706-26e1-40c8-bb83-2aa4e669e063,"Winchester Archery, LLC",winchester-archery-llc-mo,volunteer_club,active,False,68 S Plaza Way,63703,,,+15738031798,winchesterarchery@charter.net,,,,,False,False,False,False,,,False,False,,,false,false,"[""state-range-photos/missouri/Winchester Archery LLC (Cape Girardeau).jpg""]",ASA-affiliated 3D archery club. Contact: Wade Winchester.,Cape Girardeau,Missouri
25bdd684-b074-402b-a41a-3c53b8bb589c,Wind River Archers,wind-river-archers-wy,volunteer_club,active,False,1219 W Washington St,82941,42.8629895,-109.8731613,,wra82941@gmail.com,,,,,False,False,False,False,,,False,False,,,false,false,"[""state-range-photos/wyoming/Wind River Archers (Pinedale).jpg""]","Archery range located in Pinedale, WY.",Pinedale,Wyoming
d4b96ea6-8250-4197-8d74-b9fe6c572dc4,Wind Walker Archery,wind-walker-archery-ga,volunteer_club,active,False,4271 Upper River Rd,31032,,,+14783814001,windwalkerarchery@gmail.com,,,,,False,False,False,False,,,False,False,,,false,false,"[""state-range-photos/georgia/Wind Walker Archery (Gray).jpg""]","Archery range located in Gray, GA.",Gray,Georgia
d09dde8e-099c-4c18-a9a3-6d31bf332e15,Windy River Archery Center,windy-river-archery-center-or,commercial,active,False,2680 Dock Rd,97031,,,,,,,,,False,False,False,False,,,False,False,,,false,false,"[""state-range-photos/oregon/Windy River Archery Center (Hood River).jpg""]","Archery range located in Hood River, OR.",Hood River,Oregon
1a40fe28-9b70-4cd3-ad2a-d2c70f4dd6ba,Wingfoot Bowhunters Club,wingfoot-bowhunters-club-oh,commercial,active,False,"425 E. Waterloo Rd., Mogadore, Ohio 44260",44260,,,330-933-8280,,https://www.wingfootbowhuntersclub.com/,,,,False,True,True,False,,,False,False,,,false,false,"[""https://static.wixstatic.com/media/53398a_e528869597384423aae96a170c8f2e55~mv2.jpg/v1/fill/w_1971,h_1498,al_c,q_90/53398a_e528869597384423aae96a170c8f2e55~mv2.jpg""]",IBO pro shop (IBO directory).,Suffield,Ohio
e2dffbb9-594d-4b55-ab8e-e71fa06c75f3,Winks Sporting Goods,winks-sporting-goods-md,commercial,active,False,12122 Carole Ln # A,21853,,,(410) 621-0400,,https://www.winksportinggoods.com/,"Mon: Closed, Tue-Fri: 9-5, Sat: 9-4, Sun: Closed",,,True,True,False,False,,,False,True,,,false,false,"[""state-range-photos/maryland/Winks Sporting Goods (Princess Anne).jpg""]",IBO pro shop (IBO directory).,Princess Anne,Maryland
c277d338-f7b4-47dc-92cf-6b595291b144,Winnemucca Archers,winnemucca-archers-nv,volunteer_club,active,False,4910 W. Commander Dr,89445,40.8997976,-117.7915587,,,,,,,False,False,False,False,,,False,False,,,false,false,"[""state-range-photos/nevada/Winnemucca Archers (Winnemucca).jpg""]","Archery range located in Winnemucca, NV.",Winnemucca,Nevada
404dcae4-9e2f-4992-9f01-2d9939b0cb68,Winterhawk Archery Club,winterhawk-archery-club-az,club,active,False,3215 US Hwy 191,85546,,,+19404422273,winterhawkoutfitters.us@gmail.com,https://wotoad.com,,,,False,False,False,False,,,False,False,,,false,false,"[""https://images.unsplash.com/photo-1574607774561-e645c79a2478?w=800&h=400&fit=crop""]",ASA-affiliated archery club. Status: Expired 2025,Safford,Arizona
1bfa4df1-e651-4055-b6b2-4686afef533d,Wisconsin Archery Learning Center,wisconsin-archery-learning-center-wi,hybrid,active,False,4336 MIlton Ave. Suite 110,53546,,,(608) 743-4327,wisconsinalc@gmail.com,https://huntngearonline.com/,Tue-Wed 10AM-6PM; Thu 10AM-8PM; Fri 10AM-6PM; Sat 10AM-4PM; Sun-Mon Closed,,,True,False,False,False,,,False,True,,,false,false,"[""state-range-photos/wisconsin/Wisconsin Archery Learning Center (Janesville).jpg""]","USA Archery affiliated club. Programs: Junior Olympic Archery Development (JOAD), 3D Archery, Field Archery",Janesville,Wisconsin
18c262cd-8746-4acd-9509-457907e9b017,Wo-Pe-Na Archers,wo-pe-na-archers-nj,hybrid,active,False,39 Harding Ave,07011,40.8760076,-74.139798,(973) 365-2590,archers@wopena.net,https://www.wopena.net,,,14,False,False,False,True,"$300/yr individual, $350/yr family",,False,False,,,false,false,"[""state-range-photos/new-jersey/Wo-Pe-Na Archers (Clifton).jpg""]",USA Archery affiliated club. Programs: Adult Archery Program,Clifton,New Jersey
6afe4757-1d05-4921-b743-d4ed852f2981,Wolf Pack Archers,wolf-pack-archers-ut,hybrid,active,False,1608 North 750 East,84078,,,,mindydmair@gmail.com,,,,,False,False,False,False,,,False,False,,,false,false,"[""state-range-photos/utah/Wolf Pack Archers (VERNAL).jpg""]","USA Archery affiliated club. Programs: Junior Olympic Archery Development (JOAD), Adult Archery Program, 3D Archery, Field Archery",VERNAL,Utah
0bf7c950-173e-4c7d-abe0-e32e06e258ac,"Wolf Pack Archery, LLC",wolf-pack-archery-llc-ut,volunteer_club,active,False,1320 East Hwy 40,84078,40.4494873,-109.5515199,,,,,,,False,False,False,False,,,False,False,,,false,false,"[""state-range-photos/utah/Wolf Pack Archery LLC (VERNAL).jpg""]","Archery range located in Vernal, UT.",VERNAL,Utah
7bce1b16-ddae-4722-aaf8-43cd5739be90,Wolf Ridge Archery,wolf-ridge-archery-nc,volunteer_club,active,False,4300 Camp Chestnut Ridge Rd,27243,36.0378621,-79.1963684,,archerycoach@wolfridgearchery.org,http://wolfridgearchery.org,,,,False,False,False,True,,,True,True,,,false,false,"[""state-range-photos/north-carolina/Wolf Ridge Archery (Efland).jpg""]","Archery range located in Efland, NC.",Efland,North Carolina
4a9869f3-40ab-4543-9c34-5cba8d8ded0f,Wolf Run Bowhunters,wolf-run-bowhunters-il,volunteer_club,active,False,"674 NE 1450 St, Roodhouse, IL 62082",62082,,,,cj2008turner@gmail.com,https://www.wolfrunbowhunters.com,,,,False,True,False,False,,,False,False,,,false,false,"[""state-range-photos/illinois/Wolf Run Bowhunters (Roodhouse).jpg""]",ASA-affiliated 3D archery club. Contact: CJ Turner.,Roodhouse,Illinois
faa7d6c6-18de-4691-aef6-79e72930332c,Woodlake Antelope Archers,woodlake-antelope-archers-ca,club,active,False,P.O. Box 430,93286,,,+15597990745,bd6harts@gmail.com,www.woodlakeantelopearchers.com,,,,False,False,False,False,,,False,False,,,false,false,"[""https://img1.wsimg.com/isteam/ip/30dae43c-dfb4-4388-b25c-b1fd5f8d6d17/3cd53b4d-62a8-43ed-b48f-6f0872c6e921.jpg""]","Archery range located in Woodlake, CA.",Woodlake,California
e41c5c9f-88d0-4231-8878-f36a83ba0829,Woodley Park Archers,woodley-park-archers-ca,hybrid,active,False,P.O. Box 5397,91413,,,,robertsonarchery@gmail.com,http://www.woodleyparkarchers.org,,,,False,False,False,False,,,False,False,,,false,false,"[""state-range-photos/california/Woodley Park Archers (Sherman Oaks).jpg""]","USA Archery affiliated club. Programs: Junior Olympic Archery Development (JOAD), Adult Archery Program",Sherman Oaks,California
8064f939-2fc4-4d40-9111-cbf9d8e553a2,Woodward Archers,woodward-archers-ok,club,active,False,42497 S County Rd 199,73801,,,+15805415298,rtrammell@durangoservices.com,,,,,False,False,False,False,,,False,False,,,false,false,"[""state-range-photos/oklahoma/Woodward Archers (Woodward).jpg""]",ASA-affiliated archery club. Status: Expired 2025,Woodward,Oklahoma
7ebfaa8a-de2b-4e9d-9e0e-b00c91e2e3dd,World Class Archery TN,world-class-archery-tn-tn,commercial,active,False,2617 N Greenhill Rd,,,,,,,,,,False,False,False,False,,,False,False,,,false,false,"[""state-range-photos/tennessee/World Class Archery TN (Mt. Juliet).jpg""]","Archery range located in Mt Juliet, TN.",Mt. Juliet,Tennessee
52a7050c-f453-49b0-a520-cad39e797fd9,WV Appalachian Bow Hunters Association,wv-appalachian-bow-hunters-association-wv,club,active,False,,,,,+13045176486,,https://www.facebook.com/WVABA/,,,,False,False,False,False,,,False,False,,,false,false,"[""state-range-photos/west-virginia/WV Appalachian Bow Hunters Association (Belington).jpg""]","Archery range located in Belington, WV.",Belington,West Virginia
b0a82f5c-f4af-483d-b017-492257a83d34,Wyandot Bowmen,wyandot-bowmen-wv,volunteer_club,active,False,PO BOX 303,26056-0303,40.5314033,-80.5791411,(304) 387-2237,,,,,,False,False,False,False,,,False,False,,,false,false,"[""state-range-photos/west-virginia/Wyandot Bowmen (NEW MANCHESTER).jpg""]","Archery range located in NEW MANCHESTER, WV.",NEW MANCHESTER,West Virginia
50c929cd-f699-417d-8a82-3e2569ef4cb4,Wylie Karate Archery Club,wylie-karate-archery-club-tx,hybrid,active,False,PO Box 2244,75098,,,,dennis@wyliekarate.com,http://www.wyliekarate.com,,,,False,False,False,False,,,False,False,,,false,false,"[""state-range-photos/texas/Wylie Karate Archery Club (Wylie).jpg""]",USA Archery affiliated club. Programs: Field Archery,Wylie,Texas
f7488f80-e1ca-4433-bb55-9271bec28d9c,Wyoming Antelope Club Florida,wyoming-antelope-club-florida-fl,club,active,False,3700 126th Ave N,33762,,,,,https://wacshooting.com,,,,False,True,False,False,,,False,False,,,false,false,"[""state-range-photos/florida/Wyoming Antelope Club Florida (Clearwater).webp""]","Archery range located in Clearwater, FL.",Clearwater,Florida
118b5bcc-7554-46a1-a12a-d11e3e3c324c,X-ten Archery Academy,x-ten-archery-academy-ca,hybrid,active,False,2124 W El Camino,94040,,,,hjyunji337@gmail.com,https://www.x10academy.com,,,,False,False,False,False,,,False,False,,,false,false,"[""state-range-photos/california/X-ten Archery Academy (Mountain view).jpg""]",USA Archery affiliated club. Programs: Junior Olympic Archery Development (JOAD),Mountain view,California
25286725-43d8-4fc6-a8a1-61280ad49eda,X10 Academy,x10-academy-tx,hybrid,active,False,9701 Honeywell,77074,,,,info@x10archery.com,https://www.x10academy.com,,,,False,False,False,True,,,False,True,,,false,false,"[""https://archerydirectory.com/wp-content/uploads/2025/07/X10-Archery-Academy-Houston-TX-768x488.png""]","USA Archery affiliated club. Programs: Junior Olympic Archery Development (JOAD), Adult Archery Program",Houston,Texas
7f543134-d03f-4e54-90d1-98fe63e8bfbe,X10 Archery,x10-archery-tx,commercial,active,False,"9701 Honeywell St, Houston, TX 77074",,,,,,http://www.x10archery.com/home-1,,,,False,False,False,False,,,False,False,,,false,false,"[""state-range-photos/texas/X10 Archery (Houston).jpg""]","Archery range located in Houston, TX.",Houston,Texas
60928ff5-33a9-4c21-bff0-8ba744d31309,Xcelerated Archery Training,xcelerated-archery-training-ca,hybrid,active,False,14644 Lake Poway RD,92064,,,+17604840002,coachdunaway@gmail.com,https://xat.usarchery.org,,,,False,False,False,False,,,False,False,,,false,false,"[""state-range-photos/california/Xcelerated Archery Training (Poway).jpg""]","USA Archery affiliated club. Programs: Junior Olympic Archery Development (JOAD), Adult Archery Program, 3D Archery",Poway,California
6143335c-7df8-44df-87aa-ca9cce8117b8,xspot archery,xspot-archery-ma,hybrid,active,False,11-B Washington St,02703,41.9303744,-71.3544571,(508) 399-6762,xspotarchery@yahoo.com,http://www.xspotarchery.com,,,,True,False,False,False,,,True,True,,,false,false,"[""state-range-photos/massachusetts/xspot archery (South Attleboro).jpg""]",USA Archery affiliated club. Programs: Junior Olympic Archery Development (JOAD),South Attleboro,Massachusetts
a88d789d-63bd-4980-b000-ae3fe28307ea,Yahi Bowmen,yahi-bowmen-ca,volunteer_club,active,False,18143 RESERVOIR ROAD,95386,37.6604964,-120.6559513,+12094505219,YahiBowmen@gmail.com,https://www.yahibowmen.com/,,,,False,False,False,False,,,False,False,,,false,false,"[""https://images.squarespace-cdn.com/content/v1/60077dc3d4535b44c90034ef/1709526854642-0KV86LUKG1KO5SFADWW5/image-asset.jpeg""]","Archery range located in WATERFORD, CA.",WATERFORD,California
bbe7fcd8-3935-4337-b305-c0028a1a0567,Yarak Archery,yarak-archery-nc,volunteer_club,active,False,1456 US 64 Business E,27312,,,(919) 704-8074,yarakarchery@gmail.com,https://www.yarakarchery.com/,Tuesday-Friday: 10am-6pm Saturday: 10am-4pm,,8,True,True,False,False,,$20/day,False,False,,,false,false,"[""state-range-photos/north-carolina/Yarak Archery (Pittsboro).jpg""]",ASA-affiliated 3D archery club. Contact: Joshua Johnson.,Pittsboro,North Carolina
accd4b85-a9ca-45b5-aa88-ccb4dffbb3fe,Yard Short Archery,yard-short-archery-mo,volunteer_club,active,False,end of Hwy NN on Fulton farms Rd,63662,,,+15732829231,tandladams@yahoo.com,,,,,False,False,False,False,,,False,False,,,false,false,"[""state-range-photos/missouri/Yard Short Archery (Patton).jpg""]",ASA-affiliated 3D archery club. Contact: Timothy Adams.,Patton,Missouri
419d8b09-527c-4965-bea2-fac03709f19e,Yellowstone Bowmen,yellowstone-bowmen-mt,volunteer_club,active,False,4771 snowline vista way,59044,45.6663307,-108.8743669,+14066284727,yellowstonebowclub@gmail.com,,,,,False,False,False,False,,,False,False,,,false,false,"[""state-range-photos/montana/Yellowstone Bowmen (LAUREL).jpg""]","Archery range located in LAUREL, MT.",LAUREL,Montana
07330743-c16e-473e-a600-6aecc570d1fa,Yolo Bowmen,yolo-bowmen-ca,volunteer_club,active,False,30475 COUNTY RD 104,95620,38.4970137,-121.6913321,,marubio@ucdavis.edu,https://yolobowmen.net,,,,False,False,False,False,,,False,False,,,false,false,"[""https://images.unsplash.com/photo-1574607774561-e645c79a2478?w=800&h=400&fit=crop""]","Archery range located in DIXON, CA.",DIXON,California
52066b07-153e-4db3-9b8e-b27ac71dfedf,York Road Archery Range,york-road-archery-range-oh,public,active,False,,,,,+14405268300,generalinfo@clevelandmetroparks.com,https://www.clevelandmetroparks.com/parks/visit/parks/brecksville-reservation/york-road-archery-range,,,,False,False,False,False,,,False,False,,,false,false,"[""state-range-photos/ohio/York Road Archery Range (North Royalton).jpg""]","Archery range located in North Royalton, OH.",North Royalton,Ohio
6b5930f2-af3b-4e77-8431-fbbf47d42ec1,Youth Shooting Sports Association,youth-shooting-sports-association-ia,hybrid,active,False,1298 44th St,52722,,,,stickellj@gmail.com,http://www.shootyssa.org,,,,False,False,False,False,,,False,False,,,false,false,"[""state-range-photos/iowa/Youth Shooting Sports Association (Bettendorf).jpg""]","USA Archery affiliated club. Programs: Junior Olympic Archery Development (JOAD), Adult Archery Program, 3D Archery",Bettendorf,Iowa
5bead3d9-1247-45a7-a07c-eb4a824eea00,Yuba Sutter Bowhunters,yuba-sutter-bowhunters-ca,volunteer_club,active,False,7997 Butte Ave.,95982,,,+15306823206,joan@hilbersinc.com,,,,,False,False,False,False,,,False,False,,,false,false,"[""state-range-photos/california/Yuba Sutter Bowhunters (Sutter).jpg""]","Archery range located in Sutter, CA.",Sutter,California
90d91699-b415-4d64-982d-d3f4283ae8d3,"Yuba Sutter Bowhunters - Sutter, CA",yuba-sutter-bowhunters-sutter-ca-ca,volunteer_club,active,False,770 N. Walton Avenue,95993,39.1340615,-121.6444419,+15306823206,joan@hilbersinc.com,,,,,False,False,False,False,,,False,False,,,false,false,"[""state-range-photos/california/Yuba Sutter Bowhunters - Sutter CA (YUBA CITY).jpg""]","Archery range located in YUBA CITY, CA.",YUBA CITY,California
ad3843ed-14df-425a-a407-4171930f9643,Yuba-Sutter Archery Assoc,yuba-sutter-archery-assoc-ca,hybrid,active,False,"1919 B. Street, MJUSD",95901,,,+15307496196,pbennett@mjusd.k12.ca.us,,,,,False,False,False,False,,,False,False,,,false,false,"[""state-range-photos/california/Yuba-Sutter Archery Assoc (Marysville).jpg""]","USA Archery affiliated club. Programs: Junior Olympic Archery Development (JOAD), Adult Archery Program",Marysville,California
b42550e2-e825-4120-872b-0b087a6dd200,"Yuba-Sutter Archery Association - Marysville, CA",yuba-sutter-archery-association-marysville-ca-ca,volunteer_club,active,False,1830 B Street,95901,39.1558707,-121.5886384,+15307496196,pbennett@mjusd.k12.ca.us,,,,,False,False,False,False,,,False,False,,,false,false,"[""state-range-photos/california/Yuba-Sutter Archery Association - Marysville CA (Marysville).jpg""]","Archery range located in MARYSVILLE, CA.",Marysville,California
5988ed09-32c3-4f19-aab9-e5f6191ad0b0,Zimmerman Archery,zimmerman-archery-mn,commercial,active,False,,55398,,,,,https://zimmermanarcheryclub.teamapp.com/,,,,False,False,False,False,,,False,False,,,false,false,"[""state-range-photos/minnesota/Zimmerman Archery (Zimmerman).webp""]",IBO pro shop (IBO directory).,Zimmerman,Minnesota
